stage,seed,episode,family,level,problem_seed,agent_seed,target_signature,terminal_regret,efficiency_error,best_score,success_at_threshold,reached_global_optimum,final_population_diversity,target_normalized_score
screening,300,0,FAMILY_A_DECEPTION_ONLY,A1,4002103,13003301,521f58f0c608a685,0.08281249999999996,0.20781249999999996,0.9171875,0,0,0.213768115942029,1.0
screening,300,0,FAMILY_A_DECEPTION_ONLY,A2,4002103,13003301,521f58f0c608a685,0.08281249999999996,0.20781249999999996,0.9171875,0,0,0.21274909420289856,1.0
screening,300,0,FAMILY_A_DECEPTION_ONLY,A3,4002103,13003301,521f58f0c608a685,0.050000000000000044,0.17500000000000004,0.95,0,0,0.20199275362318841,1.0
screening,300,0,FAMILY_A_DECEPTION_ONLY,A4,4002103,13003301,521f58f0c608a685,0.03749999999999998,0.16249999999999998,0.9625,0,0,0.21252264492753623,1.0
screening,300,0,FAMILY_B_INTERACTION_DENSITY_ONLY,B1,4002103,13003301,521f58f0c608a685,0.09687500000000004,0.22187500000000004,0.903125,0,0,0.22758152173913043,1.0
screening,300,0,FAMILY_B_INTERACTION_DENSITY_ONLY,B2,4002103,13003301,521f58f0c608a685,0.08079268292682917,0.20579268292682917,0.9192073170731708,0,0,0.18285778985507245,1.0
screening,300,0,FAMILY_B_INTERACTION_DENSITY_ONLY,B3,4002103,13003301,521f58f0c608a685,0.17500000000000004,0.30000000000000004,0.825,0,0,0.21976902173913043,1.0
screening,300,0,FAMILY_B_INTERACTION_DENSITY_ONLY,B4,4002103,13003301,521f58f0c608a685,0.11463414634146352,0.23963414634146352,0.8853658536585365,0,0,0.19904891304347827,1.0
screening,300,0,FAMILY_C_CONFLICTING_INTERACTIONS,C1,4002103,13003301,521f58f0c608a685,0.13545454545454538,0.2604545454545454,0.8645454545454546,0,0,0.22078804347826086,1.0
screening,300,0,FAMILY_C_CONFLICTING_INTERACTIONS,C2,4002103,13003301,521f58f0c608a685,0.08091603053435115,0.20591603053435115,0.9190839694656489,0,0,0.2190896739130435,1.0
screening,300,0,FAMILY_C_CONFLICTING_INTERACTIONS,C3,4002103,13003301,521f58f0c608a685,0.11856410256410255,0.24356410256410255,0.8814358974358975,0,0,0.2694746376811594,1.0
screening,300,0,FAMILY_C_CONFLICTING_INTERACTIONS,C4,4002103,13003301,521f58f0c608a685,0.0347286821705427,0.1597286821705427,0.9652713178294573,0,0,0.23550724637681159,1.0
screening,300,1,FAMILY_A_DECEPTION_ONLY,A1,4002204,13003512,018fc2f8f6449d4b,0.0,0.125,1.0,1,1,0.20040760869565216,1.0
screening,300,1,FAMILY_A_DECEPTION_ONLY,A2,4002204,13003512,018fc2f8f6449d4b,0.043749999999999956,0.16874999999999996,0.95625,0,0,0.20391757246376813,1.0
screening,300,1,FAMILY_A_DECEPTION_ONLY,A3,4002204,13003512,018fc2f8f6449d4b,0.12187499999999996,0.24687499999999996,0.878125,0,0,0.221580615942029,1.0
screening,300,1,FAMILY_A_DECEPTION_ONLY,A4,4002204,13003512,018fc2f8f6449d4b,0.12031249999999993,0.24531249999999993,0.8796875000000001,0,0,0.1905570652173913,1.0
screening,300,1,FAMILY_B_INTERACTION_DENSITY_ONLY,B1,4002204,13003512,018fc2f8f6449d4b,0.1050000000000001,0.2300000000000001,0.8949999999999999,0,0,0.19519927536231885,1.0
screening,300,1,FAMILY_B_INTERACTION_DENSITY_ONLY,B2,4002204,13003512,018fc2f8f6449d4b,0.07439024390243898,0.19939024390243898,0.925609756097561,0,0,0.17391304347826086,1.0
screening,300,1,FAMILY_B_INTERACTION_DENSITY_ONLY,B3,4002204,13003512,018fc2f8f6449d4b,0.16128048780487803,0.286280487804878,0.838719512195122,0,0,0.1796875,1.0
screening,300,1,FAMILY_B_INTERACTION_DENSITY_ONLY,B4,4002204,13003512,018fc2f8f6449d4b,0.13814363143631425,0.26314363143631425,0.8618563685636857,0,0,0.18138586956521738,1.0
screening,300,1,FAMILY_C_CONFLICTING_INTERACTIONS,C1,4002204,13003512,018fc2f8f6449d4b,0.11191919191919186,0.23691919191919186,0.8880808080808081,0,0,0.18636775362318841,1.0
screening,300,1,FAMILY_C_CONFLICTING_INTERACTIONS,C2,4002204,13003512,018fc2f8f6449d4b,0.13903307888040706,0.26403307888040706,0.8609669211195929,0,0,0.19712409420289856,1.0
screening,300,1,FAMILY_C_CONFLICTING_INTERACTIONS,C3,4002204,13003512,018fc2f8f6449d4b,0.07148717948717953,0.19648717948717953,0.9285128205128205,0,0,0.21557971014492755,1.0
screening,300,1,FAMILY_C_CONFLICTING_INTERACTIONS,C4,4002204,13003512,018fc2f8f6449d4b,0.07204134366925063,0.19704134366925063,0.9279586563307494,0,0,0.2212409420289855,1.0
screening,300,2,FAMILY_A_DECEPTION_ONLY,A1,4002305,13003723,f26935e207f992c2,0.06874999999999998,0.19374999999999998,0.93125,0,0,0.2210144927536232,1.0
screening,300,2,FAMILY_A_DECEPTION_ONLY,A2,4002305,13003723,f26935e207f992c2,0.12656250000000002,0.2515625,0.8734375,0,0,0.22090126811594202,1.0
screening,300,2,FAMILY_A_DECEPTION_ONLY,A3,4002305,13003723,f26935e207f992c2,0.025000000000000022,0.15000000000000002,0.975,0,0,0.22667572463768115,1.0
screening,300,2,FAMILY_A_DECEPTION_ONLY,A4,4002305,13003723,f26935e207f992c2,0.09531250000000002,0.22031250000000002,0.9046875,0,0,0.22192028985507245,1.0
screening,300,2,FAMILY_B_INTERACTION_DENSITY_ONLY,B1,4002305,13003723,f26935e207f992c2,0.03500000000000003,0.16000000000000003,0.965,0,0,0.22271286231884058,1.0
screening,300,2,FAMILY_B_INTERACTION_DENSITY_ONLY,B2,4002305,13003723,f26935e207f992c2,0.040243902439024315,0.16524390243902431,0.9597560975609757,0,0,0.25158514492753625,1.0
screening,300,2,FAMILY_B_INTERACTION_DENSITY_ONLY,B3,4002305,13003723,f26935e207f992c2,0.04390243902439017,0.16890243902439017,0.9560975609756098,0,0,0.23278985507246377,1.0
screening,300,2,FAMILY_B_INTERACTION_DENSITY_ONLY,B4,4002305,13003723,f26935e207f992c2,0.09722222222222221,0.2222222222222222,0.9027777777777778,0,0,0.22271286231884058,1.0
screening,300,2,FAMILY_C_CONFLICTING_INTERACTIONS,C1,4002305,13003723,f26935e207f992c2,0.09646464646464648,0.22146464646464648,0.9035353535353535,0,0,0.22271286231884058,1.0
screening,300,2,FAMILY_C_CONFLICTING_INTERACTIONS,C2,4002305,13003723,f26935e207f992c2,0.09720101781170487,0.22220101781170487,0.9027989821882951,0,0,0.22271286231884058,1.0
screening,300,2,FAMILY_C_CONFLICTING_INTERACTIONS,C3,4002305,13003723,f26935e207f992c2,0.08153846153846145,0.20653846153846145,0.9184615384615386,0,0,0.2416213768115942,1.0
screening,300,2,FAMILY_C_CONFLICTING_INTERACTIONS,C4,4002305,13003723,f26935e207f992c2,0.037312661498708044,0.16231266149870804,0.962687338501292,0,0,0.22271286231884058,1.0
screening,300,3,FAMILY_A_DECEPTION_ONLY,A1,4002406,13003934,874fe4db192251df,0.11093750000000002,0.23593750000000002,0.8890625,0,0,0.223731884057971,1.0
screening,300,3,FAMILY_A_DECEPTION_ONLY,A2,4002406,13003934,874fe4db192251df,0.08749999999999991,0.2124999999999999,0.9125000000000001,0,0,0.2242980072463768,1.0
screening,300,3,FAMILY_A_DECEPTION_ONLY,A3,4002406,13003934,874fe4db192251df,0.18281250000000004,0.30781250000000004,0.8171875,0,0,0.1933876811594203,1.0
screening,300,3,FAMILY_A_DECEPTION_ONLY,A4,4002406,13003934,874fe4db192251df,0.12031249999999993,0.24531249999999993,0.8796875000000001,0,0,0.18614130434782608,1.0
screening,300,3,FAMILY_B_INTERACTION_DENSITY_ONLY,B1,4002406,13003934,874fe4db192251df,0.11781249999999999,0.2428125,0.8821875,0,0,0.237205615942029,1.0
screening,300,3,FAMILY_B_INTERACTION_DENSITY_ONLY,B2,4002406,13003934,874fe4db192251df,0.15518292682926815,0.28018292682926815,0.8448170731707318,0,0,0.16734601449275363,1.0
screening,300,3,FAMILY_B_INTERACTION_DENSITY_ONLY,B3,4002406,13003934,874fe4db192251df,0.15884146341463412,0.2838414634146341,0.8411585365853659,0,0,0.16836503623188406,1.0
screening,300,3,FAMILY_B_INTERACTION_DENSITY_ONLY,B4,4002406,13003934,874fe4db192251df,0.15721544715447144,0.28221544715447144,0.8427845528455286,0,0,0.18410326086956522,1.0
screening,300,3,FAMILY_C_CONFLICTING_INTERACTIONS,C1,4002406,13003934,874fe4db192251df,0.16080808080808084,0.28580808080808084,0.8391919191919192,0,0,0.16836503623188406,1.0
screening,300,3,FAMILY_C_CONFLICTING_INTERACTIONS,C2,4002406,13003934,874fe4db192251df,0.07603053435114515,0.20103053435114515,0.9239694656488548,0,0,0.1905570652173913,1.0
screening,300,3,FAMILY_C_CONFLICTING_INTERACTIONS,C3,4002406,13003934,874fe4db192251df,0.07148717948717953,0.19648717948717953,0.9285128205128205,0,0,0.1905570652173913,1.0
screening,300,3,FAMILY_C_CONFLICTING_INTERACTIONS,C4,4002406,13003934,874fe4db192251df,0.10160206718346265,0.22660206718346265,0.8983979328165373,0,0,0.20108695652173914,1.0
screening,300,4,FAMILY_A_DECEPTION_ONLY,A1,4002507,13004145,f7e7588a34c79ea3,0.234375,0.359375,0.765625,0,0,0.22282608695652173,1.0
screening,300,4,FAMILY_A_DECEPTION_ONLY,A2,4002507,13004145,f7e7588a34c79ea3,0.08281249999999996,0.20781249999999996,0.9171875,0,0,0.21501358695652173,1.0
screening,300,4,FAMILY_A_DECEPTION_ONLY,A3,4002507,13004145,f7e7588a34c79ea3,0.15781250000000002,0.2828125,0.8421875,0,0,0.29087409420289856,1.0
screening,300,4,FAMILY_A_DECEPTION_ONLY,A4,4002507,13004145,f7e7588a34c79ea3,0.02499999999999991,0.1499999999999999,0.9750000000000001,0,0,0.213768115942029,1.0
screening,300,4,FAMILY_B_INTERACTION_DENSITY_ONLY,B1,4002507,13004145,f7e7588a34c79ea3,0.07000000000000006,0.19500000000000006,0.9299999999999999,0,0,0.19089673913043478,1.0
screening,300,4,FAMILY_B_INTERACTION_DENSITY_ONLY,B2,4002507,13004145,f7e7588a34c79ea3,0.03414634146341455,0.15914634146341455,0.9658536585365854,0,0,0.23607336956521738,1.0
screening,300,4,FAMILY_B_INTERACTION_DENSITY_ONLY,B3,4002507,13004145,f7e7588a34c79ea3,0.12713414634146336,0.25213414634146336,0.8728658536585366,0,0,0.24909420289855072,1.0
screening,300,4,FAMILY_B_INTERACTION_DENSITY_ONLY,B4,4002507,13004145,f7e7588a34c79ea3,0.14915311653116525,0.27415311653116525,0.8508468834688347,0,0,0.21739130434782608,1.0
screening,300,4,FAMILY_C_CONFLICTING_INTERACTIONS,C1,4002507,13004145,f7e7588a34c79ea3,0.1744444444444445,0.2994444444444445,0.8255555555555555,0,0,0.21739130434782608,1.0
screening,300,4,FAMILY_C_CONFLICTING_INTERACTIONS,C2,4002507,13004145,f7e7588a34c79ea3,0.07603053435114515,0.20103053435114515,0.9239694656488548,0,0,0.21988224637681159,1.0
screening,300,4,FAMILY_C_CONFLICTING_INTERACTIONS,C3,4002507,13004145,f7e7588a34c79ea3,0.12984615384615383,0.25484615384615383,0.8701538461538462,0,0,0.23958333333333334,1.0
screening,300,4,FAMILY_C_CONFLICTING_INTERACTIONS,C4,4002507,13004145,f7e7588a34c79ea3,0.08217054263565882,0.20717054263565882,0.9178294573643412,0,0,0.21637228260869565,1.0
screening,300,5,FAMILY_A_DECEPTION_ONLY,A1,4002608,13004356,4f5f5ea14934e2ad,0.06874999999999998,0.19374999999999998,0.93125,0,0,0.17855525362318841,1.0
screening,300,5,FAMILY_A_DECEPTION_ONLY,A2,4002608,13004356,4f5f5ea14934e2ad,0.0,0.125,1.0,1,1,0.18591485507246377,1.0
screening,300,5,FAMILY_A_DECEPTION_ONLY,A3,4002608,13004356,4f5f5ea14934e2ad,0.0,0.125,1.0,1,1,0.17402626811594202,1.0
screening,300,5,FAMILY_A_DECEPTION_ONLY,A4,4002608,13004356,4f5f5ea14934e2ad,0.012499999999999956,0.13749999999999996,0.9875,0,0,0.17402626811594202,1.0
screening,300,5,FAMILY_B_INTERACTION_DENSITY_ONLY,B1,4002608,13004356,4f5f5ea14934e2ad,0.0,0.125,1.0,1,1,0.18738677536231885,1.0
screening,300,5,FAMILY_B_INTERACTION_DENSITY_ONLY,B2,4002608,13004356,4f5f5ea14934e2ad,0.040243902439024315,0.16524390243902431,0.9597560975609757,0,0,0.17855525362318841,1.0
screening,300,5,FAMILY_B_INTERACTION_DENSITY_ONLY,B3,4002608,13004356,4f5f5ea14934e2ad,0.04146341463414638,0.16646341463414638,0.9585365853658536,0,0,0.1794610507246377,1.0
screening,300,5,FAMILY_B_INTERACTION_DENSITY_ONLY,B4,4002608,13004356,4f5f5ea14934e2ad,0.04092140921409204,0.16592140921409204,0.959078590785908,0,0,0.1794610507246377,1.0
screening,300,5,FAMILY_C_CONFLICTING_INTERACTIONS,C1,4002608,13004356,4f5f5ea14934e2ad,0.04404040404040399,0.169040404040404,0.955959595959596,0,0,0.1794610507246377,1.0
screening,300,5,FAMILY_C_CONFLICTING_INTERACTIONS,C2,4002608,13004356,4f5f5ea14934e2ad,0.04437659033078878,0.16937659033078878,0.9556234096692112,0,0,0.1794610507246377,1.0
screening,300,5,FAMILY_C_CONFLICTING_INTERACTIONS,C3,4002608,13004356,4f5f5ea14934e2ad,0.03958974358974365,0.16458974358974365,0.9604102564102563,0,0,0.1794610507246377,1.0
screening,300,5,FAMILY_C_CONFLICTING_INTERACTIONS,C4,4002608,13004356,4f5f5ea14934e2ad,0.0347286821705427,0.1597286821705427,0.9652713178294573,0,0,0.1869338768115942,1.0
screening,300,6,FAMILY_A_DECEPTION_ONLY,A1,4002709,13004567,749f13bc0fd96e6d,0.15156249999999993,0.27656249999999993,0.8484375000000001,0,0,0.22339221014492755,1.0
screening,300,6,FAMILY_A_DECEPTION_ONLY,A2,4002709,13004567,749f13bc0fd96e6d,0.1265624999999999,0.2515624999999999,0.8734375000000001,0,0,0.21490036231884058,1.0
screening,300,6,FAMILY_A_DECEPTION_ONLY,A3,4002709,13004567,749f13bc0fd96e6d,0.1328125,0.2578125,0.8671875,0,0,0.25554800724637683,1.0
screening,300,6,FAMILY_A_DECEPTION_ONLY,A4,4002709,13004567,749f13bc0fd96e6d,0.025000000000000022,0.15000000000000002,0.975,0,0,0.21546648550724637,1.0
screening,300,6,FAMILY_B_INTERACTION_DENSITY_ONLY,B1,4002709,13004567,749f13bc0fd96e6d,0.03500000000000003,0.16000000000000003,0.965,0,0,0.18738677536231885,1.0
screening,300,6,FAMILY_B_INTERACTION_DENSITY_ONLY,B2,4002709,13004567,749f13bc0fd96e6d,0.14695121951219514,0.27195121951219514,0.8530487804878049,0,0,0.2463768115942029,1.0
screening,300,6,FAMILY_B_INTERACTION_DENSITY_ONLY,B3,4002709,13004567,749f13bc0fd96e6d,0.13841463414634136,0.26341463414634136,0.8615853658536586,0,0,0.2561141304347826,1.0
screening,300,6,FAMILY_B_INTERACTION_DENSITY_ONLY,B4,4002709,13004567,749f13bc0fd96e6d,0.04092140921409204,0.16592140921409204,0.959078590785908,0,0,0.2034646739130435,1.0
screening,300,6,FAMILY_C_CONFLICTING_INTERACTIONS,C1,4002709,13004567,749f13bc0fd96e6d,0.16939393939393943,0.29439393939393943,0.8306060606060606,0,0,0.2496603260869565,1.0
screening,300,6,FAMILY_C_CONFLICTING_INTERACTIONS,C2,4002709,13004567,749f13bc0fd96e6d,0.1339440203562341,0.2589440203562341,0.8660559796437659,0,0,0.2168251811594203,1.0
screening,300,6,FAMILY_C_CONFLICTING_INTERACTIONS,C3,4002709,13004567,749f13bc0fd96e6d,0.11856410256410255,0.24356410256410255,0.8814358974358975,0,0,0.18931159420289856,1.0
screening,300,6,FAMILY_C_CONFLICTING_INTERACTIONS,C4,4002709,13004567,749f13bc0fd96e6d,0.11689922480620152,0.24189922480620152,0.8831007751937985,0,0,0.18931159420289856,1.0
screening,300,7,FAMILY_A_DECEPTION_ONLY,A1,4002810,13004778,17fb8477fac2eba4,0.20624999999999993,0.33124999999999993,0.7937500000000001,0,0,0.23607336956521738,1.0
screening,300,7,FAMILY_A_DECEPTION_ONLY,A2,4002810,13004778,17fb8477fac2eba4,0.09687500000000004,0.22187500000000004,0.903125,0,0,0.20221920289855072,1.0
screening,300,7,FAMILY_A_DECEPTION_ONLY,A3,4002810,13004778,17fb8477fac2eba4,0.0,0.125,1.0,1,1,0.18048007246376813,1.0
screening,300,7,FAMILY_A_DECEPTION_ONLY,A4,4002810,13004778,17fb8477fac2eba4,0.03749999999999998,0.16249999999999998,0.9625,0,0,0.23833786231884058,1.0
screening,300,7,FAMILY_B_INTERACTION_DENSITY_ONLY,B1,4002810,13004778,17fb8477fac2eba4,0.0,0.125,1.0,1,1,0.18048007246376813,1.0
screening,300,7,FAMILY_B_INTERACTION_DENSITY_ONLY,B2,4002810,13004778,17fb8477fac2eba4,0.08079268292682917,0.20579268292682917,0.9192073170731708,0,0,0.18014039855072464,1.0
screening,300,7,FAMILY_B_INTERACTION_DENSITY_ONLY,B3,4002810,13004778,17fb8477fac2eba4,0.08079268292682917,0.20579268292682917,0.9192073170731708,0,0,0.17074275362318841,1.0
screening,300,7,FAMILY_B_INTERACTION_DENSITY_ONLY,B4,4002810,13004778,17fb8477fac2eba4,0.08079268292682917,0.20579268292682917,0.9192073170731708,0,0,0.20742753623188406,1.0
screening,300,7,FAMILY_C_CONFLICTING_INTERACTIONS,C1,4002810,13004778,17fb8477fac2eba4,0.08030303030303021,0.2053030303030302,0.9196969696969698,0,0,0.19259510869565216,1.0
screening,300,7,FAMILY_C_CONFLICTING_INTERACTIONS,C2,4002810,13004778,17fb8477fac2eba4,0.0,0.125,1.0,1,1,0.18229166666666666,1.0
screening,300,7,FAMILY_C_CONFLICTING_INTERACTIONS,C3,4002810,13004778,17fb8477fac2eba4,0.03702564102564099,0.162025641025641,0.962974358974359,0,0,0.17787590579710144,1.0
screening,300,7,FAMILY_C_CONFLICTING_INTERACTIONS,C4,4002810,13004778,17fb8477fac2eba4,0.0,0.125,1.0,1,1,0.20199275362318841,1.0
screening,300,8,FAMILY_A_DECEPTION_ONLY,A1,4002911,13004989,b721d071f9517d71,0.16562500000000002,0.290625,0.834375,0,0,0.1819519927536232,1.0
screening,300,8,FAMILY_A_DECEPTION_ONLY,A2,4002911,13004989,b721d071f9517d71,0.1265624999999999,0.2515624999999999,0.8734375000000001,0,0,0.1852355072463768,1.0
screening,300,8,FAMILY_A_DECEPTION_ONLY,A3,4002911,13004989,b721d071f9517d71,0.10000000000000009,0.2250000000000001,0.8999999999999999,0,0,0.19961503623188406,1.0
screening,300,8,FAMILY_A_DECEPTION_ONLY,A4,4002911,13004989,b721d071f9517d71,0.050000000000000044,0.17500000000000004,0.95,0,0,0.20221920289855072,1.0
screening,300,8,FAMILY_B_INTERACTION_DENSITY_ONLY,B1,4002911,13004989,b721d071f9517d71,0.11093750000000002,0.23593750000000002,0.8890625,0,0,0.1800271739130435,1.0
screening,300,8,FAMILY_B_INTERACTION_DENSITY_ONLY,B2,4002911,13004989,b721d071f9517d71,0.040243902439024315,0.16524390243902431,0.9597560975609757,0,0,0.1958786231884058,1.0
screening,300,8,FAMILY_B_INTERACTION_DENSITY_ONLY,B3,4002911,13004989,b721d071f9517d71,0.04146341463414638,0.16646341463414638,0.9585365853658536,0,0,0.18546195652173914,1.0
screening,300,8,FAMILY_B_INTERACTION_DENSITY_ONLY,B4,4002911,13004989,b721d071f9517d71,0.15450542005420043,0.2795054200542004,0.8454945799457996,0,0,0.20471014492753623,1.0
screening,300,8,FAMILY_C_CONFLICTING_INTERACTIONS,C1,4002911,13004989,b721d071f9517d71,0.08030303030303021,0.2053030303030302,0.9196969696969698,0,0,0.19769021739130435,1.0
screening,300,8,FAMILY_C_CONFLICTING_INTERACTIONS,C2,4002911,13004989,b721d071f9517d71,0.12020356234096696,0.24520356234096696,0.879796437659033,0,0,0.20527626811594202,1.0
screening,300,8,FAMILY_C_CONFLICTING_INTERACTIONS,C3,4002911,13004989,b721d071f9517d71,0.11856410256410255,0.24356410256410255,0.8814358974358975,0,0,0.20527626811594202,1.0
screening,300,8,FAMILY_C_CONFLICTING_INTERACTIONS,C4,4002911,13004989,b721d071f9517d71,0.110077519379845,0.235077519379845,0.889922480620155,0,0,0.19429347826086957,1.0
screening,300,9,FAMILY_A_DECEPTION_ONLY,A1,4003012,13005200,76b5ab0bb6375a8a,0.08281249999999996,0.20781249999999996,0.9171875,0,0,0.2078804347826087,1.0
screening,300,9,FAMILY_A_DECEPTION_ONLY,A2,4003012,13005200,76b5ab0bb6375a8a,0.17500000000000004,0.30000000000000004,0.825,0,0,0.21490036231884058,1.0
screening,300,9,FAMILY_A_DECEPTION_ONLY,A3,4003012,13005200,76b5ab0bb6375a8a,0.10000000000000009,0.2250000000000001,0.8999999999999999,0,0,0.18081974637681159,1.0
screening,300,9,FAMILY_A_DECEPTION_ONLY,A4,4003012,13005200,76b5ab0bb6375a8a,0.1328124999999999,0.2578124999999999,0.8671875000000001,0,0,0.18614130434782608,1.0
screening,300,9,FAMILY_B_INTERACTION_DENSITY_ONLY,B1,4003012,13005200,76b5ab0bb6375a8a,0.13187500000000008,0.2568750000000001,0.8681249999999999,0,0,0.2307518115942029,1.0
screening,300,9,FAMILY_B_INTERACTION_DENSITY_ONLY,B2,4003012,13005200,76b5ab0bb6375a8a,0.14085365853658538,0.2658536585365854,0.8591463414634146,0,0,0.20652173913043478,1.0
screening,300,9,FAMILY_B_INTERACTION_DENSITY_ONLY,B3,4003012,13005200,76b5ab0bb6375a8a,0.11463414634146352,0.23963414634146352,0.8853658536585365,0,0,0.20437047101449277,1.0
screening,300,9,FAMILY_B_INTERACTION_DENSITY_ONLY,B4,4003012,13005200,76b5ab0bb6375a8a,0.038211382113821024,0.16321138211382102,0.961788617886179,0,0,0.22248641304347827,1.0
screening,300,9,FAMILY_C_CONFLICTING_INTERACTIONS,C1,4003012,13005200,76b5ab0bb6375a8a,0.15595959595959608,0.2809595959595961,0.8440404040404039,0,0,0.2269021739130435,1.0
screening,300,9,FAMILY_C_CONFLICTING_INTERACTIONS,C2,4003012,13005200,76b5ab0bb6375a8a,0.11277353689567438,0.23777353689567438,0.8872264631043256,0,0,0.2189764492753623,1.0
screening,300,9,FAMILY_C_CONFLICTING_INTERACTIONS,C3,4003012,13005200,76b5ab0bb6375a8a,0.1581538461538462,0.2831538461538462,0.8418461538461538,0,0,0.20108695652173914,1.0
screening,300,9,FAMILY_C_CONFLICTING_INTERACTIONS,C4,4003012,13005200,76b5ab0bb6375a8a,0.19514211886304922,0.3201421188630492,0.8048578811369508,0,0,0.21195652173913043,1.0
screening,300,10,FAMILY_A_DECEPTION_ONLY,A1,4003113,13005411,0cdd4b4958f5c352,0.06874999999999998,0.19374999999999998,0.93125,0,0,0.20969202898550723,1.0
screening,300,10,FAMILY_A_DECEPTION_ONLY,A2,4003113,13005411,0cdd4b4958f5c352,0.12656250000000002,0.2515625,0.8734375,0,0,0.1871603260869565,1.0
screening,300,10,FAMILY_A_DECEPTION_ONLY,A3,4003113,13005411,0cdd4b4958f5c352,0.025000000000000022,0.15000000000000002,0.975,0,0,0.20018115942028986,1.0
screening,300,10,FAMILY_A_DECEPTION_ONLY,A4,4003113,13005411,0cdd4b4958f5c352,0.012499999999999956,0.13749999999999996,0.9875,0,0,0.20459692028985507,1.0
screening,300,10,FAMILY_B_INTERACTION_DENSITY_ONLY,B1,4003113,13005411,0cdd4b4958f5c352,0.03500000000000003,0.16000000000000003,0.965,0,0,0.2050498188405797,1.0
screening,300,10,FAMILY_B_INTERACTION_DENSITY_ONLY,B2,4003113,13005411,0cdd4b4958f5c352,0.12103658536585349,0.2460365853658535,0.8789634146341465,0,0,0.19972826086956522,1.0
screening,300,10,FAMILY_B_INTERACTION_DENSITY_ONLY,B3,4003113,13005411,0cdd4b4958f5c352,0.03902439024390236,0.16402439024390236,0.9609756097560976,0,0,0.20391757246376813,1.0
screening,300,10,FAMILY_B_INTERACTION_DENSITY_ONLY,B4,4003113,13005411,0cdd4b4958f5c352,0.03685636856368557,0.16185636856368557,0.9631436314363144,0,0,0.2056159420289855,1.0
screening,300,10,FAMILY_C_CONFLICTING_INTERACTIONS,C1,4003113,13005411,0cdd4b4958f5c352,0.03898989898989902,0.16398989898989902,0.961010101010101,0,0,0.2056159420289855,1.0
screening,300,10,FAMILY_C_CONFLICTING_INTERACTIONS,C2,4003113,13005411,0cdd4b4958f5c352,0.12020356234096696,0.24520356234096696,0.879796437659033,0,0,0.1871603260869565,1.0
screening,300,10,FAMILY_C_CONFLICTING_INTERACTIONS,C3,4003113,13005411,0cdd4b4958f5c352,0.03702564102564099,0.162025641025641,0.962974358974359,0,0,0.2056159420289855,1.0
screening,300,10,FAMILY_C_CONFLICTING_INTERACTIONS,C4,4003113,13005411,0cdd4b4958f5c352,0.0347286821705427,0.1597286821705427,0.9652713178294573,0,0,0.2050498188405797,1.0
screening,300,11,FAMILY_A_DECEPTION_ONLY,A1,4003214,13005622,7faefce09f1e4aa4,0.08281249999999996,0.20781249999999996,0.9171875,0,0,0.2523777173913043,1.0
screening,300,11,FAMILY_A_DECEPTION_ONLY,A2,4003214,13005622,7faefce09f1e4aa4,0.08281249999999996,0.20781249999999996,0.9171875,0,0,0.2265625,1.0
screening,300,11,FAMILY_A_DECEPTION_ONLY,A3,4003214,13005622,7faefce09f1e4aa4,0.050000000000000044,0.17500000000000004,0.95,0,0,0.21671195652173914,1.0
screening,300,11,FAMILY_A_DECEPTION_ONLY,A4,4003214,13005622,7faefce09f1e4aa4,0.12031249999999993,0.24531249999999993,0.8796875000000001,0,0,0.2073143115942029,1.0
screening,300,11,FAMILY_B_INTERACTION_DENSITY_ONLY,B1,4003214,13005622,7faefce09f1e4aa4,0.03500000000000003,0.16000000000000003,0.965,0,0,0.21297554347826086,1.0
screening,300,11,FAMILY_B_INTERACTION_DENSITY_ONLY,B2,4003214,13005622,7faefce09f1e4aa4,0.15518292682926815,0.28018292682926815,0.8448170731707318,0,0,0.19961503623188406,1.0
screening,300,11,FAMILY_B_INTERACTION_DENSITY_ONLY,B3,4003214,13005622,7faefce09f1e4aa4,0.08079268292682917,0.20579268292682917,0.9192073170731708,0,0,0.23596014492753623,1.0
screening,300,11,FAMILY_B_INTERACTION_DENSITY_ONLY,B4,4003214,13005622,7faefce09f1e4aa4,0.2064363143631437,0.3314363143631437,0.7935636856368563,0,0,0.2379981884057971,1.0
screening,300,11,FAMILY_C_CONFLICTING_INTERACTIONS,C1,4003214,13005622,7faefce09f1e4aa4,0.03646464646464642,0.16146464646464642,0.9635353535353536,0,0,0.23777173913043478,1.0
screening,300,11,FAMILY_C_CONFLICTING_INTERACTIONS,C2,4003214,13005622,7faefce09f1e4aa4,0.036743002544529224,0.16174300254452922,0.9632569974554708,0,0,0.23777173913043478,1.0
screening,300,11,FAMILY_C_CONFLICTING_INTERACTIONS,C3,4003214,13005622,7faefce09f1e4aa4,0.13784615384615384,0.26284615384615384,0.8621538461538462,0,0,0.23335597826086957,1.0
screening,300,11,FAMILY_C_CONFLICTING_INTERACTIONS,C4,4003214,13005622,7faefce09f1e4aa4,0.18894056847545215,0.31394056847545215,0.8110594315245478,0,0,0.22169384057971014,1.0
screening,300,12,FAMILY_A_DECEPTION_ONLY,A1,4003315,13005833,40cd98b2e2238652,0.06874999999999998,0.19374999999999998,0.93125,0,0,0.2084465579710145,1.0
screening,300,12,FAMILY_A_DECEPTION_ONLY,A2,4003315,13005833,40cd98b2e2238652,0.043749999999999956,0.16874999999999996,0.95625,0,0,0.2084465579710145,1.0
screening,300,12,FAMILY_A_DECEPTION_ONLY,A3,4003315,13005833,40cd98b2e2238652,0.050000000000000044,0.17500000000000004,0.95,0,0,0.1800271739130435,1.0
screening,300,12,FAMILY_A_DECEPTION_ONLY,A4,4003315,13005833,40cd98b2e2238652,0.03749999999999987,0.16249999999999987,0.9625000000000001,0,0,0.18908514492753623,1.0
screening,300,12,FAMILY_B_INTERACTION_DENSITY_ONLY,B1,4003315,13005833,40cd98b2e2238652,0.07000000000000006,0.19500000000000006,0.9299999999999999,0,0,0.1819519927536232,1.0
screening,300,12,FAMILY_B_INTERACTION_DENSITY_ONLY,B2,4003315,13005833,40cd98b2e2238652,0.06829268292682922,0.19329268292682922,0.9317073170731708,0,0,0.20878623188405798,1.0
screening,300,12,FAMILY_B_INTERACTION_DENSITY_ONLY,B3,4003315,13005833,40cd98b2e2238652,0.03902439024390236,0.16402439024390236,0.9609756097560976,0,0,0.20380434782608695,1.0
screening,300,12,FAMILY_B_INTERACTION_DENSITY_ONLY,B4,4003315,13005833,40cd98b2e2238652,0.03956639566395659,0.1645663956639566,0.9604336043360434,0,0,0.20720108695652173,1.0
screening,300,12,FAMILY_C_CONFLICTING_INTERACTIONS,C1,4003315,13005833,40cd98b2e2238652,0.08303030303030312,0.20803030303030312,0.9169696969696969,0,0,0.1793478260869565,1.0
screening,300,12,FAMILY_C_CONFLICTING_INTERACTIONS,C2,4003315,13005833,40cd98b2e2238652,0.13903307888040717,0.26403307888040717,0.8609669211195928,0,0,0.22192028985507245,1.0
screening,300,12,FAMILY_C_CONFLICTING_INTERACTIONS,C3,4003315,13005833,40cd98b2e2238652,0.13497435897435905,0.25997435897435905,0.865025641025641,0,0,0.22192028985507245,1.0
screening,300,12,FAMILY_C_CONFLICTING_INTERACTIONS,C4,4003315,13005833,40cd98b2e2238652,0.1360206718346254,0.2610206718346254,0.8639793281653746,0,0,0.22192028985507245,1.0
screening,300,13,FAMILY_A_DECEPTION_ONLY,A1,4003416,13006044,3a0c5d614b1e84f3,0.08281249999999996,0.20781249999999996,0.9171875,0,0,0.1821784420289855,1.0
screening,300,13,FAMILY_A_DECEPTION_ONLY,A2,4003416,13006044,3a0c5d614b1e84f3,0.0,0.125,1.0,1,1,0.1737998188405797,1.0
screening,300,13,FAMILY_A_DECEPTION_ONLY,A3,4003416,13006044,3a0c5d614b1e84f3,0.0,0.125,1.0,1,1,0.1737998188405797,1.0
screening,300,13,FAMILY_A_DECEPTION_ONLY,A4,4003416,13006044,3a0c5d614b1e84f3,0.08281249999999996,0.20781249999999996,0.9171875,0,0,0.1821784420289855,1.0
screening,300,13,FAMILY_B_INTERACTION_DENSITY_ONLY,B1,4003416,13006044,3a0c5d614b1e84f3,0.08281249999999996,0.20781249999999996,0.9171875,0,0,0.1821784420289855,1.0
screening,300,13,FAMILY_B_INTERACTION_DENSITY_ONLY,B2,4003416,13006044,3a0c5d614b1e84f3,0.04634146341463419,0.1713414634146342,0.9536585365853658,0,0,0.15772192028985507,1.0
screening,300,13,FAMILY_B_INTERACTION_DENSITY_ONLY,B3,4003416,13006044,3a0c5d614b1e84f3,0.099390243902439,0.224390243902439,0.900609756097561,0,0,0.1640625,1.0
screening,300,13,FAMILY_B_INTERACTION_DENSITY_ONLY,B4,4003416,13006044,3a0c5d614b1e84f3,0.03685636856368557,0.16185636856368557,0.9631436314363144,0,0,0.15104166666666666,1.0
screening,300,13,FAMILY_C_CONFLICTING_INTERACTIONS,C1,4003416,13006044,3a0c5d614b1e84f3,0.0828282828282827,0.2078282828282827,0.9171717171717173,0,0,0.1640625,1.0
screening,300,13,FAMILY_C_CONFLICTING_INTERACTIONS,C2,4003416,13006044,3a0c5d614b1e84f3,0.0,0.125,1.0,1,1,0.1799139492753623,1.0
screening,300,13,FAMILY_C_CONFLICTING_INTERACTIONS,C3,4003416,13006044,3a0c5d614b1e84f3,0.0,0.125,1.0,1,1,0.18840579710144928,1.0
screening,300,13,FAMILY_C_CONFLICTING_INTERACTIONS,C4,4003416,13006044,3a0c5d614b1e84f3,0.03214470284237736,0.15714470284237736,0.9678552971576226,0,0,0.15104166666666666,1.0
screening,300,14,FAMILY_A_DECEPTION_ONLY,A1,4003517,13006255,105431c162c0559d,0.0,0.125,1.0,1,1,0.1875,1.0
screening,300,14,FAMILY_A_DECEPTION_ONLY,A2,4003517,13006255,105431c162c0559d,0.043749999999999956,0.16874999999999996,0.95625,0,0,0.17832880434782608,1.0
screening,300,14,FAMILY_A_DECEPTION_ONLY,A3,4003517,13006255,105431c162c0559d,0.10781249999999998,0.23281249999999998,0.8921875,0,0,0.16394927536231885,1.0
screening,300,14,FAMILY_A_DECEPTION_ONLY,A4,4003517,13006255,105431c162c0559d,0.03749999999999998,0.16249999999999998,0.9625,0,0,0.1933876811594203,1.0
screening,300,14,FAMILY_B_INTERACTION_DENSITY_ONLY,B1,4003517,13006255,105431c162c0559d,0.15281250000000002,0.2778125,0.8471875,0,0,0.2034646739130435,1.0
screening,300,14,FAMILY_B_INTERACTION_DENSITY_ONLY,B2,4003517,13006255,105431c162c0559d,0.11493902439024384,0.23993902439024384,0.8850609756097562,0,0,0.18308423913043478,1.0
screening,300,14,FAMILY_B_INTERACTION_DENSITY_ONLY,B3,4003517,13006255,105431c162c0559d,0.08079268292682917,0.20579268292682917,0.9192073170731708,0,0,0.1821784420289855,1.0
screening,300,14,FAMILY_B_INTERACTION_DENSITY_ONLY,B4,4003517,13006255,105431c162c0559d,0.038211382113821024,0.16321138211382102,0.961788617886179,0,0,0.1699501811594203,1.0
screening,300,14,FAMILY_C_CONFLICTING_INTERACTIONS,C1,4003517,13006255,105431c162c0559d,0.03898989898989902,0.16398989898989902,0.961010101010101,0,0,0.1699501811594203,1.0
screening,300,14,FAMILY_C_CONFLICTING_INTERACTIONS,C2,4003517,13006255,105431c162c0559d,0.08091603053435115,0.20591603053435115,0.9190839694656489,0,0,0.18410326086956522,1.0
screening,300,14,FAMILY_C_CONFLICTING_INTERACTIONS,C3,4003517,13006255,105431c162c0559d,0.07148717948717953,0.19648717948717953,0.9285128205128205,0,0,0.18183876811594202,1.0
screening,300,14,FAMILY_C_CONFLICTING_INTERACTIONS,C4,4003517,13006255,105431c162c0559d,0.15162790697674422,0.2766279069767442,0.8483720930232558,0,0,0.20822010869565216,1.0
screening,300,15,FAMILY_A_DECEPTION_ONLY,A1,4003618,13006466,6c098a1587bbf21f,0.0,0.125,1.0,1,1,0.21557971014492755,1.0
screening,300,15,FAMILY_A_DECEPTION_ONLY,A2,4003618,13006466,6c098a1587bbf21f,0.08281249999999996,0.20781249999999996,0.9171875,0,0,0.22259963768115942,1.0
screening,300,15,FAMILY_A_DECEPTION_ONLY,A3,4003618,13006466,6c098a1587bbf21f,0.10781249999999998,0.23281249999999998,0.8921875,0,0,0.1989356884057971,1.0
screening,300,15,FAMILY_A_DECEPTION_ONLY,A4,4003618,13006466,6c098a1587bbf21f,0.09531249999999991,0.2203124999999999,0.9046875000000001,0,0,0.18874547101449277,1.0
screening,300,15,FAMILY_B_INTERACTION_DENSITY_ONLY,B1,4003618,13006466,6c098a1587bbf21f,0.11093750000000002,0.23593750000000002,0.8890625,0,0,0.22565670289855072,1.0
screening,300,15,FAMILY_B_INTERACTION_DENSITY_ONLY,B2,4003618,13006466,6c098a1587bbf21f,0.07439024390243898,0.19939024390243898,0.925609756097561,0,0,0.23007246376811594,1.0
screening,300,15,FAMILY_B_INTERACTION_DENSITY_ONLY,B3,4003618,13006466,6c098a1587bbf21f,0.07804878048780484,0.20304878048780484,0.9219512195121952,0,0,0.19712409420289856,1.0
screening,300,15,FAMILY_B_INTERACTION_DENSITY_ONLY,B4,4003618,13006466,6c098a1587bbf21f,0.07913279132791329,0.2041327913279133,0.9208672086720867,0,0,0.23528079710144928,1.0
screening,300,15,FAMILY_C_CONFLICTING_INTERACTIONS,C1,4003618,13006466,6c098a1587bbf21f,0.07797979797979804,0.20297979797979804,0.922020202020202,0,0,0.23301630434782608,1.0
screening,300,15,FAMILY_C_CONFLICTING_INTERACTIONS,C2,4003618,13006466,6c098a1587bbf21f,0.07603053435114515,0.20103053435114515,0.9239694656488548,0,0,0.23301630434782608,1.0
screening,300,15,FAMILY_C_CONFLICTING_INTERACTIONS,C3,4003618,13006466,6c098a1587bbf21f,0.03958974358974365,0.16458974358974365,0.9604102564102563,0,0,0.21524003623188406,1.0
screening,300,15,FAMILY_C_CONFLICTING_INTERACTIONS,C4,4003618,13006466,6c098a1587bbf21f,0.11689922480620152,0.24189922480620152,0.8831007751937985,0,0,0.17730978260869565,1.0
screening,301,0,FAMILY_A_DECEPTION_ONLY,A1,4012110,13023312,06b8c8fe4fe18c88,0.1656249999999999,0.2906249999999999,0.8343750000000001,0,0,0.20380434782608695,1.0
screening,301,0,FAMILY_A_DECEPTION_ONLY,A2,4012110,13023312,06b8c8fe4fe18c88,0.0,0.125,1.0,1,1,0.2006340579710145,1.0
screening,301,0,FAMILY_A_DECEPTION_ONLY,A3,4012110,13023312,06b8c8fe4fe18c88,0.1328125,0.2578125,0.8671875,0,0,0.19429347826086957,1.0
screening,301,0,FAMILY_A_DECEPTION_ONLY,A4,4012110,13023312,06b8c8fe4fe18c88,0.03749999999999998,0.16249999999999998,0.9625,0,0,0.1665534420289855,1.0
screening,301,0,FAMILY_B_INTERACTION_DENSITY_ONLY,B1,4012110,13023312,06b8c8fe4fe18c88,0.1050000000000001,0.2300000000000001,0.8949999999999999,0,0,0.19961503623188406,1.0
screening,301,0,FAMILY_B_INTERACTION_DENSITY_ONLY,B2,4012110,13023312,06b8c8fe4fe18c88,0.18871951219512195,0.31371951219512195,0.811280487804878,0,0,0.20244565217391305,1.0
screening,301,0,FAMILY_B_INTERACTION_DENSITY_ONLY,B3,4012110,13023312,06b8c8fe4fe18c88,0.11951219512195133,0.24451219512195133,0.8804878048780487,0,0,0.2086730072463768,1.0
screening,301,0,FAMILY_B_INTERACTION_DENSITY_ONLY,B4,4012110,13023312,06b8c8fe4fe18c88,0.07642276422764216,0.20142276422764216,0.9235772357723578,0,0,0.20244565217391305,1.0
screening,301,0,FAMILY_C_CONFLICTING_INTERACTIONS,C1,4012110,13023312,06b8c8fe4fe18c88,0.07797979797979804,0.20297979797979804,0.922020202020202,0,0,0.2105978260869565,1.0
screening,301,0,FAMILY_C_CONFLICTING_INTERACTIONS,C2,4012110,13023312,06b8c8fe4fe18c88,0.03419847328244274,0.15919847328244274,0.9658015267175573,0,0,0.22486413043478262,1.0
screening,301,0,FAMILY_C_CONFLICTING_INTERACTIONS,C3,4012110,13023312,06b8c8fe4fe18c88,0.11856410256410255,0.24356410256410255,0.8814358974358975,0,0,0.17323369565217392,1.0
screening,301,0,FAMILY_C_CONFLICTING_INTERACTIONS,C4,4012110,13023312,06b8c8fe4fe18c88,0.0990180878552972,0.2240180878552972,0.9009819121447028,0,0,0.19463315217391305,1.0
screening,301,1,FAMILY_A_DECEPTION_ONLY,A1,4012211,13023523,afe0c57fa9dfde21,0.15156250000000004,0.27656250000000004,0.8484375,0,0,0.21501358695652173,1.0
screening,301,1,FAMILY_A_DECEPTION_ONLY,A2,4012211,13023523,afe0c57fa9dfde21,0.12656250000000002,0.2515625,0.8734375,0,0,0.20923913043478262,1.0
screening,301,1,FAMILY_A_DECEPTION_ONLY,A3,4012211,13023523,afe0c57fa9dfde21,0.18281249999999993,0.30781249999999993,0.8171875000000001,0,0,0.19927536231884058,1.0
screening,301,1,FAMILY_A_DECEPTION_ONLY,A4,4012211,13023523,afe0c57fa9dfde21,0.050000000000000044,0.17500000000000004,0.95,0,0,0.18648097826086957,1.0
screening,301,1,FAMILY_B_INTERACTION_DENSITY_ONLY,B1,4012211,13023523,afe0c57fa9dfde21,0.08281249999999996,0.20781249999999996,0.9171875,0,0,0.23550724637681159,1.0
screening,301,1,FAMILY_B_INTERACTION_DENSITY_ONLY,B2,4012211,13023523,afe0c57fa9dfde21,0.14085365853658538,0.2658536585365854,0.8591463414634146,0,0,0.24388586956521738,1.0
screening,301,1,FAMILY_B_INTERACTION_DENSITY_ONLY,B3,4012211,13023523,afe0c57fa9dfde21,0.08079268292682917,0.20579268292682917,0.9192073170731708,0,0,0.2469429347826087,1.0
screening,301,1,FAMILY_B_INTERACTION_DENSITY_ONLY,B4,4012211,13023523,afe0c57fa9dfde21,0.04092140921409204,0.16592140921409204,0.959078590785908,0,0,0.2151268115942029,1.0
screening,301,1,FAMILY_C_CONFLICTING_INTERACTIONS,C1,4012211,13023523,afe0c57fa9dfde21,0.08030303030303021,0.2053030303030302,0.9196969696969698,0,0,0.22644927536231885,1.0
screening,301,1,FAMILY_C_CONFLICTING_INTERACTIONS,C2,4012211,13023523,afe0c57fa9dfde21,0.12274809160305344,0.24774809160305344,0.8772519083969466,0,0,0.2469429347826087,1.0
screening,301,1,FAMILY_C_CONFLICTING_INTERACTIONS,C3,4012211,13023523,afe0c57fa9dfde21,0.03702564102564099,0.162025641025641,0.962974358974359,0,0,0.2025588768115942,1.0
screening,301,1,FAMILY_C_CONFLICTING_INTERACTIONS,C4,4012211,13023523,afe0c57fa9dfde21,0.0347286821705427,0.1597286821705427,0.9652713178294573,0,0,0.2025588768115942,1.0
screening,301,2,FAMILY_A_DECEPTION_ONLY,A1,4012312,13023734,0c0ac6d7b39f54af,0.13749999999999996,0.26249999999999996,0.8625,0,0,0.2084465579710145,1.0
screening,301,2,FAMILY_A_DECEPTION_ONLY,A2,4012312,13023734,0c0ac6d7b39f54af,0.0,0.125,1.0,1,1,0.17074275362318841,1.0
screening,301,2,FAMILY_A_DECEPTION_ONLY,A3,4012312,13023734,0c0ac6d7b39f54af,0.08281249999999996,0.20781249999999996,0.9171875,0,0,0.14322916666666666,1.0
screening,301,2,FAMILY_A_DECEPTION_ONLY,A4,4012312,13023734,0c0ac6d7b39f54af,0.1328124999999999,0.2578124999999999,0.8671875000000001,0,0,0.22701539855072464,1.0
screening,301,2,FAMILY_B_INTERACTION_DENSITY_ONLY,B1,4012312,13023734,0c0ac6d7b39f54af,0.03500000000000003,0.16000000000000003,0.965,0,0,0.17730978260869565,1.0
screening,301,2,FAMILY_B_INTERACTION_DENSITY_ONLY,B2,4012312,13023734,0c0ac6d7b39f54af,0.0,0.125,1.0,1,1,0.16734601449275363,1.0
screening,301,2,FAMILY_B_INTERACTION_DENSITY_ONLY,B3,4012312,13023734,0c0ac6d7b39f54af,0.11737804878048774,0.24237804878048774,0.8826219512195123,0,0,0.16587409420289856,1.0
screening,301,2,FAMILY_B_INTERACTION_DENSITY_ONLY,B4,4012312,13023734,0c0ac6d7b39f54af,0.07642276422764216,0.20142276422764216,0.9235772357723578,0,0,0.19202898550724637,1.0
screening,301,2,FAMILY_C_CONFLICTING_INTERACTIONS,C1,4012312,13023734,0c0ac6d7b39f54af,0.10757575757575755,0.23257575757575755,0.8924242424242425,0,0,0.15828804347826086,1.0
screening,301,2,FAMILY_C_CONFLICTING_INTERACTIONS,C2,4012312,13023734,0c0ac6d7b39f54af,0.0,0.125,1.0,1,1,0.15138134057971014,1.0
screening,301,2,FAMILY_C_CONFLICTING_INTERACTIONS,C3,4012312,13023734,0c0ac6d7b39f54af,0.0,0.125,1.0,1,1,0.15138134057971014,1.0
screening,301,2,FAMILY_C_CONFLICTING_INTERACTIONS,C4,4012312,13023734,0c0ac6d7b39f54af,0.037312661498708044,0.16231266149870804,0.962687338501292,0,0,0.16360960144927536,1.0
screening,301,3,FAMILY_A_DECEPTION_ONLY,A1,4012413,13023945,8f7656f5d3b028e0,0.06874999999999998,0.19374999999999998,0.93125,0,0,0.21410778985507245,1.0
screening,301,3,FAMILY_A_DECEPTION_ONLY,A2,4012413,13023945,8f7656f5d3b028e0,0.13124999999999998,0.25625,0.86875,0,0,0.19100996376811594,1.0
screening,301,3,FAMILY_A_DECEPTION_ONLY,A3,4012413,13023945,8f7656f5d3b028e0,0.1328125,0.2578125,0.8671875,0,0,0.20878623188405798,1.0
screening,301,3,FAMILY_A_DECEPTION_ONLY,A4,4012413,13023945,8f7656f5d3b028e0,0.03749999999999987,0.16249999999999987,0.9625000000000001,0,0,0.21388134057971014,1.0
screening,301,3,FAMILY_B_INTERACTION_DENSITY_ONLY,B1,4012413,13023945,8f7656f5d3b028e0,0.08281249999999996,0.20781249999999996,0.9171875,0,0,0.2229393115942029,1.0
screening,301,3,FAMILY_B_INTERACTION_DENSITY_ONLY,B2,4012413,13023945,8f7656f5d3b028e0,0.07439024390243898,0.19939024390243898,0.925609756097561,0,0,0.21003170289855072,1.0
screening,301,3,FAMILY_B_INTERACTION_DENSITY_ONLY,B3,4012413,13023945,8f7656f5d3b028e0,0.12469512195121946,0.24969512195121946,0.8753048780487805,0,0,0.20799365942028986,1.0
screening,301,3,FAMILY_B_INTERACTION_DENSITY_ONLY,B4,4012413,13023945,8f7656f5d3b028e0,0.12442411924119223,0.24942411924119223,0.8755758807588078,0,0,0.24479166666666666,1.0
screening,301,3,FAMILY_C_CONFLICTING_INTERACTIONS,C1,4012413,13023945,8f7656f5d3b028e0,0.12434343434343431,0.2493434343434343,0.8756565656565657,0,0,0.20799365942028986,1.0
screening,301,3,FAMILY_C_CONFLICTING_INTERACTIONS,C2,4012413,13023945,8f7656f5d3b028e0,0.08091603053435115,0.20591603053435115,0.9190839694656489,0,0,0.2477355072463768,1.0
screening,301,3,FAMILY_C_CONFLICTING_INTERACTIONS,C3,4012413,13023945,8f7656f5d3b028e0,0.08153846153846145,0.20653846153846145,0.9184615384615386,0,0,0.23052536231884058,1.0
screening,301,3,FAMILY_C_CONFLICTING_INTERACTIONS,C4,4012413,13023945,8f7656f5d3b028e0,0.08217054263565882,0.20717054263565882,0.9178294573643412,0,0,0.21524003623188406,1.0
screening,301,4,FAMILY_A_DECEPTION_ONLY,A1,4012514,13024156,7808e65ec065335f,0.06874999999999998,0.19374999999999998,0.93125,0,0,0.21988224637681159,1.0
screening,301,4,FAMILY_A_DECEPTION_ONLY,A2,4012514,13024156,7808e65ec065335f,0.08749999999999991,0.2124999999999999,0.9125000000000001,0,0,0.22701539855072464,1.0
screening,301,4,FAMILY_A_DECEPTION_ONLY,A3,4012514,13024156,7808e65ec065335f,0.025000000000000022,0.15000000000000002,0.975,0,0,0.21274909420289856,1.0
screening,301,4,FAMILY_A_DECEPTION_ONLY,A4,4012514,13024156,7808e65ec065335f,0.012499999999999956,0.13749999999999996,0.9875,0,0,0.2139945652173913,1.0
screening,301,4,FAMILY_B_INTERACTION_DENSITY_ONLY,B1,4012514,13024156,7808e65ec065335f,0.03500000000000003,0.16000000000000003,0.965,0,0,0.21388134057971014,1.0
screening,301,4,FAMILY_B_INTERACTION_DENSITY_ONLY,B2,4012514,13024156,7808e65ec065335f,0.040243902439024315,0.16524390243902431,0.9597560975609757,0,0,0.21705163043478262,1.0
screening,301,4,FAMILY_B_INTERACTION_DENSITY_ONLY,B3,4012514,13024156,7808e65ec065335f,0.04146341463414638,0.16646341463414638,0.9585365853658536,0,0,0.21524003623188406,1.0
screening,301,4,FAMILY_B_INTERACTION_DENSITY_ONLY,B4,4012514,13024156,7808e65ec065335f,0.042276422764227495,0.1672764227642275,0.9577235772357725,0,0,0.22214673913043478,1.0
screening,301,4,FAMILY_C_CONFLICTING_INTERACTIONS,C1,4012514,13024156,7808e65ec065335f,0.041515151515151505,0.1665151515151515,0.9584848484848485,0,0,0.23516757246376813,1.0
screening,301,4,FAMILY_C_CONFLICTING_INTERACTIONS,C2,4012514,13024156,7808e65ec065335f,0.0418320610687023,0.1668320610687023,0.9581679389312977,0,0,0.20527626811594202,1.0
screening,301,4,FAMILY_C_CONFLICTING_INTERACTIONS,C3,4012514,13024156,7808e65ec065335f,0.03958974358974365,0.16458974358974365,0.9604102564102563,0,0,0.20527626811594202,1.0
screening,301,4,FAMILY_C_CONFLICTING_INTERACTIONS,C4,4012514,13024156,7808e65ec065335f,0.0347286821705427,0.1597286821705427,0.9652713178294573,0,0,0.22520380434782608,1.0
screening,301,5,FAMILY_A_DECEPTION_ONLY,A1,4012615,13024367,a8c1498acd6919fe,0.06874999999999998,0.19374999999999998,0.93125,0,0,0.21614583333333334,1.0
screening,301,5,FAMILY_A_DECEPTION_ONLY,A2,4012615,13024367,a8c1498acd6919fe,0.17031249999999998,0.2953125,0.8296875,0,0,0.23007246376811594,1.0
screening,301,5,FAMILY_A_DECEPTION_ONLY,A3,4012615,13024367,a8c1498acd6919fe,0.10781250000000009,0.2328125000000001,0.8921874999999999,0,0,0.19485960144927536,1.0
screening,301,5,FAMILY_A_DECEPTION_ONLY,A4,4012615,13024367,a8c1498acd6919fe,0.21562499999999984,0.34062499999999984,0.7843750000000002,0,0,0.21105072463768115,1.0
screening,301,5,FAMILY_B_INTERACTION_DENSITY_ONLY,B1,4012615,13024367,a8c1498acd6919fe,0.09687500000000004,0.22187500000000004,0.903125,0,0,0.19655797101449277,1.0
screening,301,5,FAMILY_B_INTERACTION_DENSITY_ONLY,B2,4012615,13024367,a8c1498acd6919fe,0.18292682926829273,0.30792682926829273,0.8170731707317073,0,0,0.16304347826086957,1.0
screening,301,5,FAMILY_B_INTERACTION_DENSITY_ONLY,B3,4012615,13024367,a8c1498acd6919fe,0.07317073170731703,0.19817073170731703,0.926829268292683,0,0,0.2193161231884058,1.0
screening,301,5,FAMILY_B_INTERACTION_DENSITY_ONLY,B4,4012615,13024367,a8c1498acd6919fe,0.03550135501355001,0.16050135501355,0.96449864498645,0,0,0.22701539855072464,1.0
screening,301,5,FAMILY_C_CONFLICTING_INTERACTIONS,C1,4012615,13024367,a8c1498acd6919fe,0.07545454545454555,0.20045454545454555,0.9245454545454544,0,0,0.2193161231884058,1.0
screening,301,5,FAMILY_C_CONFLICTING_INTERACTIONS,C2,4012615,13024367,a8c1498acd6919fe,0.20519083969465657,0.33019083969465657,0.7948091603053434,0,0,0.1741394927536232,1.0
screening,301,5,FAMILY_C_CONFLICTING_INTERACTIONS,C3,4012615,13024367,a8c1498acd6919fe,0.0791794871794872,0.2041794871794872,0.9208205128205128,0,0,0.2156929347826087,1.0
screening,301,5,FAMILY_C_CONFLICTING_INTERACTIONS,C4,4012615,13024367,a8c1498acd6919fe,0.09870801033591736,0.22370801033591736,0.9012919896640826,0,0,0.23052536231884058,1.0
screening,301,6,FAMILY_A_DECEPTION_ONLY,A1,4012716,13024578,fe7c7f7b6a19d24e,0.15156249999999993,0.27656249999999993,0.8484375000000001,0,0,0.2086730072463768,1.0
screening,301,6,FAMILY_A_DECEPTION_ONLY,A2,4012716,13024578,fe7c7f7b6a19d24e,0.13124999999999987,0.25624999999999987,0.8687500000000001,0,0,0.19406702898550723,1.0
screening,301,6,FAMILY_A_DECEPTION_ONLY,A3,4012716,13024578,fe7c7f7b6a19d24e,0.07500000000000007,0.20000000000000007,0.9249999999999999,0,0,0.2132019927536232,1.0
screening,301,6,FAMILY_A_DECEPTION_ONLY,A4,4012716,13024578,fe7c7f7b6a19d24e,0.03749999999999987,0.16249999999999987,0.9625000000000001,0,0,0.23256340579710144,1.0
screening,301,6,FAMILY_B_INTERACTION_DENSITY_ONLY,B1,4012716,13024578,fe7c7f7b6a19d24e,0.07000000000000006,0.19500000000000006,0.9299999999999999,0,0,0.24592391304347827,1.0
screening,301,6,FAMILY_B_INTERACTION_DENSITY_ONLY,B2,4012716,13024578,fe7c7f7b6a19d24e,0.08048780487804885,0.20548780487804885,0.9195121951219511,0,0,0.2648324275362319,1.0
screening,301,6,FAMILY_B_INTERACTION_DENSITY_ONLY,B3,4012716,13024578,fe7c7f7b6a19d24e,0.18292682926829285,0.30792682926829285,0.8170731707317072,0,0,0.23233695652173914,1.0
screening,301,6,FAMILY_B_INTERACTION_DENSITY_ONLY,B4,4012716,13024578,fe7c7f7b6a19d24e,0.042276422764227495,0.1672764227642275,0.9577235772357725,0,0,0.2056159420289855,1.0
screening,301,6,FAMILY_C_CONFLICTING_INTERACTIONS,C1,4012716,13024578,fe7c7f7b6a19d24e,0.19222222222222218,0.3172222222222222,0.8077777777777778,0,0,0.1911231884057971,1.0
screening,301,6,FAMILY_C_CONFLICTING_INTERACTIONS,C2,4012716,13024578,fe7c7f7b6a19d24e,0.14768447837150134,0.27268447837150134,0.8523155216284987,0,0,0.2134284420289855,1.0
screening,301,6,FAMILY_C_CONFLICTING_INTERACTIONS,C3,4012716,13024578,fe7c7f7b6a19d24e,0.20133333333333336,0.32633333333333336,0.7986666666666666,0,0,0.18353713768115942,1.0
screening,301,6,FAMILY_C_CONFLICTING_INTERACTIONS,C4,4012716,13024578,fe7c7f7b6a19d24e,0.19772609819121456,0.32272609819121456,0.8022739018087854,0,0,0.18353713768115942,1.0
screening,301,7,FAMILY_A_DECEPTION_ONLY,A1,4012817,13024789,e9162535633543d3,0.08281249999999996,0.20781249999999996,0.9171875,0,0,0.1838768115942029,1.0
screening,301,7,FAMILY_A_DECEPTION_ONLY,A2,4012817,13024789,e9162535633543d3,0.08281249999999996,0.20781249999999996,0.9171875,0,0,0.1838768115942029,1.0
screening,301,7,FAMILY_A_DECEPTION_ONLY,A3,4012817,13024789,e9162535633543d3,0.025000000000000022,0.15000000000000002,0.975,0,0,0.20957880434782608,1.0
screening,301,7,FAMILY_A_DECEPTION_ONLY,A4,4012817,13024789,e9162535633543d3,0.09531249999999991,0.2203124999999999,0.9046875000000001,0,0,0.2103713768115942,1.0
screening,301,7,FAMILY_B_INTERACTION_DENSITY_ONLY,B1,4012817,13024789,e9162535633543d3,0.08281249999999996,0.20781249999999996,0.9171875,0,0,0.1838768115942029,1.0
screening,301,7,FAMILY_B_INTERACTION_DENSITY_ONLY,B2,4012817,13024789,e9162535633543d3,0.040243902439024315,0.16524390243902431,0.9597560975609757,0,0,0.2338088768115942,1.0
screening,301,7,FAMILY_B_INTERACTION_DENSITY_ONLY,B3,4012817,13024789,e9162535633543d3,0.08048780487804885,0.20548780487804885,0.9195121951219511,0,0,0.20686141304347827,1.0
screening,301,7,FAMILY_B_INTERACTION_DENSITY_ONLY,B4,4012817,13024789,e9162535633543d3,0.0,0.125,1.0,1,1,0.21863677536231885,1.0
screening,301,7,FAMILY_C_CONFLICTING_INTERACTIONS,C1,4012817,13024789,e9162535633543d3,0.08050505050505063,0.20550505050505063,0.9194949494949494,0,0,0.20686141304347827,1.0
screening,301,7,FAMILY_C_CONFLICTING_INTERACTIONS,C2,4012817,13024789,e9162535633543d3,0.09465648854961839,0.2196564885496184,0.9053435114503816,0,0,0.2027853260869565,1.0
screening,301,7,FAMILY_C_CONFLICTING_INTERACTIONS,C3,4012817,13024789,e9162535633543d3,0.10923076923076924,0.23423076923076924,0.8907692307692308,0,0,0.22441123188405798,1.0
screening,301,7,FAMILY_C_CONFLICTING_INTERACTIONS,C4,4012817,13024789,e9162535633543d3,0.08217054263565882,0.20717054263565882,0.9178294573643412,0,0,0.20493659420289856,1.0
screening,301,8,FAMILY_A_DECEPTION_ONLY,A1,4012918,13025000,d2d0aa12d227cf19,0.09687500000000004,0.22187500000000004,0.903125,0,0,0.20527626811594202,1.0
screening,301,8,FAMILY_A_DECEPTION_ONLY,A2,4012918,13025000,d2d0aa12d227cf19,0.08281249999999996,0.20781249999999996,0.9171875,0,0,0.19519927536231885,1.0
screening,301,8,FAMILY_A_DECEPTION_ONLY,A3,4012918,13025000,d2d0aa12d227cf19,0.025000000000000022,0.15000000000000002,0.975,0,0,0.1696105072463768,1.0
screening,301,8,FAMILY_A_DECEPTION_ONLY,A4,4012918,13025000,d2d0aa12d227cf19,0.09531249999999991,0.2203124999999999,0.9046875000000001,0,0,0.1838768115942029,1.0
screening,301,8,FAMILY_B_INTERACTION_DENSITY_ONLY,B1,4012918,13025000,d2d0aa12d227cf19,0.08281249999999996,0.20781249999999996,0.9171875,0,0,0.14753170289855072,1.0
screening,301,8,FAMILY_B_INTERACTION_DENSITY_ONLY,B2,4012918,13025000,d2d0aa12d227cf19,0.040243902439024315,0.16524390243902431,0.9597560975609757,0,0,0.22418478260869565,1.0
screening,301,8,FAMILY_B_INTERACTION_DENSITY_ONLY,B3,4012918,13025000,d2d0aa12d227cf19,0.03902439024390236,0.16402439024390236,0.9609756097560976,0,0,0.18534873188405798,1.0
screening,301,8,FAMILY_B_INTERACTION_DENSITY_ONLY,B4,4012918,13025000,d2d0aa12d227cf19,0.1367886178861788,0.2617886178861788,0.8632113821138212,0,0,0.18365036231884058,1.0
screening,301,8,FAMILY_C_CONFLICTING_INTERACTIONS,C1,4012918,13025000,d2d0aa12d227cf19,0.041515151515151505,0.1665151515151515,0.9584848484848485,0,0,0.18534873188405798,1.0
screening,301,8,FAMILY_C_CONFLICTING_INTERACTIONS,C2,4012918,13025000,d2d0aa12d227cf19,0.07857506361323152,0.20357506361323152,0.9214249363867685,0,0,0.19859601449275363,1.0
screening,301,8,FAMILY_C_CONFLICTING_INTERACTIONS,C3,4012918,13025000,d2d0aa12d227cf19,0.03446153846153854,0.15946153846153854,0.9655384615384615,0,0,0.18455615942028986,1.0
screening,301,8,FAMILY_C_CONFLICTING_INTERACTIONS,C4,4012918,13025000,d2d0aa12d227cf19,0.07462532299741609,0.1996253229974161,0.9253746770025839,0,0,0.16077898550724637,1.0
screening,301,9,FAMILY_A_DECEPTION_ONLY,A1,4013019,13025211,c51efd060b42e575,0.0,0.125,1.0,1,1,0.2132019927536232,1.0
screening,301,9,FAMILY_A_DECEPTION_ONLY,A2,4013019,13025211,c51efd060b42e575,0.08281249999999996,0.20781249999999996,0.9171875,0,0,0.2189764492753623,1.0
screening,301,9,FAMILY_A_DECEPTION_ONLY,A3,4013019,13025211,c51efd060b42e575,0.1328125,0.2578125,0.8671875,0,0,0.18048007246376813,1.0
screening,301,9,FAMILY_A_DECEPTION_ONLY,A4,4013019,13025211,c51efd060b42e575,0.12031249999999993,0.24531249999999993,0.8796875000000001,0,0,0.17232789855072464,1.0
screening,301,9,FAMILY_B_INTERACTION_DENSITY_ONLY,B1,4013019,13025211,c51efd060b42e575,0.03500000000000003,0.16000000000000003,0.965,0,0,0.22022192028985507,1.0
screening,301,9,FAMILY_B_INTERACTION_DENSITY_ONLY,B2,4013019,13025211,c51efd060b42e575,0.12865853658536586,0.25365853658536586,0.8713414634146341,0,0,0.21252264492753623,1.0
screening,301,9,FAMILY_B_INTERACTION_DENSITY_ONLY,B3,4013019,13025211,c51efd060b42e575,0.0,0.125,1.0,1,1,0.19916213768115942,1.0
screening,301,9,FAMILY_B_INTERACTION_DENSITY_ONLY,B4,4013019,13025211,c51efd060b42e575,0.11493902439024384,0.23993902439024384,0.8850609756097562,0,0,0.18478260869565216,1.0
screening,301,9,FAMILY_C_CONFLICTING_INTERACTIONS,C1,4013019,13025211,c51efd060b42e575,0.15323232323232328,0.2782323232323233,0.8467676767676767,0,0,0.19100996376811594,1.0
screening,301,9,FAMILY_C_CONFLICTING_INTERACTIONS,C2,4013019,13025211,c51efd060b42e575,0.07603053435114515,0.20103053435114515,0.9239694656488548,0,0,0.20459692028985507,1.0
screening,301,9,FAMILY_C_CONFLICTING_INTERACTIONS,C3,4013019,13025211,c51efd060b42e575,0.07148717948717953,0.19648717948717953,0.9285128205128205,0,0,0.20459692028985507,1.0
screening,301,9,FAMILY_C_CONFLICTING_INTERACTIONS,C4,4013019,13025211,c51efd060b42e575,0.14222222222222236,0.26722222222222236,0.8577777777777776,0,0,0.24490489130434784,1.0
screening,301,10,FAMILY_A_DECEPTION_ONLY,A1,4013120,13025422,d8070873566616a4,0.08281249999999996,0.20781249999999996,0.9171875,0,0,0.2240715579710145,1.0
screening,301,10,FAMILY_A_DECEPTION_ONLY,A2,4013120,13025422,d8070873566616a4,0.0,0.125,1.0,1,1,0.20776721014492755,1.0
screening,301,10,FAMILY_A_DECEPTION_ONLY,A3,4013120,13025422,d8070873566616a4,0.1328125,0.2578125,0.8671875,0,0,0.20301177536231885,1.0
screening,301,10,FAMILY_A_DECEPTION_ONLY,A4,4013120,13025422,d8070873566616a4,0.012499999999999956,0.13749999999999996,0.9875,0,0,0.2028985507246377,1.0
screening,301,10,FAMILY_B_INTERACTION_DENSITY_ONLY,B1,4013120,13025422,d8070873566616a4,0.03500000000000003,0.16000000000000003,0.965,0,0,0.20935235507246377,1.0
screening,301,10,FAMILY_B_INTERACTION_DENSITY_ONLY,B2,4013120,13025422,d8070873566616a4,0.08048780487804885,0.20548780487804885,0.9195121951219511,0,0,0.2107110507246377,1.0
screening,301,10,FAMILY_B_INTERACTION_DENSITY_ONLY,B3,4013120,13025422,d8070873566616a4,0.03902439024390236,0.16402439024390236,0.9609756097560976,0,0,0.2262228260869565,1.0
screening,301,10,FAMILY_B_INTERACTION_DENSITY_ONLY,B4,4013120,13025422,d8070873566616a4,0.03685636856368557,0.16185636856368557,0.9631436314363144,0,0,0.20935235507246377,1.0
screening,301,10,FAMILY_C_CONFLICTING_INTERACTIONS,C1,4013120,13025422,d8070873566616a4,0.03898989898989902,0.16398989898989902,0.961010101010101,0,0,0.18795289855072464,1.0
screening,301,10,FAMILY_C_CONFLICTING_INTERACTIONS,C2,4013120,13025422,d8070873566616a4,0.07603053435114515,0.20103053435114515,0.9239694656488548,0,0,0.2112771739130435,1.0
screening,301,10,FAMILY_C_CONFLICTING_INTERACTIONS,C3,4013120,13025422,d8070873566616a4,0.0740512820512822,0.1990512820512822,0.9259487179487178,0,0,0.2084465579710145,1.0
screening,301,10,FAMILY_C_CONFLICTING_INTERACTIONS,C4,4013120,13025422,d8070873566616a4,0.06687338501291995,0.19187338501291995,0.93312661498708,0,0,0.2084465579710145,1.0
screening,301,11,FAMILY_A_DECEPTION_ONLY,A1,4013221,13025633,90ceca91277e35f7,0.06874999999999998,0.19374999999999998,0.93125,0,0,0.23086503623188406,1.0
screening,301,11,FAMILY_A_DECEPTION_ONLY,A2,4013221,13025633,90ceca91277e35f7,0.08281249999999996,0.20781249999999996,0.9171875,0,0,0.19802989130434784,1.0
screening,301,11,FAMILY_A_DECEPTION_ONLY,A3,4013221,13025633,90ceca91277e35f7,0.08281249999999996,0.20781249999999996,0.9171875,0,0,0.21976902173913043,1.0
screening,301,11,FAMILY_A_DECEPTION_ONLY,A4,4013221,13025633,90ceca91277e35f7,0.02499999999999991,0.1499999999999999,0.9750000000000001,0,0,0.19361413043478262,1.0
screening,301,11,FAMILY_B_INTERACTION_DENSITY_ONLY,B1,4013221,13025633,90ceca91277e35f7,0.11781249999999999,0.2428125,0.8821875,0,0,0.19802989130434784,1.0
screening,301,11,FAMILY_B_INTERACTION_DENSITY_ONLY,B2,4013221,13025633,90ceca91277e35f7,0.0,0.125,1.0,1,1,0.23335597826086957,1.0
screening,301,11,FAMILY_B_INTERACTION_DENSITY_ONLY,B3,4013221,13025633,90ceca91277e35f7,0.0,0.125,1.0,1,1,0.20855978260869565,1.0
screening,301,11,FAMILY_B_INTERACTION_DENSITY_ONLY,B4,4013221,13025633,90ceca91277e35f7,0.0,0.125,1.0,1,1,0.22814764492753623,1.0
screening,301,11,FAMILY_C_CONFLICTING_INTERACTIONS,C1,4013221,13025633,90ceca91277e35f7,0.03646464646464642,0.16146464646464642,0.9635353535353536,0,0,0.23143115942028986,1.0
screening,301,11,FAMILY_C_CONFLICTING_INTERACTIONS,C2,4013221,13025633,90ceca91277e35f7,0.12274809160305344,0.24774809160305344,0.8772519083969466,0,0,0.22203351449275363,1.0
screening,301,11,FAMILY_C_CONFLICTING_INTERACTIONS,C3,4013221,13025633,90ceca91277e35f7,0.08153846153846145,0.20653846153846145,0.9184615384615386,0,0,0.2061820652173913,1.0
screening,301,11,FAMILY_C_CONFLICTING_INTERACTIONS,C4,4013221,13025633,90ceca91277e35f7,0.0,0.125,1.0,1,1,0.2246376811594203,1.0
screening,301,12,FAMILY_A_DECEPTION_ONLY,A1,4013322,13025844,0abf68a2282d2a34,0.0,0.125,1.0,1,1,0.20459692028985507,1.0
screening,301,12,FAMILY_A_DECEPTION_ONLY,A2,4013322,13025844,0abf68a2282d2a34,0.08749999999999991,0.2124999999999999,0.9125000000000001,0,0,0.20131340579710144,1.0
screening,301,12,FAMILY_A_DECEPTION_ONLY,A3,4013322,13025844,0abf68a2282d2a34,0.07500000000000007,0.20000000000000007,0.9249999999999999,0,0,0.2084465579710145,1.0
screening,301,12,FAMILY_A_DECEPTION_ONLY,A4,4013322,13025844,0abf68a2282d2a34,0.02499999999999991,0.1499999999999999,0.9750000000000001,0,0,0.1878396739130435,1.0
screening,301,12,FAMILY_B_INTERACTION_DENSITY_ONLY,B1,4013322,13025844,0abf68a2282d2a34,0.03500000000000003,0.16000000000000003,0.965,0,0,0.2012001811594203,1.0
screening,301,12,FAMILY_B_INTERACTION_DENSITY_ONLY,B2,4013322,13025844,0abf68a2282d2a34,0.06829268292682922,0.19329268292682922,0.9317073170731708,0,0,0.1933876811594203,1.0
screening,301,12,FAMILY_B_INTERACTION_DENSITY_ONLY,B3,4013322,13025844,0abf68a2282d2a34,0.03414634146341455,0.15914634146341455,0.9658536585365854,0,0,0.18059329710144928,1.0
screening,301,12,FAMILY_B_INTERACTION_DENSITY_ONLY,B4,4013322,13025844,0abf68a2282d2a34,0.0750677506775067,0.2000677506775067,0.9249322493224933,0,0,0.20153985507246377,1.0
screening,301,12,FAMILY_C_CONFLICTING_INTERACTIONS,C1,4013322,13025844,0abf68a2282d2a34,0.08050505050505063,0.20550505050505063,0.9194949494949494,0,0,0.2050498188405797,1.0
screening,301,12,FAMILY_C_CONFLICTING_INTERACTIONS,C2,4013322,13025844,0abf68a2282d2a34,0.07857506361323152,0.20357506361323152,0.9214249363867685,0,0,0.2050498188405797,1.0
screening,301,12,FAMILY_C_CONFLICTING_INTERACTIONS,C3,4013322,13025844,0abf68a2282d2a34,0.0740512820512822,0.1990512820512822,0.9259487179487178,0,0,0.20357789855072464,1.0
screening,301,12,FAMILY_C_CONFLICTING_INTERACTIONS,C4,4013322,13025844,0abf68a2282d2a34,0.07204134366925063,0.19704134366925063,0.9279586563307494,0,0,0.20357789855072464,1.0
screening,301,13,FAMILY_A_DECEPTION_ONLY,A1,4013423,13026055,7a9483855fef6f6f,0.08281249999999996,0.20781249999999996,0.9171875,0,0,0.1766304347826087,1.0
screening,301,13,FAMILY_A_DECEPTION_ONLY,A2,4013423,13026055,7a9483855fef6f6f,0.08750000000000002,0.21250000000000002,0.9125,0,0,0.20437047101449277,1.0
screening,301,13,FAMILY_A_DECEPTION_ONLY,A3,4013423,13026055,7a9483855fef6f6f,0.07500000000000007,0.20000000000000007,0.9249999999999999,0,0,0.17515851449275363,1.0
screening,301,13,FAMILY_A_DECEPTION_ONLY,A4,4013423,13026055,7a9483855fef6f6f,0.12031249999999993,0.24531249999999993,0.8796875000000001,0,0,0.21229619565217392,1.0
screening,301,13,FAMILY_B_INTERACTION_DENSITY_ONLY,B1,4013423,13026055,7a9483855fef6f6f,0.07000000000000006,0.19500000000000006,0.9299999999999999,0,0,0.19961503623188406,1.0
screening,301,13,FAMILY_B_INTERACTION_DENSITY_ONLY,B2,4013423,13026055,7a9483855fef6f6f,0.11493902439024384,0.23993902439024384,0.8850609756097562,0,0,0.21433423913043478,1.0
screening,301,13,FAMILY_B_INTERACTION_DENSITY_ONLY,B3,4013423,13026055,7a9483855fef6f6f,0.07560975609756104,0.20060975609756104,0.924390243902439,0,0,0.20584239130434784,1.0
screening,301,13,FAMILY_B_INTERACTION_DENSITY_ONLY,B4,4013423,13026055,7a9483855fef6f6f,0.07642276422764216,0.20142276422764216,0.9235772357723578,0,0,0.20584239130434784,1.0
screening,301,13,FAMILY_C_CONFLICTING_INTERACTIONS,C1,4013423,13026055,7a9483855fef6f6f,0.07797979797979804,0.20297979797979804,0.922020202020202,0,0,0.20686141304347827,1.0
screening,301,13,FAMILY_C_CONFLICTING_INTERACTIONS,C2,4013423,13026055,7a9483855fef6f6f,0.07603053435114515,0.20103053435114515,0.9239694656488548,0,0,0.20686141304347827,1.0
screening,301,13,FAMILY_C_CONFLICTING_INTERACTIONS,C3,4013423,13026055,7a9483855fef6f6f,0.15046153846153842,0.2754615384615384,0.8495384615384616,0,0,0.21161684782608695,1.0
screening,301,13,FAMILY_C_CONFLICTING_INTERACTIONS,C4,4013423,13026055,7a9483855fef6f6f,0.06945736434108529,0.1944573643410853,0.9305426356589147,0,0,0.19984148550724637,1.0
screening,301,14,FAMILY_A_DECEPTION_ONLY,A1,4013524,13026266,7e82a4e8acf389ac,0.08281249999999996,0.20781249999999996,0.9171875,0,0,0.17844202898550723,1.0
screening,301,14,FAMILY_A_DECEPTION_ONLY,A2,4013524,13026266,7e82a4e8acf389ac,0.17031249999999998,0.2953125,0.8296875,0,0,0.18874547101449277,1.0
screening,301,14,FAMILY_A_DECEPTION_ONLY,A3,4013524,13026266,7e82a4e8acf389ac,0.0,0.125,1.0,1,1,0.1869338768115942,1.0
screening,301,14,FAMILY_A_DECEPTION_ONLY,A4,4013524,13026266,7e82a4e8acf389ac,0.012499999999999956,0.13749999999999996,0.9875,0,0,0.19938858695652173,1.0
screening,301,14,FAMILY_B_INTERACTION_DENSITY_ONLY,B1,4013524,13026266,7e82a4e8acf389ac,0.11781249999999999,0.2428125,0.8821875,0,0,0.18953804347826086,1.0
screening,301,14,FAMILY_B_INTERACTION_DENSITY_ONLY,B2,4013524,13026266,7e82a4e8acf389ac,0.08079268292682917,0.20579268292682917,0.9192073170731708,0,0,0.19882246376811594,1.0
screening,301,14,FAMILY_B_INTERACTION_DENSITY_ONLY,B3,4013524,13026266,7e82a4e8acf389ac,0.08079268292682917,0.20579268292682917,0.9192073170731708,0,0,0.18297101449275363,1.0
screening,301,14,FAMILY_B_INTERACTION_DENSITY_ONLY,B4,4013524,13026266,7e82a4e8acf389ac,0.07642276422764216,0.20142276422764216,0.9235772357723578,0,0,0.1995018115942029,1.0
screening,301,14,FAMILY_C_CONFLICTING_INTERACTIONS,C1,4013524,13026266,7e82a4e8acf389ac,0.0,0.125,1.0,1,1,0.19418025362318841,1.0
screening,301,14,FAMILY_C_CONFLICTING_INTERACTIONS,C2,4013524,13026266,7e82a4e8acf389ac,0.08091603053435115,0.20591603053435115,0.9190839694656489,0,0,0.19418025362318841,1.0
screening,301,14,FAMILY_C_CONFLICTING_INTERACTIONS,C3,4013524,13026266,7e82a4e8acf389ac,0.08153846153846145,0.20653846153846145,0.9184615384615386,0,0,0.19418025362318841,1.0
screening,301,14,FAMILY_C_CONFLICTING_INTERACTIONS,C4,4013524,13026266,7e82a4e8acf389ac,0.037312661498708044,0.16231266149870804,0.962687338501292,0,0,0.1844429347826087,1.0
screening,301,15,FAMILY_A_DECEPTION_ONLY,A1,4013625,13026477,0666a8a19fc362a9,0.06874999999999998,0.19374999999999998,0.93125,0,0,0.2056159420289855,1.0
screening,301,15,FAMILY_A_DECEPTION_ONLY,A2,4013625,13026477,0666a8a19fc362a9,0.1703125000000001,0.2953125000000001,0.8296874999999999,0,0,0.22203351449275363,1.0
screening,301,15,FAMILY_A_DECEPTION_ONLY,A3,4013625,13026477,0666a8a19fc362a9,0.1328125,0.2578125,0.8671875,0,0,0.20391757246376813,1.0
screening,301,15,FAMILY_A_DECEPTION_ONLY,A4,4013625,13026477,0666a8a19fc362a9,0.02499999999999991,0.1499999999999999,0.9750000000000001,0,0,0.20153985507246377,1.0
screening,301,15,FAMILY_B_INTERACTION_DENSITY_ONLY,B1,4013625,13026477,0666a8a19fc362a9,0.1668750000000001,0.2918750000000001,0.8331249999999999,0,0,0.22576992753623187,1.0
screening,301,15,FAMILY_B_INTERACTION_DENSITY_ONLY,B2,4013625,13026477,0666a8a19fc362a9,0.14847560975609753,0.2734756097560975,0.8515243902439025,0,0,0.20957880434782608,1.0
screening,301,15,FAMILY_B_INTERACTION_DENSITY_ONLY,B3,4013625,13026477,0666a8a19fc362a9,0.1978658536585367,0.3228658536585367,0.8021341463414633,0,0,0.23426177536231885,1.0
screening,301,15,FAMILY_B_INTERACTION_DENSITY_ONLY,B4,4013625,13026477,0666a8a19fc362a9,0.158570460704607,0.283570460704607,0.841429539295393,0,0,0.22225996376811594,1.0
screening,301,15,FAMILY_C_CONFLICTING_INTERACTIONS,C1,4013625,13026477,0666a8a19fc362a9,0.16080808080808084,0.28580808080808084,0.8391919191919192,0,0,0.20799365942028986,1.0
screening,301,15,FAMILY_C_CONFLICTING_INTERACTIONS,C2,4013625,13026477,0666a8a19fc362a9,0.11277353689567426,0.23777353689567426,0.8872264631043257,0,0,0.18636775362318841,1.0
screening,301,15,FAMILY_C_CONFLICTING_INTERACTIONS,C3,4013625,13026477,0666a8a19fc362a9,0.10923076923076924,0.23423076923076924,0.8907692307692308,0,0,0.20131340579710144,1.0
screening,301,15,FAMILY_C_CONFLICTING_INTERACTIONS,C4,4013625,13026477,0666a8a19fc362a9,0.11689922480620152,0.24189922480620152,0.8831007751937985,0,0,0.19361413043478262,1.0
screening,302,0,FAMILY_A_DECEPTION_ONLY,A1,4022117,13043323,c06275123b6d857b,0.0,0.125,1.0,1,1,0.16859148550724637,1.0
screening,302,0,FAMILY_A_DECEPTION_ONLY,A2,4022117,13043323,c06275123b6d857b,0.1265624999999999,0.2515624999999999,0.8734375000000001,0,0,0.18682065217391305,1.0
screening,302,0,FAMILY_A_DECEPTION_ONLY,A3,4022117,13043323,c06275123b6d857b,0.025000000000000022,0.15000000000000002,0.975,0,0,0.20935235507246377,1.0
screening,302,0,FAMILY_A_DECEPTION_ONLY,A4,4022117,13043323,c06275123b6d857b,0.1328124999999999,0.2578124999999999,0.8671875000000001,0,0,0.17278079710144928,1.0
screening,302,0,FAMILY_B_INTERACTION_DENSITY_ONLY,B1,4022117,13043323,c06275123b6d857b,0.14000000000000012,0.2650000000000001,0.8599999999999999,0,0,0.21659873188405798,1.0
screening,302,0,FAMILY_B_INTERACTION_DENSITY_ONLY,B2,4022117,13043323,c06275123b6d857b,0.03414634146341455,0.15914634146341455,0.9658536585365854,0,0,0.17674365942028986,1.0
screening,302,0,FAMILY_B_INTERACTION_DENSITY_ONLY,B3,4022117,13043323,c06275123b6d857b,0.15121951219512197,0.276219512195122,0.848780487804878,0,0,0.1947463768115942,1.0
screening,302,0,FAMILY_B_INTERACTION_DENSITY_ONLY,B4,4022117,13043323,c06275123b6d857b,0.14742547425474262,0.2724254742547426,0.8525745257452574,0,0,0.19712409420289856,1.0
screening,302,0,FAMILY_C_CONFLICTING_INTERACTIONS,C1,4022117,13043323,c06275123b6d857b,0.1483838383838385,0.2733838383838385,0.8516161616161615,0,0,0.19712409420289856,1.0
screening,302,0,FAMILY_C_CONFLICTING_INTERACTIONS,C2,4022117,13043323,c06275123b6d857b,0.14442748091603064,0.26942748091603064,0.8555725190839694,0,0,0.19712409420289856,1.0
screening,302,0,FAMILY_C_CONFLICTING_INTERACTIONS,C3,4022117,13043323,c06275123b6d857b,0.1404102564102565,0.2654102564102565,0.8595897435897435,0,0,0.20720108695652173,1.0
screening,302,0,FAMILY_C_CONFLICTING_INTERACTIONS,C4,4022117,13043323,c06275123b6d857b,0.14149870801033604,0.26649870801033604,0.858501291989664,0,0,0.16859148550724637,1.0
screening,302,1,FAMILY_A_DECEPTION_ONLY,A1,4022218,13043534,b8ebd1b1b8299333,0.06874999999999998,0.19374999999999998,0.93125,0,0,0.1916893115942029,1.0
screening,302,1,FAMILY_A_DECEPTION_ONLY,A2,4022218,13043534,b8ebd1b1b8299333,0.08750000000000002,0.21250000000000002,0.9125,0,0,0.20652173913043478,1.0
screening,302,1,FAMILY_A_DECEPTION_ONLY,A3,4022218,13043534,b8ebd1b1b8299333,0.1328125,0.2578125,0.8671875,0,0,0.21920289855072464,1.0
screening,302,1,FAMILY_A_DECEPTION_ONLY,A4,4022218,13043534,b8ebd1b1b8299333,0.09531250000000002,0.22031250000000002,0.9046875,0,0,0.2570199275362319,1.0
screening,302,1,FAMILY_B_INTERACTION_DENSITY_ONLY,B1,4022218,13043534,b8ebd1b1b8299333,0.11781249999999999,0.2428125,0.8821875,0,0,0.2477355072463768,1.0
screening,302,1,FAMILY_B_INTERACTION_DENSITY_ONLY,B2,4022218,13043534,b8ebd1b1b8299333,0.1673780487804878,0.2923780487804878,0.8326219512195122,0,0,0.2751358695652174,1.0
screening,302,1,FAMILY_B_INTERACTION_DENSITY_ONLY,B3,4022218,13043534,b8ebd1b1b8299333,0.12225609756097566,0.24725609756097566,0.8777439024390243,0,0,0.22984601449275363,1.0
screening,302,1,FAMILY_B_INTERACTION_DENSITY_ONLY,B4,4022218,13043534,b8ebd1b1b8299333,0.12035907859078576,0.24535907859078576,0.8796409214092142,0,0,0.22826086956521738,1.0
screening,302,1,FAMILY_C_CONFLICTING_INTERACTIONS,C1,4022218,13043534,b8ebd1b1b8299333,0.11676767676767674,0.24176767676767674,0.8832323232323233,0,0,0.23324275362318841,1.0
screening,302,1,FAMILY_C_CONFLICTING_INTERACTIONS,C2,4022218,13043534,b8ebd1b1b8299333,0.12783715012722652,0.2528371501272265,0.8721628498727735,0,0,0.21105072463768115,1.0
screening,302,1,FAMILY_C_CONFLICTING_INTERACTIONS,C3,4022218,13043534,b8ebd1b1b8299333,0.09794871794871796,0.22294871794871796,0.902051282051282,0,0,0.20584239130434784,1.0
screening,302,1,FAMILY_C_CONFLICTING_INTERACTIONS,C4,4022218,13043534,b8ebd1b1b8299333,0.037312661498708044,0.16231266149870804,0.962687338501292,0,0,0.2139945652173913,1.0
screening,302,2,FAMILY_A_DECEPTION_ONLY,A1,4022319,13043745,5c5f88e82e20312f,0.13749999999999996,0.26249999999999996,0.8625,0,0,0.2056159420289855,1.0
screening,302,2,FAMILY_A_DECEPTION_ONLY,A2,4022319,13043745,5c5f88e82e20312f,0.043749999999999956,0.16874999999999996,0.95625,0,0,0.18931159420289856,1.0
screening,302,2,FAMILY_A_DECEPTION_ONLY,A3,4022319,13043745,5c5f88e82e20312f,0.025000000000000022,0.15000000000000002,0.975,0,0,0.19259510869565216,1.0
screening,302,2,FAMILY_A_DECEPTION_ONLY,A4,4022319,13043745,5c5f88e82e20312f,0.012499999999999956,0.13749999999999996,0.9875,0,0,0.18704710144927536,1.0
screening,302,2,FAMILY_B_INTERACTION_DENSITY_ONLY,B1,4022319,13043745,5c5f88e82e20312f,0.15281250000000002,0.2778125,0.8471875,0,0,0.19384057971014493,1.0
screening,302,2,FAMILY_B_INTERACTION_DENSITY_ONLY,B2,4022319,13043745,5c5f88e82e20312f,0.040243902439024315,0.16524390243902431,0.9597560975609757,0,0,0.17832880434782608,1.0
screening,302,2,FAMILY_B_INTERACTION_DENSITY_ONLY,B3,4022319,13043745,5c5f88e82e20312f,0.0,0.125,1.0,1,1,0.1850090579710145,1.0
screening,302,2,FAMILY_B_INTERACTION_DENSITY_ONLY,B4,4022319,13043745,5c5f88e82e20312f,0.03685636856368557,0.16185636856368557,0.9631436314363144,0,0,0.18308423913043478,1.0
screening,302,2,FAMILY_C_CONFLICTING_INTERACTIONS,C1,4022319,13043745,5c5f88e82e20312f,0.14050505050505047,0.26550505050505047,0.8594949494949495,0,0,0.22610960144927536,1.0
screening,302,2,FAMILY_C_CONFLICTING_INTERACTIONS,C2,4022319,13043745,5c5f88e82e20312f,0.13648854961832058,0.2614885496183206,0.8635114503816794,0,0,0.22610960144927536,1.0
screening,302,2,FAMILY_C_CONFLICTING_INTERACTIONS,C3,4022319,13043745,5c5f88e82e20312f,0.08153846153846145,0.20653846153846145,0.9184615384615386,0,0,0.1989356884057971,1.0
screening,302,2,FAMILY_C_CONFLICTING_INTERACTIONS,C4,4022319,13043745,5c5f88e82e20312f,0.09612403100775202,0.22112403100775202,0.903875968992248,0,0,0.1928215579710145,1.0
screening,302,3,FAMILY_A_DECEPTION_ONLY,A1,4022420,13043956,72e8e809b65a896e,0.08281249999999996,0.20781249999999996,0.9171875,0,0,0.1975769927536232,1.0
screening,302,3,FAMILY_A_DECEPTION_ONLY,A2,4022420,13043956,72e8e809b65a896e,0.09687500000000004,0.22187500000000004,0.903125,0,0,0.18987771739130435,1.0
screening,302,3,FAMILY_A_DECEPTION_ONLY,A3,4022420,13043956,72e8e809b65a896e,0.050000000000000044,0.17500000000000004,0.95,0,0,0.19519927536231885,1.0
screening,302,3,FAMILY_A_DECEPTION_ONLY,A4,4022420,13043956,72e8e809b65a896e,0.04999999999999993,0.17499999999999993,0.9500000000000001,0,0,0.2132019927536232,1.0
screening,302,3,FAMILY_B_INTERACTION_DENSITY_ONLY,B1,4022420,13043956,72e8e809b65a896e,0.14000000000000012,0.2650000000000001,0.8599999999999999,0,0,0.20153985507246377,1.0
screening,302,3,FAMILY_B_INTERACTION_DENSITY_ONLY,B2,4022420,13043956,72e8e809b65a896e,0.11432926829268286,0.23932926829268286,0.8856707317073171,0,0,0.1640625,1.0
screening,302,3,FAMILY_B_INTERACTION_DENSITY_ONLY,B3,4022420,13043956,72e8e809b65a896e,0.07073170731707323,0.19573170731707323,0.9292682926829268,0,0,0.24128170289855072,1.0
screening,302,3,FAMILY_B_INTERACTION_DENSITY_ONLY,B4,4022420,13043956,72e8e809b65a896e,0.0,0.125,1.0,1,1,0.18534873188405798,1.0
screening,302,3,FAMILY_C_CONFLICTING_INTERACTIONS,C1,4022420,13043956,72e8e809b65a896e,0.11191919191919197,0.23691919191919197,0.888080808080808,0,0,0.2145606884057971,1.0
screening,302,3,FAMILY_C_CONFLICTING_INTERACTIONS,C2,4022420,13043956,72e8e809b65a896e,0.14697201017811712,0.2719720101781171,0.8530279898218829,0,0,0.2269021739130435,1.0
screening,302,3,FAMILY_C_CONFLICTING_INTERACTIONS,C3,4022420,13043956,72e8e809b65a896e,0.1900512820512822,0.3150512820512822,0.8099487179487178,0,0,0.21308876811594202,1.0
screening,302,3,FAMILY_C_CONFLICTING_INTERACTIONS,C4,4022420,13043956,72e8e809b65a896e,0.037312661498708044,0.16231266149870804,0.962687338501292,0,0,0.16802536231884058,1.0
screening,302,4,FAMILY_A_DECEPTION_ONLY,A1,4022521,13044167,74c933e4f4d645df,0.15156249999999993,0.27656249999999993,0.8484375000000001,0,0,0.1978034420289855,1.0
screening,302,4,FAMILY_A_DECEPTION_ONLY,A2,4022521,13044167,74c933e4f4d645df,0.043749999999999956,0.16874999999999996,0.95625,0,0,0.21252264492753623,1.0
screening,302,4,FAMILY_A_DECEPTION_ONLY,A3,4022521,13044167,74c933e4f4d645df,0.10781249999999998,0.23281249999999998,0.8921875,0,0,0.17119565217391305,1.0
screening,302,4,FAMILY_A_DECEPTION_ONLY,A4,4022521,13044167,74c933e4f4d645df,0.09531249999999991,0.2203124999999999,0.9046875000000001,0,0,0.20663496376811594,1.0
screening,302,4,FAMILY_B_INTERACTION_DENSITY_ONLY,B1,4022521,13044167,74c933e4f4d645df,0.08281249999999996,0.20781249999999996,0.9171875,0,0,0.22452445652173914,1.0
screening,302,4,FAMILY_B_INTERACTION_DENSITY_ONLY,B2,4022521,13044167,74c933e4f4d645df,0.040243902439024315,0.16524390243902431,0.9597560975609757,0,0,0.21659873188405798,1.0
screening,302,4,FAMILY_B_INTERACTION_DENSITY_ONLY,B3,4022521,13044167,74c933e4f4d645df,0.12225609756097555,0.24725609756097555,0.8777439024390244,0,0,0.23890398550724637,1.0
screening,302,4,FAMILY_B_INTERACTION_DENSITY_ONLY,B4,4022521,13044167,74c933e4f4d645df,0.03550135501355001,0.16050135501355,0.96449864498645,0,0,0.21557971014492755,1.0
screening,302,4,FAMILY_C_CONFLICTING_INTERACTIONS,C1,4022521,13044167,74c933e4f4d645df,0.11929292929292934,0.24429292929292934,0.8807070707070707,0,0,0.19961503623188406,1.0
screening,302,4,FAMILY_C_CONFLICTING_INTERACTIONS,C2,4022521,13044167,74c933e4f4d645df,0.039287531806615816,0.16428753180661582,0.9607124681933842,0,0,0.2000679347826087,1.0
screening,302,4,FAMILY_C_CONFLICTING_INTERACTIONS,C3,4022521,13044167,74c933e4f4d645df,0.06892307692307698,0.19392307692307698,0.931076923076923,0,0,0.20052083333333334,1.0
screening,302,4,FAMILY_C_CONFLICTING_INTERACTIONS,C4,4022521,13044167,74c933e4f4d645df,0.06945736434108529,0.1944573643410853,0.9305426356589147,0,0,0.20052083333333334,1.0
screening,302,5,FAMILY_A_DECEPTION_ONLY,A1,4022622,13044378,8b227d42c3937bd4,0.0,0.125,1.0,1,1,0.18897192028985507,1.0
screening,302,5,FAMILY_A_DECEPTION_ONLY,A2,4022622,13044378,8b227d42c3937bd4,0.043749999999999956,0.16874999999999996,0.95625,0,0,0.17855525362318841,1.0
screening,302,5,FAMILY_A_DECEPTION_ONLY,A3,4022622,13044378,8b227d42c3937bd4,0.025000000000000022,0.15000000000000002,0.975,0,0,0.20448369565217392,1.0
screening,302,5,FAMILY_A_DECEPTION_ONLY,A4,4022622,13044378,8b227d42c3937bd4,0.025000000000000022,0.15000000000000002,0.975,0,0,0.2105978260869565,1.0
screening,302,5,FAMILY_B_INTERACTION_DENSITY_ONLY,B1,4022622,13044378,8b227d42c3937bd4,0.03500000000000003,0.16000000000000003,0.965,0,0,0.18580163043478262,1.0
screening,302,5,FAMILY_B_INTERACTION_DENSITY_ONLY,B2,4022622,13044378,8b227d42c3937bd4,0.11463414634146352,0.23963414634146352,0.8853658536585365,0,0,0.23097826086956522,1.0
screening,302,5,FAMILY_B_INTERACTION_DENSITY_ONLY,B3,4022622,13044378,8b227d42c3937bd4,0.11951219512195133,0.24451219512195133,0.8804878048780487,0,0,0.19655797101449277,1.0
screening,302,5,FAMILY_B_INTERACTION_DENSITY_ONLY,B4,4022622,13044378,8b227d42c3937bd4,0.03956639566395659,0.1645663956639566,0.9604336043360434,0,0,0.17617753623188406,1.0
screening,302,5,FAMILY_C_CONFLICTING_INTERACTIONS,C1,4022622,13044378,8b227d42c3937bd4,0.0,0.125,1.0,1,1,0.1930480072463768,1.0
screening,302,5,FAMILY_C_CONFLICTING_INTERACTIONS,C2,4022622,13044378,8b227d42c3937bd4,0.08091603053435115,0.20591603053435115,0.9190839694656489,0,0,0.19712409420289856,1.0
screening,302,5,FAMILY_C_CONFLICTING_INTERACTIONS,C3,4022622,13044378,8b227d42c3937bd4,0.18071794871794866,0.30571794871794866,0.8192820512820513,0,0,0.22214673913043478,1.0
screening,302,5,FAMILY_C_CONFLICTING_INTERACTIONS,C4,4022622,13044378,8b227d42c3937bd4,0.10935400516795879,0.2343540051679588,0.8906459948320412,0,0,0.19655797101449277,1.0
screening,302,6,FAMILY_A_DECEPTION_ONLY,A1,4022723,13044589,46e0bda2a1e5bcb6,0.1796875,0.3046875,0.8203125,0,0,0.20606884057971014,1.0
screening,302,6,FAMILY_A_DECEPTION_ONLY,A2,4022723,13044589,46e0bda2a1e5bcb6,0.09687500000000004,0.22187500000000004,0.903125,0,0,0.22860054347826086,1.0
screening,302,6,FAMILY_A_DECEPTION_ONLY,A3,4022723,13044589,46e0bda2a1e5bcb6,0.10000000000000009,0.2250000000000001,0.8999999999999999,0,0,0.17753623188405798,1.0
screening,302,6,FAMILY_A_DECEPTION_ONLY,A4,4022723,13044589,46e0bda2a1e5bcb6,0.04999999999999993,0.17499999999999993,0.9500000000000001,0,0,0.1665534420289855,1.0
screening,302,6,FAMILY_B_INTERACTION_DENSITY_ONLY,B1,4022723,13044589,46e0bda2a1e5bcb6,0.1050000000000001,0.2300000000000001,0.8949999999999999,0,0,0.22033514492753623,1.0
screening,302,6,FAMILY_B_INTERACTION_DENSITY_ONLY,B2,4022723,13044589,46e0bda2a1e5bcb6,0.15518292682926815,0.28018292682926815,0.8448170731707318,0,0,0.19689764492753623,1.0
screening,302,6,FAMILY_B_INTERACTION_DENSITY_ONLY,B3,4022723,13044589,46e0bda2a1e5bcb6,0.19054878048780488,0.3155487804878049,0.8094512195121951,0,0,0.24343297101449277,1.0
screening,302,6,FAMILY_B_INTERACTION_DENSITY_ONLY,B4,4022723,13044589,46e0bda2a1e5bcb6,0.14878048780487818,0.2737804878048782,0.8512195121951218,0,0,0.24852807971014493,1.0
screening,302,6,FAMILY_C_CONFLICTING_INTERACTIONS,C1,4022723,13044589,46e0bda2a1e5bcb6,0.21090909090909093,0.33590909090909093,0.7890909090909091,0,0,0.24784873188405798,1.0
screening,302,6,FAMILY_C_CONFLICTING_INTERACTIONS,C2,4022723,13044589,46e0bda2a1e5bcb6,0.1102290076335879,0.2352290076335879,0.8897709923664121,0,0,0.190330615942029,1.0
screening,302,6,FAMILY_C_CONFLICTING_INTERACTIONS,C3,4022723,13044589,46e0bda2a1e5bcb6,0.16687179487179493,0.29187179487179493,0.8331282051282051,0,0,0.18602807971014493,1.0
screening,302,6,FAMILY_C_CONFLICTING_INTERACTIONS,C4,4022723,13044589,46e0bda2a1e5bcb6,0.07204134366925063,0.19704134366925063,0.9279586563307494,0,0,0.20572916666666666,1.0
screening,302,7,FAMILY_A_DECEPTION_ONLY,A1,4022824,13044800,64c1c735014bddd0,0.13749999999999996,0.26249999999999996,0.8625,0,0,0.19995471014492755,1.0
screening,302,7,FAMILY_A_DECEPTION_ONLY,A2,4022824,13044800,64c1c735014bddd0,0.12656250000000002,0.2515625,0.8734375,0,0,0.1978034420289855,1.0
screening,302,7,FAMILY_A_DECEPTION_ONLY,A3,4022824,13044800,64c1c735014bddd0,0.15781250000000002,0.2828125,0.8421875,0,0,0.18738677536231885,1.0
screening,302,7,FAMILY_A_DECEPTION_ONLY,A4,4022824,13044800,64c1c735014bddd0,0.12031249999999993,0.24531249999999993,0.8796875000000001,0,0,0.19904891304347827,1.0
screening,302,7,FAMILY_B_INTERACTION_DENSITY_ONLY,B1,4022824,13044800,64c1c735014bddd0,0.1050000000000001,0.2300000000000001,0.8949999999999999,0,0,0.24830163043478262,1.0
screening,302,7,FAMILY_B_INTERACTION_DENSITY_ONLY,B2,4022824,13044800,64c1c735014bddd0,0.08048780487804885,0.20548780487804885,0.9195121951219511,0,0,0.23041213768115942,1.0
screening,302,7,FAMILY_B_INTERACTION_DENSITY_ONLY,B3,4022824,13044800,64c1c735014bddd0,0.08048780487804885,0.20548780487804885,0.9195121951219511,0,0,0.23041213768115942,1.0
screening,302,7,FAMILY_B_INTERACTION_DENSITY_ONLY,B4,4022824,13044800,64c1c735014bddd0,0.07913279132791329,0.2041327913279133,0.9208672086720867,0,0,0.20391757246376813,1.0
screening,302,7,FAMILY_C_CONFLICTING_INTERACTIONS,C1,4022824,13044800,64c1c735014bddd0,0.08050505050505063,0.20550505050505063,0.9194949494949494,0,0,0.20391757246376813,1.0
screening,302,7,FAMILY_C_CONFLICTING_INTERACTIONS,C2,4022824,13044800,64c1c735014bddd0,0.07857506361323152,0.20357506361323152,0.9214249363867685,0,0,0.20391757246376813,1.0
screening,302,7,FAMILY_C_CONFLICTING_INTERACTIONS,C3,4022824,13044800,64c1c735014bddd0,0.0740512820512822,0.1990512820512822,0.9259487179487178,0,0,0.20391757246376813,1.0
screening,302,7,FAMILY_C_CONFLICTING_INTERACTIONS,C4,4022824,13044800,64c1c735014bddd0,0.07204134366925063,0.19704134366925063,0.9279586563307494,0,0,0.20391757246376813,1.0
screening,302,8,FAMILY_A_DECEPTION_ONLY,A1,4022925,13045011,b434a3a47fbecf5e,0.13749999999999996,0.26249999999999996,0.8625,0,0,0.2128623188405797,1.0
screening,302,8,FAMILY_A_DECEPTION_ONLY,A2,4022925,13045011,b434a3a47fbecf5e,0.08750000000000002,0.21250000000000002,0.9125,0,0,0.2034646739130435,1.0
screening,302,8,FAMILY_A_DECEPTION_ONLY,A3,4022925,13045011,b434a3a47fbecf5e,0.1578124999999999,0.2828124999999999,0.8421875000000001,0,0,0.2008605072463768,1.0
screening,302,8,FAMILY_A_DECEPTION_ONLY,A4,4022925,13045011,b434a3a47fbecf5e,0.050000000000000044,0.17500000000000004,0.95,0,0,0.21557971014492755,1.0
screening,302,8,FAMILY_B_INTERACTION_DENSITY_ONLY,B1,4022925,13045011,b434a3a47fbecf5e,0.03500000000000003,0.16000000000000003,0.965,0,0,0.22305253623188406,1.0
screening,302,8,FAMILY_B_INTERACTION_DENSITY_ONLY,B2,4022925,13045011,b434a3a47fbecf5e,0.07439024390243898,0.19939024390243898,0.925609756097561,0,0,0.22169384057971014,1.0
screening,302,8,FAMILY_B_INTERACTION_DENSITY_ONLY,B3,4022925,13045011,b434a3a47fbecf5e,0.08048780487804885,0.20548780487804885,0.9195121951219511,0,0,0.22327898550724637,1.0
screening,302,8,FAMILY_B_INTERACTION_DENSITY_ONLY,B4,4022925,13045011,b434a3a47fbecf5e,0.12171409214092133,0.24671409214092133,0.8782859078590787,0,0,0.21274909420289856,1.0
screening,302,8,FAMILY_C_CONFLICTING_INTERACTIONS,C1,4022925,13045011,b434a3a47fbecf5e,0.08050505050505063,0.20550505050505063,0.9194949494949494,0,0,0.22327898550724637,1.0
screening,302,8,FAMILY_C_CONFLICTING_INTERACTIONS,C2,4022925,13045011,b434a3a47fbecf5e,0.1569465648854962,0.2819465648854962,0.8430534351145038,0,0,0.2399230072463768,1.0
screening,302,8,FAMILY_C_CONFLICTING_INTERACTIONS,C3,4022925,13045011,b434a3a47fbecf5e,0.11856410256410255,0.24356410256410255,0.8814358974358975,0,0,0.21478713768115942,1.0
screening,302,8,FAMILY_C_CONFLICTING_INTERACTIONS,C4,4022925,13045011,b434a3a47fbecf5e,0.06945736434108529,0.1944573643410853,0.9305426356589147,0,0,0.19406702898550723,1.0
screening,302,9,FAMILY_A_DECEPTION_ONLY,A1,4023026,13045222,b4d4f5e5b288eccb,0.0,0.125,1.0,1,1,0.22339221014492755,1.0
screening,302,9,FAMILY_A_DECEPTION_ONLY,A2,4023026,13045222,b4d4f5e5b288eccb,0.1265624999999999,0.2515624999999999,0.8734375000000001,0,0,0.203125,1.0
screening,302,9,FAMILY_A_DECEPTION_ONLY,A3,4023026,13045222,b4d4f5e5b288eccb,0.12187500000000007,0.24687500000000007,0.8781249999999999,0,0,0.20425724637681159,1.0
screening,302,9,FAMILY_A_DECEPTION_ONLY,A4,4023026,13045222,b4d4f5e5b288eccb,0.04999999999999993,0.17499999999999993,0.9500000000000001,0,0,0.1802536231884058,1.0
screening,302,9,FAMILY_B_INTERACTION_DENSITY_ONLY,B1,4023026,13045222,b4d4f5e5b288eccb,0.14593750000000005,0.27093750000000005,0.8540625,0,0,0.21161684782608695,1.0
screening,302,9,FAMILY_B_INTERACTION_DENSITY_ONLY,B2,4023026,13045222,b4d4f5e5b288eccb,0.08079268292682917,0.20579268292682917,0.9192073170731708,0,0,0.22475090579710144,1.0
screening,302,9,FAMILY_B_INTERACTION_DENSITY_ONLY,B3,4023026,13045222,b4d4f5e5b288eccb,0.12225609756097555,0.24725609756097555,0.8777439024390244,0,0,0.2212409420289855,1.0
screening,302,9,FAMILY_B_INTERACTION_DENSITY_ONLY,B4,4023026,13045222,b4d4f5e5b288eccb,0.11900406504065031,0.2440040650406503,0.8809959349593497,0,0,0.23335597826086957,1.0
screening,302,9,FAMILY_C_CONFLICTING_INTERACTIONS,C1,4023026,13045222,b4d4f5e5b288eccb,0.12181818181818183,0.24681818181818183,0.8781818181818182,0,0,0.21331521739130435,1.0
screening,302,9,FAMILY_C_CONFLICTING_INTERACTIONS,C2,4023026,13045222,b4d4f5e5b288eccb,0.09720101781170487,0.22220101781170487,0.9027989821882951,0,0,0.2694746376811594,1.0
screening,302,9,FAMILY_C_CONFLICTING_INTERACTIONS,C3,4023026,13045222,b4d4f5e5b288eccb,0.11599999999999999,0.241,0.884,0,0,0.22112771739130435,1.0
screening,302,9,FAMILY_C_CONFLICTING_INTERACTIONS,C4,4023026,13045222,b4d4f5e5b288eccb,0.06945736434108529,0.1944573643410853,0.9305426356589147,0,0,0.20708786231884058,1.0
screening,302,10,FAMILY_A_DECEPTION_ONLY,A1,4023127,13045433,b5c2c47e55a45527,0.13749999999999996,0.26249999999999996,0.8625,0,0,0.1894248188405797,1.0
screening,302,10,FAMILY_A_DECEPTION_ONLY,A2,4023127,13045433,b5c2c47e55a45527,0.08281249999999996,0.20781249999999996,0.9171875,0,0,0.20471014492753623,1.0
screening,302,10,FAMILY_A_DECEPTION_ONLY,A3,4023127,13045433,b5c2c47e55a45527,0.0,0.125,1.0,1,1,0.21161684782608695,1.0
screening,302,10,FAMILY_A_DECEPTION_ONLY,A4,4023127,13045433,b5c2c47e55a45527,0.012499999999999956,0.13749999999999996,0.9875,0,0,0.21365489130434784,1.0
screening,302,10,FAMILY_B_INTERACTION_DENSITY_ONLY,B1,4023127,13045433,b5c2c47e55a45527,0.08281249999999996,0.20781249999999996,0.9171875,0,0,0.21637228260869565,1.0
screening,302,10,FAMILY_B_INTERACTION_DENSITY_ONLY,B2,4023127,13045433,b5c2c47e55a45527,0.08079268292682917,0.20579268292682917,0.9192073170731708,0,0,0.21637228260869565,1.0
screening,302,10,FAMILY_B_INTERACTION_DENSITY_ONLY,B3,4023127,13045433,b5c2c47e55a45527,0.04146341463414638,0.16646341463414638,0.9585365853658536,0,0,0.2128623188405797,1.0
screening,302,10,FAMILY_B_INTERACTION_DENSITY_ONLY,B4,4023127,13045433,b5c2c47e55a45527,0.0,0.125,1.0,1,1,0.21014492753623187,1.0
screening,302,10,FAMILY_C_CONFLICTING_INTERACTIONS,C1,4023127,13045433,b5c2c47e55a45527,0.04656565656565659,0.1715656565656566,0.9534343434343434,0,0,0.21173007246376813,1.0
screening,302,10,FAMILY_C_CONFLICTING_INTERACTIONS,C2,4023127,13045433,b5c2c47e55a45527,0.0,0.125,1.0,1,1,0.21161684782608695,1.0
screening,302,10,FAMILY_C_CONFLICTING_INTERACTIONS,C3,4023127,13045433,b5c2c47e55a45527,0.0,0.125,1.0,1,1,0.20923913043478262,1.0
screening,302,10,FAMILY_C_CONFLICTING_INTERACTIONS,C4,4023127,13045433,b5c2c47e55a45527,0.0,0.125,1.0,1,1,0.20686141304347827,1.0
screening,302,11,FAMILY_A_DECEPTION_ONLY,A1,4023228,13045644,0cb1f69640707db4,0.06874999999999998,0.19374999999999998,0.93125,0,0,0.19372735507246377,1.0
screening,302,11,FAMILY_A_DECEPTION_ONLY,A2,4023228,13045644,0cb1f69640707db4,0.043749999999999956,0.16874999999999996,0.95625,0,0,0.20686141304347827,1.0
screening,302,11,FAMILY_A_DECEPTION_ONLY,A3,4023228,13045644,0cb1f69640707db4,0.050000000000000044,0.17500000000000004,0.95,0,0,0.2184103260869565,1.0
screening,302,11,FAMILY_A_DECEPTION_ONLY,A4,4023228,13045644,0cb1f69640707db4,0.02499999999999991,0.1499999999999999,0.9750000000000001,0,0,0.2184103260869565,1.0
screening,302,11,FAMILY_B_INTERACTION_DENSITY_ONLY,B1,4023228,13045644,0cb1f69640707db4,0.14593750000000005,0.27093750000000005,0.8540625,0,0,0.21161684782608695,1.0
screening,302,11,FAMILY_B_INTERACTION_DENSITY_ONLY,B2,4023228,13045644,0cb1f69640707db4,0.12103658536585349,0.2460365853658535,0.8789634146341465,0,0,0.24909420289855072,1.0
screening,302,11,FAMILY_B_INTERACTION_DENSITY_ONLY,B3,4023228,13045644,0cb1f69640707db4,0.04146341463414638,0.16646341463414638,0.9585365853658536,0,0,0.21263586956521738,1.0
screening,302,11,FAMILY_B_INTERACTION_DENSITY_ONLY,B4,4023228,13045644,0cb1f69640707db4,0.0750677506775067,0.2000677506775067,0.9249322493224933,0,0,0.221580615942029,1.0
screening,302,11,FAMILY_C_CONFLICTING_INTERACTIONS,C1,4023228,13045644,0cb1f69640707db4,0.07797979797979804,0.20297979797979804,0.922020202020202,0,0,0.2218070652173913,1.0
screening,302,11,FAMILY_C_CONFLICTING_INTERACTIONS,C2,4023228,13045644,0cb1f69640707db4,0.11765903307888037,0.24265903307888037,0.8823409669211196,0,0,0.2105978260869565,1.0
screening,302,11,FAMILY_C_CONFLICTING_INTERACTIONS,C3,4023228,13045644,0cb1f69640707db4,0.03958974358974365,0.16458974358974365,0.9604102564102563,0,0,0.2591711956521739,1.0
screening,302,11,FAMILY_C_CONFLICTING_INTERACTIONS,C4,4023228,13045644,0cb1f69640707db4,0.14645994832041342,0.2714599483204134,0.8535400516795866,0,0,0.22112771739130435,1.0
screening,302,12,FAMILY_A_DECEPTION_ONLY,A1,4023329,13045855,55fb9ef828af326c,0.09687500000000004,0.22187500000000004,0.903125,0,0,0.2107110507246377,1.0
screening,302,12,FAMILY_A_DECEPTION_ONLY,A2,4023329,13045855,55fb9ef828af326c,0.043749999999999956,0.16874999999999996,0.95625,0,0,0.25441576086956524,1.0
screening,302,12,FAMILY_A_DECEPTION_ONLY,A3,4023329,13045855,55fb9ef828af326c,0.025000000000000022,0.15000000000000002,0.975,0,0,0.2242980072463768,1.0
screening,302,12,FAMILY_A_DECEPTION_ONLY,A4,4023329,13045855,55fb9ef828af326c,0.10781249999999998,0.23281249999999998,0.8921875,0,0,0.2346014492753623,1.0
screening,302,12,FAMILY_B_INTERACTION_DENSITY_ONLY,B1,4023329,13045855,55fb9ef828af326c,0.09687500000000004,0.22187500000000004,0.903125,0,0,0.21920289855072464,1.0
screening,302,12,FAMILY_B_INTERACTION_DENSITY_ONLY,B2,4023329,13045855,55fb9ef828af326c,0.04634146341463419,0.1713414634146342,0.9536585365853658,0,0,0.20889945652173914,1.0
screening,302,12,FAMILY_B_INTERACTION_DENSITY_ONLY,B3,4023329,13045855,55fb9ef828af326c,0.08079268292682917,0.20579268292682917,0.9192073170731708,0,0,0.24909420289855072,1.0
screening,302,12,FAMILY_B_INTERACTION_DENSITY_ONLY,B4,4023329,13045855,55fb9ef828af326c,0.03956639566395659,0.1645663956639566,0.9604336043360434,0,0,0.24139492753623187,1.0
screening,302,12,FAMILY_C_CONFLICTING_INTERACTIONS,C1,4023329,13045855,55fb9ef828af326c,0.08030303030303021,0.2053030303030302,0.9196969696969698,0,0,0.24909420289855072,1.0
screening,302,12,FAMILY_C_CONFLICTING_INTERACTIONS,C2,4023329,13045855,55fb9ef828af326c,0.03419847328244274,0.15919847328244274,0.9658015267175573,0,0,0.25339673913043476,1.0
screening,302,12,FAMILY_C_CONFLICTING_INTERACTIONS,C3,4023329,13045855,55fb9ef828af326c,0.03446153846153854,0.15946153846153854,0.9655384615384615,0,0,0.24422554347826086,1.0
screening,302,12,FAMILY_C_CONFLICTING_INTERACTIONS,C4,4023329,13045855,55fb9ef828af326c,0.11689922480620152,0.24189922480620152,0.8831007751937985,0,0,0.21671195652173914,1.0
screening,302,13,FAMILY_A_DECEPTION_ONLY,A1,4023430,13046066,243acc5278b2e64d,0.08281249999999996,0.20781249999999996,0.9171875,0,0,0.2206748188405797,1.0
screening,302,13,FAMILY_A_DECEPTION_ONLY,A2,4023430,13046066,243acc5278b2e64d,0.13124999999999998,0.25625,0.86875,0,0,0.22339221014492755,1.0
screening,302,13,FAMILY_A_DECEPTION_ONLY,A3,4023430,13046066,243acc5278b2e64d,0.15781250000000002,0.2828125,0.8421875,0,0,0.23652626811594202,1.0
screening,302,13,FAMILY_A_DECEPTION_ONLY,A4,4023430,13046066,243acc5278b2e64d,0.12187499999999996,0.24687499999999996,0.878125,0,0,0.23120471014492755,1.0
screening,302,13,FAMILY_B_INTERACTION_DENSITY_ONLY,B1,4023430,13046066,243acc5278b2e64d,0.03500000000000003,0.16000000000000003,0.965,0,0,0.21410778985507245,1.0
screening,302,13,FAMILY_B_INTERACTION_DENSITY_ONLY,B2,4023430,13046066,243acc5278b2e64d,0.12103658536585349,0.2460365853658535,0.8789634146341465,0,0,0.18285778985507245,1.0
screening,302,13,FAMILY_B_INTERACTION_DENSITY_ONLY,B3,4023430,13046066,243acc5278b2e64d,0.13597560975609757,0.26097560975609757,0.8640243902439024,0,0,0.2053894927536232,1.0
screening,302,13,FAMILY_B_INTERACTION_DENSITY_ONLY,B4,4023430,13046066,243acc5278b2e64d,0.038211382113821024,0.16321138211382102,0.961788617886179,0,0,0.203125,1.0
screening,302,13,FAMILY_C_CONFLICTING_INTERACTIONS,C1,4023430,13046066,243acc5278b2e64d,0.11444444444444457,0.23944444444444457,0.8855555555555554,0,0,0.21965579710144928,1.0
screening,302,13,FAMILY_C_CONFLICTING_INTERACTIONS,C2,4023430,13046066,243acc5278b2e64d,0.2023409669211197,0.3273409669211197,0.7976590330788803,0,0,0.22780797101449277,1.0
screening,302,13,FAMILY_C_CONFLICTING_INTERACTIONS,C3,4023430,13046066,243acc5278b2e64d,0.08153846153846145,0.20653846153846145,0.9184615384615386,0,0,0.26358695652173914,1.0
screening,302,13,FAMILY_C_CONFLICTING_INTERACTIONS,C4,4023430,13046066,243acc5278b2e64d,0.07462532299741609,0.1996253229974161,0.9253746770025839,0,0,0.245018115942029,1.0
screening,302,14,FAMILY_A_DECEPTION_ONLY,A1,4023531,13046277,9e6fe6d4828c78ce,0.08281249999999996,0.20781249999999996,0.9171875,0,0,0.19485960144927536,1.0
screening,302,14,FAMILY_A_DECEPTION_ONLY,A2,4023531,13046277,9e6fe6d4828c78ce,0.0,0.125,1.0,1,1,0.18897192028985507,1.0
screening,302,14,FAMILY_A_DECEPTION_ONLY,A3,4023531,13046277,9e6fe6d4828c78ce,0.07500000000000007,0.20000000000000007,0.9249999999999999,0,0,0.2162590579710145,1.0
screening,302,14,FAMILY_A_DECEPTION_ONLY,A4,4023531,13046277,9e6fe6d4828c78ce,0.02499999999999991,0.1499999999999999,0.9750000000000001,0,0,0.1928215579710145,1.0
screening,302,14,FAMILY_B_INTERACTION_DENSITY_ONLY,B1,4023531,13046277,9e6fe6d4828c78ce,0.0,0.125,1.0,1,1,0.18897192028985507,1.0
screening,302,14,FAMILY_B_INTERACTION_DENSITY_ONLY,B2,4023531,13046277,9e6fe6d4828c78ce,0.0,0.125,1.0,1,1,0.18625452898550723,1.0
screening,302,14,FAMILY_B_INTERACTION_DENSITY_ONLY,B3,4023531,13046277,9e6fe6d4828c78ce,0.12225609756097555,0.24725609756097555,0.8777439024390244,0,0,0.19655797101449277,1.0
screening,302,14,FAMILY_B_INTERACTION_DENSITY_ONLY,B4,4023531,13046277,9e6fe6d4828c78ce,0.11192411924119239,0.2369241192411924,0.8880758807588076,0,0,0.2223731884057971,1.0
screening,302,14,FAMILY_C_CONFLICTING_INTERACTIONS,C1,4023531,13046277,9e6fe6d4828c78ce,0.07545454545454555,0.20045454545454555,0.9245454545454544,0,0,0.1794610507246377,1.0
screening,302,14,FAMILY_C_CONFLICTING_INTERACTIONS,C2,4023531,13046277,9e6fe6d4828c78ce,0.08091603053435115,0.20591603053435115,0.9190839694656489,0,0,0.2086730072463768,1.0
screening,302,14,FAMILY_C_CONFLICTING_INTERACTIONS,C3,4023531,13046277,9e6fe6d4828c78ce,0.10594871794871796,0.23094871794871796,0.894051282051282,0,0,0.19859601449275363,1.0
screening,302,14,FAMILY_C_CONFLICTING_INTERACTIONS,C4,4023531,13046277,9e6fe6d4828c78ce,0.07204134366925063,0.19704134366925063,0.9279586563307494,0,0,0.19485960144927536,1.0
screening,302,15,FAMILY_A_DECEPTION_ONLY,A1,4023632,13046488,d615f7be955d8136,0.1796875,0.3046875,0.8203125,0,0,0.16474184782608695,1.0
screening,302,15,FAMILY_A_DECEPTION_ONLY,A2,4023632,13046488,d615f7be955d8136,0.140625,0.265625,0.859375,0,0,0.2033514492753623,1.0
screening,302,15,FAMILY_A_DECEPTION_ONLY,A3,4023632,13046488,d615f7be955d8136,0.19687500000000002,0.321875,0.803125,0,0,0.2164855072463768,1.0
screening,302,15,FAMILY_A_DECEPTION_ONLY,A4,4023632,13046488,d615f7be955d8136,0.14687499999999987,0.27187499999999987,0.8531250000000001,0,0,0.2145606884057971,1.0
screening,302,15,FAMILY_B_INTERACTION_DENSITY_ONLY,B1,4023632,13046488,d615f7be955d8136,0.15281250000000002,0.2778125,0.8471875,0,0,0.16021286231884058,1.0
screening,302,15,FAMILY_B_INTERACTION_DENSITY_ONLY,B2,4023632,13046488,d615f7be955d8136,0.1490853658536585,0.2740853658536585,0.8509146341463415,0,0,0.2271286231884058,1.0
screening,302,15,FAMILY_B_INTERACTION_DENSITY_ONLY,B3,4023632,13046488,d615f7be955d8136,0.13841463414634136,0.26341463414634136,0.8615853658536586,0,0,0.20244565217391305,1.0
screening,302,15,FAMILY_B_INTERACTION_DENSITY_ONLY,B4,4023632,13046488,d615f7be955d8136,0.1505081300813007,0.2755081300813007,0.8494918699186993,0,0,0.1403985507246377,1.0
screening,302,15,FAMILY_C_CONFLICTING_INTERACTIONS,C1,4023632,13046488,d615f7be955d8136,0.13797979797979787,0.26297979797979787,0.8620202020202021,0,0,0.20244565217391305,1.0
screening,302,15,FAMILY_C_CONFLICTING_INTERACTIONS,C2,4023632,13046488,d615f7be955d8136,0.1339440203562341,0.2589440203562341,0.8660559796437659,0,0,0.1766304347826087,1.0
screening,302,15,FAMILY_C_CONFLICTING_INTERACTIONS,C3,4023632,13046488,d615f7be955d8136,0.1324102564102564,0.2574102564102564,0.8675897435897436,0,0,0.20244565217391305,1.0
screening,302,15,FAMILY_C_CONFLICTING_INTERACTIONS,C4,4023632,13046488,d615f7be955d8136,0.06687338501291995,0.19187338501291995,0.93312661498708,0,0,0.16474184782608695,1.0
screening,303,0,FAMILY_A_DECEPTION_ONLY,A1,4032124,13063334,1e71f493ec2391bb,0.06874999999999998,0.19374999999999998,0.93125,0,0,0.20493659420289856,1.0
screening,303,0,FAMILY_A_DECEPTION_ONLY,A2,4032124,13063334,1e71f493ec2391bb,0.09687500000000004,0.22187500000000004,0.903125,0,0,0.20448369565217392,1.0
screening,303,0,FAMILY_A_DECEPTION_ONLY,A3,4032124,13063334,1e71f493ec2391bb,0.1328125,0.2578125,0.8671875,0,0,0.25656702898550726,1.0
screening,303,0,FAMILY_A_DECEPTION_ONLY,A4,4032124,13063334,1e71f493ec2391bb,0.04999999999999993,0.17499999999999993,0.9500000000000001,0,0,0.21388134057971014,1.0
screening,303,0,FAMILY_B_INTERACTION_DENSITY_ONLY,B1,4032124,13063334,1e71f493ec2391bb,0.1050000000000001,0.2300000000000001,0.8949999999999999,0,0,0.2539628623188406,1.0
screening,303,0,FAMILY_B_INTERACTION_DENSITY_ONLY,B2,4032124,13063334,1e71f493ec2391bb,0.11463414634146352,0.23963414634146352,0.8853658536585365,0,0,0.24569746376811594,1.0
screening,303,0,FAMILY_B_INTERACTION_DENSITY_ONLY,B3,4032124,13063334,1e71f493ec2391bb,0.11463414634146352,0.23963414634146352,0.8853658536585365,0,0,0.24569746376811594,1.0
screening,303,0,FAMILY_B_INTERACTION_DENSITY_ONLY,B4,4032124,13063334,1e71f493ec2391bb,0.14915311653116525,0.27415311653116525,0.8508468834688347,0,0,0.23867753623188406,1.0
screening,303,0,FAMILY_C_CONFLICTING_INTERACTIONS,C1,4032124,13063334,1e71f493ec2391bb,0.11444444444444457,0.23944444444444457,0.8855555555555554,0,0,0.24898097826086957,1.0
screening,303,0,FAMILY_C_CONFLICTING_INTERACTIONS,C2,4032124,13063334,1e71f493ec2391bb,0.1102290076335879,0.2352290076335879,0.8897709923664121,0,0,0.24898097826086957,1.0
screening,303,0,FAMILY_C_CONFLICTING_INTERACTIONS,C3,4032124,13063334,1e71f493ec2391bb,0.1488205128205129,0.2738205128205129,0.8511794871794871,0,0,0.2504528985507246,1.0
screening,303,0,FAMILY_C_CONFLICTING_INTERACTIONS,C4,4032124,13063334,1e71f493ec2391bb,0.0990180878552972,0.2240180878552972,0.9009819121447028,0,0,0.23346920289855072,1.0
screening,303,1,FAMILY_A_DECEPTION_ONLY,A1,4032225,13063545,20371781b2c6ad67,0.06874999999999998,0.19374999999999998,0.93125,0,0,0.23029891304347827,1.0
screening,303,1,FAMILY_A_DECEPTION_ONLY,A2,4032225,13063545,20371781b2c6ad67,0.043749999999999956,0.16874999999999996,0.95625,0,0,0.22316576086956522,1.0
screening,303,1,FAMILY_A_DECEPTION_ONLY,A3,4032225,13063545,20371781b2c6ad67,0.050000000000000044,0.17500000000000004,0.95,0,0,0.18455615942028986,1.0
screening,303,1,FAMILY_A_DECEPTION_ONLY,A4,4032225,13063545,20371781b2c6ad67,0.04999999999999993,0.17499999999999993,0.9500000000000001,0,0,0.16723278985507245,1.0
screening,303,1,FAMILY_B_INTERACTION_DENSITY_ONLY,B1,4032225,13063545,20371781b2c6ad67,0.08281249999999996,0.20781249999999996,0.9171875,0,0,0.22452445652173914,1.0
screening,303,1,FAMILY_B_INTERACTION_DENSITY_ONLY,B2,4032225,13063545,20371781b2c6ad67,0.07439024390243898,0.19939024390243898,0.925609756097561,0,0,0.18455615942028986,1.0
screening,303,1,FAMILY_B_INTERACTION_DENSITY_ONLY,B3,4032225,13063545,20371781b2c6ad67,0.07804878048780484,0.20304878048780484,0.9219512195121952,0,0,0.1852355072463768,1.0
screening,303,1,FAMILY_B_INTERACTION_DENSITY_ONLY,B4,4032225,13063545,20371781b2c6ad67,0.0818428184281843,0.2068428184281843,0.9181571815718157,0,0,0.22746829710144928,1.0
screening,303,1,FAMILY_C_CONFLICTING_INTERACTIONS,C1,4032225,13063545,20371781b2c6ad67,0.033939393939393936,0.15893939393939394,0.9660606060606061,0,0,0.22792119565217392,1.0
screening,303,1,FAMILY_C_CONFLICTING_INTERACTIONS,C2,4032225,13063545,20371781b2c6ad67,0.12529262086513993,0.2502926208651399,0.8747073791348601,0,0,0.25407608695652173,1.0
screening,303,1,FAMILY_C_CONFLICTING_INTERACTIONS,C3,4032225,13063545,20371781b2c6ad67,0.07661538461538464,0.20161538461538464,0.9233846153846154,0,0,0.18455615942028986,1.0
screening,303,1,FAMILY_C_CONFLICTING_INTERACTIONS,C4,4032225,13063545,20371781b2c6ad67,0.07204134366925063,0.19704134366925063,0.9279586563307494,0,0,0.18455615942028986,1.0
screening,303,2,FAMILY_A_DECEPTION_ONLY,A1,4032326,13063756,a330fd94ce5a0a53,0.06874999999999998,0.19374999999999998,0.93125,0,0,0.21478713768115942,1.0
screening,303,2,FAMILY_A_DECEPTION_ONLY,A2,4032326,13063756,a330fd94ce5a0a53,0.08281249999999996,0.20781249999999996,0.9171875,0,0,0.23086503623188406,1.0
screening,303,2,FAMILY_A_DECEPTION_ONLY,A3,4032326,13063756,a330fd94ce5a0a53,0.025000000000000022,0.15000000000000002,0.975,0,0,0.21920289855072464,1.0
screening,303,2,FAMILY_A_DECEPTION_ONLY,A4,4032326,13063756,a330fd94ce5a0a53,0.09531250000000002,0.22031250000000002,0.9046875,0,0,0.2181838768115942,1.0
screening,303,2,FAMILY_B_INTERACTION_DENSITY_ONLY,B1,4032326,13063756,a330fd94ce5a0a53,0.0,0.125,1.0,1,1,0.23086503623188406,1.0
screening,303,2,FAMILY_B_INTERACTION_DENSITY_ONLY,B2,4032326,13063756,a330fd94ce5a0a53,0.12103658536585349,0.2460365853658535,0.8789634146341465,0,0,0.21942934782608695,1.0
screening,303,2,FAMILY_B_INTERACTION_DENSITY_ONLY,B3,4032326,13063756,a330fd94ce5a0a53,0.07317073170731703,0.19817073170731703,0.926829268292683,0,0,0.23346920289855072,1.0
screening,303,2,FAMILY_B_INTERACTION_DENSITY_ONLY,B4,4032326,13063756,a330fd94ce5a0a53,0.12035907859078576,0.24535907859078576,0.8796409214092142,0,0,0.24422554347826086,1.0
screening,303,2,FAMILY_C_CONFLICTING_INTERACTIONS,C1,4032326,13063756,a330fd94ce5a0a53,0.041515151515151505,0.1665151515151515,0.9584848484848485,0,0,0.2362998188405797,1.0
screening,303,2,FAMILY_C_CONFLICTING_INTERACTIONS,C2,4032326,13063756,a330fd94ce5a0a53,0.07603053435114515,0.20103053435114515,0.9239694656488548,0,0,0.2168251811594203,1.0
screening,303,2,FAMILY_C_CONFLICTING_INTERACTIONS,C3,4032326,13063756,a330fd94ce5a0a53,0.14625641025641023,0.27125641025641023,0.8537435897435898,0,0,0.22078804347826086,1.0
screening,303,2,FAMILY_C_CONFLICTING_INTERACTIONS,C4,4032326,13063756,a330fd94ce5a0a53,0.0347286821705427,0.1597286821705427,0.9652713178294573,0,0,0.2669836956521739,1.0
screening,303,3,FAMILY_A_DECEPTION_ONLY,A1,4032427,13063967,d5fde586d0c3bfff,0.06874999999999998,0.19374999999999998,0.93125,0,0,0.18319746376811594,1.0
screening,303,3,FAMILY_A_DECEPTION_ONLY,A2,4032427,13063967,d5fde586d0c3bfff,0.043749999999999956,0.16874999999999996,0.95625,0,0,0.19089673913043478,1.0
screening,303,3,FAMILY_A_DECEPTION_ONLY,A3,4032427,13063967,d5fde586d0c3bfff,0.10781249999999998,0.23281249999999998,0.8921875,0,0,0.19361413043478262,1.0
screening,303,3,FAMILY_A_DECEPTION_ONLY,A4,4032427,13063967,d5fde586d0c3bfff,0.08281249999999996,0.20781249999999996,0.9171875,0,0,0.19746376811594202,1.0
screening,303,3,FAMILY_B_INTERACTION_DENSITY_ONLY,B1,4032427,13063967,d5fde586d0c3bfff,0.03500000000000003,0.16000000000000003,0.965,0,0,0.1872735507246377,1.0
screening,303,3,FAMILY_B_INTERACTION_DENSITY_ONLY,B2,4032427,13063967,d5fde586d0c3bfff,0.03414634146341455,0.15914634146341455,0.9658536585365854,0,0,0.1905570652173913,1.0
screening,303,3,FAMILY_B_INTERACTION_DENSITY_ONLY,B3,4032427,13063967,d5fde586d0c3bfff,0.08079268292682917,0.20579268292682917,0.9192073170731708,0,0,0.18908514492753623,1.0
screening,303,3,FAMILY_B_INTERACTION_DENSITY_ONLY,B4,4032427,13063967,d5fde586d0c3bfff,0.11764905149051474,0.24264905149051474,0.8823509485094853,0,0,0.18342391304347827,1.0
screening,303,3,FAMILY_C_CONFLICTING_INTERACTIONS,C1,4032427,13063967,d5fde586d0c3bfff,0.08030303030303021,0.2053030303030302,0.9196969696969698,0,0,0.2115036231884058,1.0
screening,303,3,FAMILY_C_CONFLICTING_INTERACTIONS,C2,4032427,13063967,d5fde586d0c3bfff,0.08091603053435115,0.20591603053435115,0.9190839694656489,0,0,0.1897644927536232,1.0
screening,303,3,FAMILY_C_CONFLICTING_INTERACTIONS,C3,4032427,13063967,d5fde586d0c3bfff,0.11599999999999999,0.241,0.884,0,0,0.17595108695652173,1.0
screening,303,3,FAMILY_C_CONFLICTING_INTERACTIONS,C4,4032427,13063967,d5fde586d0c3bfff,0.11689922480620152,0.24189922480620152,0.8831007751937985,0,0,0.17595108695652173,1.0
screening,303,4,FAMILY_A_DECEPTION_ONLY,A1,4032528,13064178,f5fcc88b6d381c01,0.234375,0.359375,0.765625,0,0,0.1640625,1.0
screening,303,4,FAMILY_A_DECEPTION_ONLY,A2,4032528,13064178,f5fcc88b6d381c01,0.18437499999999996,0.30937499999999996,0.815625,0,0,0.1640625,1.0
screening,303,4,FAMILY_A_DECEPTION_ONLY,A3,4032528,13064178,f5fcc88b6d381c01,0.12187500000000007,0.24687500000000007,0.8781249999999999,0,0,0.20923913043478262,1.0
screening,303,4,FAMILY_A_DECEPTION_ONLY,A4,4032528,13064178,f5fcc88b6d381c01,0.10781249999999998,0.23281249999999998,0.8921875,0,0,0.22112771739130435,1.0
screening,303,4,FAMILY_B_INTERACTION_DENSITY_ONLY,B1,4032528,13064178,f5fcc88b6d381c01,0.07000000000000006,0.19500000000000006,0.9299999999999999,0,0,0.19134963768115942,1.0
screening,303,4,FAMILY_B_INTERACTION_DENSITY_ONLY,B2,4032528,13064178,f5fcc88b6d381c01,0.07439024390243898,0.19939024390243898,0.925609756097561,0,0,0.22871376811594202,1.0
screening,303,4,FAMILY_B_INTERACTION_DENSITY_ONLY,B3,4032528,13064178,f5fcc88b6d381c01,0.13597560975609757,0.26097560975609757,0.8640243902439024,0,0,0.19429347826086957,1.0
screening,303,4,FAMILY_B_INTERACTION_DENSITY_ONLY,B4,4032528,13064178,f5fcc88b6d381c01,0.11192411924119239,0.2369241192411924,0.8880758807588076,0,0,0.25554800724637683,1.0
screening,303,4,FAMILY_C_CONFLICTING_INTERACTIONS,C1,4032528,13064178,f5fcc88b6d381c01,0.15828282828282836,0.28328282828282836,0.8417171717171716,0,0,0.2284873188405797,1.0
screening,303,4,FAMILY_C_CONFLICTING_INTERACTIONS,C2,4032528,13064178,f5fcc88b6d381c01,0.03419847328244274,0.15919847328244274,0.9658015267175573,0,0,0.18953804347826086,1.0
screening,303,4,FAMILY_C_CONFLICTING_INTERACTIONS,C3,4032528,13064178,f5fcc88b6d381c01,0.03446153846153854,0.15946153846153854,0.9655384615384615,0,0,0.1989356884057971,1.0
screening,303,4,FAMILY_C_CONFLICTING_INTERACTIONS,C4,4032528,13064178,f5fcc88b6d381c01,0.13633074935400535,0.26133074935400535,0.8636692506459946,0,0,0.23109148550724637,1.0
screening,303,5,FAMILY_A_DECEPTION_ONLY,A1,4032629,13064389,7343ff7ba15c5a77,0.15156250000000004,0.27656250000000004,0.8484375,0,0,0.2184103260869565,1.0
screening,303,5,FAMILY_A_DECEPTION_ONLY,A2,4032629,13064389,7343ff7ba15c5a77,0.08749999999999991,0.2124999999999999,0.9125000000000001,0,0,0.20606884057971014,1.0
screening,303,5,FAMILY_A_DECEPTION_ONLY,A3,4032629,13064389,7343ff7ba15c5a77,0.050000000000000044,0.17500000000000004,0.95,0,0,0.18682065217391305,1.0
screening,303,5,FAMILY_A_DECEPTION_ONLY,A4,4032629,13064389,7343ff7ba15c5a77,0.10781249999999987,0.23281249999999987,0.8921875000000001,0,0,0.16644021739130435,1.0
screening,303,5,FAMILY_B_INTERACTION_DENSITY_ONLY,B1,4032629,13064389,7343ff7ba15c5a77,0.10499999999999998,0.22999999999999998,0.895,0,0,0.20267210144927536,1.0
screening,303,5,FAMILY_B_INTERACTION_DENSITY_ONLY,B2,4032629,13064389,7343ff7ba15c5a77,0.12073170731707317,0.24573170731707317,0.8792682926829268,0,0,0.1722146739130435,1.0
screening,303,5,FAMILY_B_INTERACTION_DENSITY_ONLY,B3,4032629,13064389,7343ff7ba15c5a77,0.08292682926829265,0.20792682926829265,0.9170731707317074,0,0,0.1950860507246377,1.0
screening,303,5,FAMILY_B_INTERACTION_DENSITY_ONLY,B4,4032629,13064389,7343ff7ba15c5a77,0.07913279132791329,0.2041327913279133,0.9208672086720867,0,0,0.1950860507246377,1.0
screening,303,5,FAMILY_C_CONFLICTING_INTERACTIONS,C1,4032629,13064389,7343ff7ba15c5a77,0.08303030303030312,0.20803030303030312,0.9169696969696969,0,0,0.1950860507246377,1.0
screening,303,5,FAMILY_C_CONFLICTING_INTERACTIONS,C2,4032629,13064389,7343ff7ba15c5a77,0.08111959287531811,0.20611959287531811,0.9188804071246819,0,0,0.21750452898550723,1.0
screening,303,5,FAMILY_C_CONFLICTING_INTERACTIONS,C3,4032629,13064389,7343ff7ba15c5a77,0.0740512820512822,0.1990512820512822,0.9259487179487178,0,0,0.17017663043478262,1.0
screening,303,5,FAMILY_C_CONFLICTING_INTERACTIONS,C4,4032629,13064389,7343ff7ba15c5a77,0.10677002583979334,0.23177002583979334,0.8932299741602067,0,0,0.19100996376811594,1.0
screening,303,6,FAMILY_A_DECEPTION_ONLY,A1,4032730,13064600,665dc1e6b660abff,0.09687500000000004,0.22187500000000004,0.903125,0,0,0.22543025362318841,1.0
screening,303,6,FAMILY_A_DECEPTION_ONLY,A2,4032730,13064600,665dc1e6b660abff,0.043749999999999956,0.16874999999999996,0.95625,0,0,0.20187952898550723,1.0
screening,303,6,FAMILY_A_DECEPTION_ONLY,A3,4032730,13064600,665dc1e6b660abff,0.10781249999999998,0.23281249999999998,0.8921875,0,0,0.18263134057971014,1.0
screening,303,6,FAMILY_A_DECEPTION_ONLY,A4,4032730,13064600,665dc1e6b660abff,0.02499999999999991,0.1499999999999999,0.9750000000000001,0,0,0.19384057971014493,1.0
screening,303,6,FAMILY_B_INTERACTION_DENSITY_ONLY,B1,4032730,13064600,665dc1e6b660abff,0.08281249999999996,0.20781249999999996,0.9171875,0,0,0.2000679347826087,1.0
screening,303,6,FAMILY_B_INTERACTION_DENSITY_ONLY,B2,4032730,13064600,665dc1e6b660abff,0.2155487804878048,0.3405487804878048,0.7844512195121952,0,0,0.19372735507246377,1.0
screening,303,6,FAMILY_B_INTERACTION_DENSITY_ONLY,B3,4032730,13064600,665dc1e6b660abff,0.11463414634146352,0.23963414634146352,0.8853658536585365,0,0,0.21478713768115942,1.0
screening,303,6,FAMILY_B_INTERACTION_DENSITY_ONLY,B4,4032730,13064600,665dc1e6b660abff,0.07642276422764216,0.20142276422764216,0.9235772357723578,0,0,0.19067028985507245,1.0
screening,303,6,FAMILY_C_CONFLICTING_INTERACTIONS,C1,4032730,13064600,665dc1e6b660abff,0.1354545454545455,0.2604545454545455,0.8645454545454545,0,0,0.1531929347826087,1.0
screening,303,6,FAMILY_C_CONFLICTING_INTERACTIONS,C2,4032730,13064600,665dc1e6b660abff,0.11511450381679389,0.2401145038167939,0.8848854961832061,0,0,0.21229619565217392,1.0
screening,303,6,FAMILY_C_CONFLICTING_INTERACTIONS,C3,4032730,13064600,665dc1e6b660abff,0.15066666666666684,0.27566666666666684,0.8493333333333332,0,0,0.17595108695652173,1.0
screening,303,6,FAMILY_C_CONFLICTING_INTERACTIONS,C4,4032730,13064600,665dc1e6b660abff,0.16816537467700265,0.29316537467700265,0.8318346253229973,0,0,0.23358242753623187,1.0
screening,303,7,FAMILY_A_DECEPTION_ONLY,A1,4032831,13064811,fcd624611ea58fd0,0.13749999999999996,0.26249999999999996,0.8625,0,0,0.22248641304347827,1.0
screening,303,7,FAMILY_A_DECEPTION_ONLY,A2,4032831,13064811,fcd624611ea58fd0,0.11093750000000002,0.23593750000000002,0.8890625,0,0,0.23177083333333334,1.0
screening,303,7,FAMILY_A_DECEPTION_ONLY,A3,4032831,13064811,fcd624611ea58fd0,0.050000000000000044,0.17500000000000004,0.95,0,0,0.2229393115942029,1.0
screening,303,7,FAMILY_A_DECEPTION_ONLY,A4,4032831,13064811,fcd624611ea58fd0,0.012499999999999956,0.13749999999999996,0.9875,0,0,0.2267889492753623,1.0
screening,303,7,FAMILY_B_INTERACTION_DENSITY_ONLY,B1,4032831,13064811,fcd624611ea58fd0,0.1050000000000001,0.2300000000000001,0.8949999999999999,0,0,0.19418025362318841,1.0
screening,303,7,FAMILY_B_INTERACTION_DENSITY_ONLY,B2,4032831,13064811,fcd624611ea58fd0,0.11493902439024384,0.23993902439024384,0.8850609756097562,0,0,0.2269021739130435,1.0
screening,303,7,FAMILY_B_INTERACTION_DENSITY_ONLY,B3,4032831,13064811,fcd624611ea58fd0,0.11554878048780481,0.24054878048780481,0.8844512195121952,0,0,0.20606884057971014,1.0
screening,303,7,FAMILY_B_INTERACTION_DENSITY_ONLY,B4,4032831,13064811,fcd624611ea58fd0,0.11056910569105682,0.23556910569105682,0.8894308943089432,0,0,0.2084465579710145,1.0
screening,303,7,FAMILY_C_CONFLICTING_INTERACTIONS,C1,4032831,13064811,fcd624611ea58fd0,0.11515151515151523,0.24015151515151523,0.8848484848484848,0,0,0.2321105072463768,1.0
screening,303,7,FAMILY_C_CONFLICTING_INTERACTIONS,C2,4032831,13064811,fcd624611ea58fd0,0.1102290076335879,0.2352290076335879,0.8897709923664121,0,0,0.1899909420289855,1.0
screening,303,7,FAMILY_C_CONFLICTING_INTERACTIONS,C3,4032831,13064811,fcd624611ea58fd0,0.10594871794871796,0.23094871794871796,0.894051282051282,0,0,0.1899909420289855,1.0
screening,303,7,FAMILY_C_CONFLICTING_INTERACTIONS,C4,4032831,13064811,fcd624611ea58fd0,0.104186046511628,0.229186046511628,0.895813953488372,0,0,0.19927536231884058,1.0
screening,303,8,FAMILY_A_DECEPTION_ONLY,A1,4032932,13065022,a3618007069481de,0.0,0.125,1.0,1,1,0.22282608695652173,1.0
screening,303,8,FAMILY_A_DECEPTION_ONLY,A2,4032932,13065022,a3618007069481de,0.08281249999999996,0.20781249999999996,0.9171875,0,0,0.2374320652173913,1.0
screening,303,8,FAMILY_A_DECEPTION_ONLY,A3,4032932,13065022,a3618007069481de,0.1328125,0.2578125,0.8671875,0,0,0.29461050724637683,1.0
screening,303,8,FAMILY_A_DECEPTION_ONLY,A4,4032932,13065022,a3618007069481de,0.04999999999999993,0.17499999999999993,0.9500000000000001,0,0,0.1852355072463768,1.0
screening,303,8,FAMILY_B_INTERACTION_DENSITY_ONLY,B1,4032932,13065022,a3618007069481de,0.0,0.125,1.0,1,1,0.2421875,1.0
screening,303,8,FAMILY_B_INTERACTION_DENSITY_ONLY,B2,4032932,13065022,a3618007069481de,0.12103658536585349,0.2460365853658535,0.8789634146341465,0,0,0.23120471014492755,1.0
screening,303,8,FAMILY_B_INTERACTION_DENSITY_ONLY,B3,4032932,13065022,a3618007069481de,0.08079268292682917,0.20579268292682917,0.9192073170731708,0,0,0.22826086956521738,1.0
screening,303,8,FAMILY_B_INTERACTION_DENSITY_ONLY,B4,4032932,13065022,a3618007069481de,0.11327913279132784,0.23827913279132784,0.8867208672086722,0,0,0.18795289855072464,1.0
screening,303,8,FAMILY_C_CONFLICTING_INTERACTIONS,C1,4032932,13065022,a3618007069481de,0.08030303030303021,0.2053030303030302,0.9196969696969698,0,0,0.23177083333333334,1.0
screening,303,8,FAMILY_C_CONFLICTING_INTERACTIONS,C2,4032932,13065022,a3618007069481de,0.08091603053435115,0.20591603053435115,0.9190839694656489,0,0,0.24139492753623187,1.0
screening,303,8,FAMILY_C_CONFLICTING_INTERACTIONS,C3,4032932,13065022,a3618007069481de,0.20389743589743592,0.3288974358974359,0.7961025641025641,0,0,0.21388134057971014,1.0
screening,303,8,FAMILY_C_CONFLICTING_INTERACTIONS,C4,4032932,13065022,a3618007069481de,0.0347286821705427,0.1597286821705427,0.9652713178294573,0,0,0.2675498188405797,1.0
screening,303,9,FAMILY_A_DECEPTION_ONLY,A1,4033033,13065233,a066acbc7f9c2a72,0.0,0.125,1.0,1,1,0.176856884057971,1.0
screening,303,9,FAMILY_A_DECEPTION_ONLY,A2,4033033,13065233,a066acbc7f9c2a72,0.043749999999999956,0.16874999999999996,0.95625,0,0,0.17708333333333334,1.0
screening,303,9,FAMILY_A_DECEPTION_ONLY,A3,4033033,13065233,a066acbc7f9c2a72,0.050000000000000044,0.17500000000000004,0.95,0,0,0.15828804347826086,1.0
screening,303,9,FAMILY_A_DECEPTION_ONLY,A4,4033033,13065233,a066acbc7f9c2a72,0.02499999999999991,0.1499999999999999,0.9750000000000001,0,0,0.15828804347826086,1.0
screening,303,9,FAMILY_B_INTERACTION_DENSITY_ONLY,B1,4033033,13065233,a066acbc7f9c2a72,0.15281250000000002,0.2778125,0.8471875,0,0,0.15828804347826086,1.0
screening,303,9,FAMILY_B_INTERACTION_DENSITY_ONLY,B2,4033033,13065233,a066acbc7f9c2a72,0.07439024390243898,0.19939024390243898,0.925609756097561,0,0,0.15828804347826086,1.0
screening,303,9,FAMILY_B_INTERACTION_DENSITY_ONLY,B3,4033033,13065233,a066acbc7f9c2a72,0.11493902439024384,0.23993902439024384,0.8850609756097562,0,0,0.1878396739130435,1.0
screening,303,9,FAMILY_B_INTERACTION_DENSITY_ONLY,B4,4033033,13065233,a066acbc7f9c2a72,0.04092140921409204,0.16592140921409204,0.959078590785908,0,0,0.15443840579710144,1.0
screening,303,9,FAMILY_C_CONFLICTING_INTERACTIONS,C1,4033033,13065233,a066acbc7f9c2a72,0.11424242424242426,0.23924242424242426,0.8857575757575757,0,0,0.1878396739130435,1.0
screening,303,9,FAMILY_C_CONFLICTING_INTERACTIONS,C2,4033033,13065233,a066acbc7f9c2a72,0.07348600508905867,0.19848600508905867,0.9265139949109413,0,0,0.15828804347826086,1.0
screening,303,9,FAMILY_C_CONFLICTING_INTERACTIONS,C3,4033033,13065233,a066acbc7f9c2a72,0.0740512820512822,0.1990512820512822,0.9259487179487178,0,0,0.15828804347826086,1.0
screening,303,9,FAMILY_C_CONFLICTING_INTERACTIONS,C4,4033033,13065233,a066acbc7f9c2a72,0.07204134366925063,0.19704134366925063,0.9279586563307494,0,0,0.15828804347826086,1.0
screening,303,10,FAMILY_A_DECEPTION_ONLY,A1,4033134,13065444,defab367fd26f693,0.06874999999999998,0.19374999999999998,0.93125,0,0,0.2061820652173913,1.0
screening,303,10,FAMILY_A_DECEPTION_ONLY,A2,4033134,13065444,defab367fd26f693,0.18437499999999996,0.30937499999999996,0.815625,0,0,0.2526041666666667,1.0
screening,303,10,FAMILY_A_DECEPTION_ONLY,A3,4033134,13065444,defab367fd26f693,0.171875,0.296875,0.828125,0,0,0.2541893115942029,1.0
screening,303,10,FAMILY_A_DECEPTION_ONLY,A4,4033134,13065444,defab367fd26f693,0.03749999999999987,0.16249999999999987,0.9625000000000001,0,0,0.21920289855072464,1.0
screening,303,10,FAMILY_B_INTERACTION_DENSITY_ONLY,B1,4033134,13065444,defab367fd26f693,0.08281249999999996,0.20781249999999996,0.9171875,0,0,0.20969202898550723,1.0
screening,303,10,FAMILY_B_INTERACTION_DENSITY_ONLY,B2,4033134,13065444,defab367fd26f693,0.040243902439024315,0.16524390243902431,0.9597560975609757,0,0,0.19157608695652173,1.0
screening,303,10,FAMILY_B_INTERACTION_DENSITY_ONLY,B3,4033134,13065444,defab367fd26f693,0.1121951219512195,0.2371951219512195,0.8878048780487805,0,0,0.1975769927536232,1.0
screening,303,10,FAMILY_B_INTERACTION_DENSITY_ONLY,B4,4033134,13065444,defab367fd26f693,0.038211382113821024,0.16321138211382102,0.961788617886179,0,0,0.19372735507246377,1.0
screening,303,10,FAMILY_C_CONFLICTING_INTERACTIONS,C1,4033134,13065444,defab367fd26f693,0.11444444444444457,0.23944444444444457,0.8855555555555554,0,0,0.1975769927536232,1.0
screening,303,10,FAMILY_C_CONFLICTING_INTERACTIONS,C2,4033134,13065444,defab367fd26f693,0.036743002544529224,0.16174300254452922,0.9632569974554708,0,0,0.1928215579710145,1.0
screening,303,10,FAMILY_C_CONFLICTING_INTERACTIONS,C3,4033134,13065444,defab367fd26f693,0.15558974358974365,0.28058974358974365,0.8444102564102564,0,0,0.2164855072463768,1.0
screening,303,10,FAMILY_C_CONFLICTING_INTERACTIONS,C4,4033134,13065444,defab367fd26f693,0.10677002583979334,0.23177002583979334,0.8932299741602067,0,0,0.20187952898550723,1.0
screening,303,11,FAMILY_A_DECEPTION_ONLY,A1,4033235,13065655,535416d479080e64,0.06874999999999998,0.19374999999999998,0.93125,0,0,0.20912590579710144,1.0
screening,303,11,FAMILY_A_DECEPTION_ONLY,A2,4033235,13065655,535416d479080e64,0.0,0.125,1.0,1,1,0.21139039855072464,1.0
screening,303,11,FAMILY_A_DECEPTION_ONLY,A3,4033235,13065655,535416d479080e64,0.07500000000000007,0.20000000000000007,0.9249999999999999,0,0,0.20267210144927536,1.0
screening,303,11,FAMILY_A_DECEPTION_ONLY,A4,4033235,13065655,535416d479080e64,0.10781249999999998,0.23281249999999998,0.8921875,0,0,0.21795742753623187,1.0
screening,303,11,FAMILY_B_INTERACTION_DENSITY_ONLY,B1,4033235,13065655,535416d479080e64,0.07000000000000006,0.19500000000000006,0.9299999999999999,0,0,0.22282608695652173,1.0
screening,303,11,FAMILY_B_INTERACTION_DENSITY_ONLY,B2,4033235,13065655,535416d479080e64,0.08048780487804885,0.20548780487804885,0.9195121951219511,0,0,0.22033514492753623,1.0
screening,303,11,FAMILY_B_INTERACTION_DENSITY_ONLY,B3,4033235,13065655,535416d479080e64,0.11981707317073165,0.24481707317073165,0.8801829268292684,0,0,0.215919384057971,1.0
screening,303,11,FAMILY_B_INTERACTION_DENSITY_ONLY,B4,4033235,13065655,535416d479080e64,0.16128048780487803,0.286280487804878,0.838719512195122,0,0,0.1950860507246377,1.0
screening,303,11,FAMILY_C_CONFLICTING_INTERACTIONS,C1,4033235,13065655,535416d479080e64,0.07797979797979804,0.20297979797979804,0.922020202020202,0,0,0.20527626811594202,1.0
screening,303,11,FAMILY_C_CONFLICTING_INTERACTIONS,C2,4033235,13065655,535416d479080e64,0.11277353689567438,0.23777353689567438,0.8872264631043256,0,0,0.2086730072463768,1.0
screening,303,11,FAMILY_C_CONFLICTING_INTERACTIONS,C3,4033235,13065655,535416d479080e64,0.03189743589743599,0.156897435897436,0.968102564102564,0,0,0.21750452898550723,1.0
screening,303,11,FAMILY_C_CONFLICTING_INTERACTIONS,C4,4033235,13065655,535416d479080e64,0.06945736434108529,0.1944573643410853,0.9305426356589147,0,0,0.20550271739130435,1.0
screening,303,12,FAMILY_A_DECEPTION_ONLY,A1,4033336,13065866,7089c1ce0b03e3ab,0.0,0.125,1.0,1,1,0.18546195652173914,1.0
screening,303,12,FAMILY_A_DECEPTION_ONLY,A2,4033336,13065866,7089c1ce0b03e3ab,0.09687500000000004,0.22187500000000004,0.903125,0,0,0.18614130434782608,1.0
screening,303,12,FAMILY_A_DECEPTION_ONLY,A3,4033336,13065866,7089c1ce0b03e3ab,0.1328125,0.2578125,0.8671875,0,0,0.2210144927536232,1.0
screening,303,12,FAMILY_A_DECEPTION_ONLY,A4,4033336,13065866,7089c1ce0b03e3ab,0.10781249999999998,0.23281249999999998,0.8921875,0,0,0.20187952898550723,1.0
screening,303,12,FAMILY_B_INTERACTION_DENSITY_ONLY,B1,4033336,13065866,7089c1ce0b03e3ab,0.1050000000000001,0.2300000000000001,0.8949999999999999,0,0,0.2025588768115942,1.0
screening,303,12,FAMILY_B_INTERACTION_DENSITY_ONLY,B2,4033336,13065866,7089c1ce0b03e3ab,0.11493902439024384,0.23993902439024384,0.8850609756097562,0,0,0.22667572463768115,1.0
screening,303,12,FAMILY_B_INTERACTION_DENSITY_ONLY,B3,4033336,13065866,7089c1ce0b03e3ab,0.12865853658536575,0.25365853658536575,0.8713414634146343,0,0,0.2105978260869565,1.0
screening,303,12,FAMILY_B_INTERACTION_DENSITY_ONLY,B4,4033336,13065866,7089c1ce0b03e3ab,0.038211382113821024,0.16321138211382102,0.961788617886179,0,0,0.19089673913043478,1.0
screening,303,12,FAMILY_C_CONFLICTING_INTERACTIONS,C1,4033336,13065866,7089c1ce0b03e3ab,0.1304040404040403,0.2554040404040403,0.8695959595959597,0,0,0.2111639492753623,1.0
screening,303,12,FAMILY_C_CONFLICTING_INTERACTIONS,C2,4033336,13065866,7089c1ce0b03e3ab,0.11277353689567426,0.23777353689567426,0.8872264631043257,0,0,0.21886322463768115,1.0
screening,303,12,FAMILY_C_CONFLICTING_INTERACTIONS,C3,4033336,13065866,7089c1ce0b03e3ab,0.0740512820512822,0.1990512820512822,0.9259487179487178,0,0,0.21875,1.0
screening,303,12,FAMILY_C_CONFLICTING_INTERACTIONS,C4,4033336,13065866,7089c1ce0b03e3ab,0.09612403100775202,0.22112403100775202,0.903875968992248,0,0,0.2034646739130435,1.0
screening,303,13,FAMILY_A_DECEPTION_ONLY,A1,4033437,13066077,92b92304805d6fc5,0.08281249999999996,0.20781249999999996,0.9171875,0,0,0.20889945652173914,1.0
screening,303,13,FAMILY_A_DECEPTION_ONLY,A2,4033437,13066077,92b92304805d6fc5,0.11093750000000002,0.23593750000000002,0.8890625,0,0,0.19440670289855072,1.0
screening,303,13,FAMILY_A_DECEPTION_ONLY,A3,4033437,13066077,92b92304805d6fc5,0.10000000000000009,0.2250000000000001,0.8999999999999999,0,0,0.23086503623188406,1.0
screening,303,13,FAMILY_A_DECEPTION_ONLY,A4,4033437,13066077,92b92304805d6fc5,0.12031250000000004,0.24531250000000004,0.8796875,0,0,0.2111639492753623,1.0
screening,303,13,FAMILY_B_INTERACTION_DENSITY_ONLY,B1,4033437,13066077,92b92304805d6fc5,0.07000000000000006,0.19500000000000006,0.9299999999999999,0,0,0.18568840579710144,1.0
screening,303,13,FAMILY_B_INTERACTION_DENSITY_ONLY,B2,4033437,13066077,92b92304805d6fc5,0.14847560975609753,0.2734756097560975,0.8515243902439025,0,0,0.23369565217391305,1.0
screening,303,13,FAMILY_B_INTERACTION_DENSITY_ONLY,B3,4033437,13066077,92b92304805d6fc5,0.2115853658536585,0.3365853658536585,0.7884146341463415,0,0,0.18297101449275363,1.0
screening,303,13,FAMILY_B_INTERACTION_DENSITY_ONLY,B4,4033437,13066077,92b92304805d6fc5,0.155860433604336,0.280860433604336,0.844139566395664,0,0,0.26664402173913043,1.0
screening,303,13,FAMILY_C_CONFLICTING_INTERACTIONS,C1,4033437,13066077,92b92304805d6fc5,0.21090909090909093,0.33590909090909093,0.7890909090909091,0,0,0.18297101449275363,1.0
screening,303,13,FAMILY_C_CONFLICTING_INTERACTIONS,C2,4033437,13066077,92b92304805d6fc5,0.11511450381679389,0.2401145038167939,0.8848854961832061,0,0,0.24014945652173914,1.0
screening,303,13,FAMILY_C_CONFLICTING_INTERACTIONS,C3,4033437,13066077,92b92304805d6fc5,0.07661538461538464,0.20161538461538464,0.9233846153846154,0,0,0.19440670289855072,1.0
screening,303,13,FAMILY_C_CONFLICTING_INTERACTIONS,C4,4033437,13066077,92b92304805d6fc5,0.0347286821705427,0.1597286821705427,0.9652713178294573,0,0,0.20425724637681159,1.0
screening,303,14,FAMILY_A_DECEPTION_ONLY,A1,4033538,13066288,f2751a272566c600,0.06874999999999998,0.19374999999999998,0.93125,0,0,0.1911231884057971,1.0
screening,303,14,FAMILY_A_DECEPTION_ONLY,A2,4033538,13066288,f2751a272566c600,0.140625,0.265625,0.859375,0,0,0.22894021739130435,1.0
screening,303,14,FAMILY_A_DECEPTION_ONLY,A3,4033538,13066288,f2751a272566c600,0.09999999999999998,0.22499999999999998,0.9,0,0,0.18591485507246377,1.0
screening,303,14,FAMILY_A_DECEPTION_ONLY,A4,4033538,13066288,f2751a272566c600,0.02499999999999991,0.1499999999999999,0.9750000000000001,0,0,0.203125,1.0
screening,303,14,FAMILY_B_INTERACTION_DENSITY_ONLY,B1,4033538,13066288,f2751a272566c600,0.15281250000000002,0.2778125,0.8471875,0,0,0.20663496376811594,1.0
screening,303,14,FAMILY_B_INTERACTION_DENSITY_ONLY,B2,4033538,13066288,f2751a272566c600,0.14085365853658538,0.2658536585365854,0.8591463414634146,0,0,0.23426177536231885,1.0
screening,303,14,FAMILY_B_INTERACTION_DENSITY_ONLY,B3,4033538,13066288,f2751a272566c600,0.16128048780487803,0.286280487804878,0.838719512195122,0,0,0.21795742753623187,1.0
screening,303,14,FAMILY_B_INTERACTION_DENSITY_ONLY,B4,4033538,13066288,f2751a272566c600,0.0750677506775067,0.2000677506775067,0.9249322493224933,0,0,0.213768115942029,1.0
screening,303,14,FAMILY_C_CONFLICTING_INTERACTIONS,C1,4033538,13066288,f2751a272566c600,0.16080808080808084,0.28580808080808084,0.8391919191919192,0,0,0.21795742753623187,1.0
screening,303,14,FAMILY_C_CONFLICTING_INTERACTIONS,C2,4033538,13066288,f2751a272566c600,0.07603053435114515,0.20103053435114515,0.9239694656488548,0,0,0.23041213768115942,1.0
screening,303,14,FAMILY_C_CONFLICTING_INTERACTIONS,C3,4033538,13066288,f2751a272566c600,0.03702564102564099,0.162025641025641,0.962974358974359,0,0,0.22384510869565216,1.0
screening,303,14,FAMILY_C_CONFLICTING_INTERACTIONS,C4,4033538,13066288,f2751a272566c600,0.0347286821705427,0.1597286821705427,0.9652713178294573,0,0,0.22441123188405798,1.0
screening,303,15,FAMILY_A_DECEPTION_ONLY,A1,4033639,13066499,58090887c1955999,0.06874999999999998,0.19374999999999998,0.93125,0,0,0.18625452898550723,1.0
screening,303,15,FAMILY_A_DECEPTION_ONLY,A2,4033639,13066499,58090887c1955999,0.19843750000000004,0.32343750000000004,0.8015625,0,0,0.21410778985507245,1.0
screening,303,15,FAMILY_A_DECEPTION_ONLY,A3,4033639,13066499,58090887c1955999,0.050000000000000044,0.17500000000000004,0.95,0,0,0.20663496376811594,1.0
screening,303,15,FAMILY_A_DECEPTION_ONLY,A4,4033639,13066499,58090887c1955999,0.025000000000000022,0.15000000000000002,0.975,0,0,0.1821784420289855,1.0
screening,303,15,FAMILY_B_INTERACTION_DENSITY_ONLY,B1,4033639,13066499,58090887c1955999,0.08281249999999996,0.20781249999999996,0.9171875,0,0,0.22203351449275363,1.0
screening,303,15,FAMILY_B_INTERACTION_DENSITY_ONLY,B2,4033639,13066499,58090887c1955999,0.040243902439024315,0.16524390243902431,0.9597560975609757,0,0,0.20923913043478262,1.0
screening,303,15,FAMILY_B_INTERACTION_DENSITY_ONLY,B3,4033639,13066499,58090887c1955999,0.04390243902439017,0.16890243902439017,0.9560975609756098,0,0,0.22169384057971014,1.0
screening,303,15,FAMILY_B_INTERACTION_DENSITY_ONLY,B4,4033639,13066499,58090887c1955999,0.03685636856368557,0.16185636856368557,0.9631436314363144,0,0,0.20980525362318841,1.0
screening,303,15,FAMILY_C_CONFLICTING_INTERACTIONS,C1,4033639,13066499,58090887c1955999,0.08303030303030312,0.20803030303030312,0.9169696969696969,0,0,0.21795742753623187,1.0
screening,303,15,FAMILY_C_CONFLICTING_INTERACTIONS,C2,4033639,13066499,58090887c1955999,0.039287531806615816,0.16428753180661582,0.9607124681933842,0,0,0.18048007246376813,1.0
screening,303,15,FAMILY_C_CONFLICTING_INTERACTIONS,C3,4033639,13066499,58090887c1955999,0.03702564102564099,0.162025641025641,0.962974358974359,0,0,0.20448369565217392,1.0
screening,303,15,FAMILY_C_CONFLICTING_INTERACTIONS,C4,4033639,13066499,58090887c1955999,0.104186046511628,0.229186046511628,0.895813953488372,0,0,0.21614583333333334,1.0
screening,304,0,FAMILY_A_DECEPTION_ONLY,A1,4042131,13083345,4c942e80704f250d,0.06874999999999998,0.19374999999999998,0.93125,0,0,0.1699501811594203,1.0
screening,304,0,FAMILY_A_DECEPTION_ONLY,A2,4042131,13083345,4c942e80704f250d,0.043749999999999956,0.16874999999999996,0.95625,0,0,0.1699501811594203,1.0
screening,304,0,FAMILY_A_DECEPTION_ONLY,A3,4042131,13083345,4c942e80704f250d,0.10781249999999998,0.23281249999999998,0.8921875,0,0,0.1721014492753623,1.0
screening,304,0,FAMILY_A_DECEPTION_ONLY,A4,4042131,13083345,4c942e80704f250d,0.012499999999999956,0.13749999999999996,0.9875,0,0,0.17028985507246377,1.0
screening,304,0,FAMILY_B_INTERACTION_DENSITY_ONLY,B1,4042131,13083345,4c942e80704f250d,0.08281249999999996,0.20781249999999996,0.9171875,0,0,0.18365036231884058,1.0
screening,304,0,FAMILY_B_INTERACTION_DENSITY_ONLY,B2,4042131,13083345,4c942e80704f250d,0.10060975609756084,0.22560975609756084,0.8993902439024392,0,0,0.15828804347826086,1.0
screening,304,0,FAMILY_B_INTERACTION_DENSITY_ONLY,B3,4042131,13083345,4c942e80704f250d,0.04390243902439017,0.16890243902439017,0.9560975609756098,0,0,0.17119565217391305,1.0
screening,304,0,FAMILY_B_INTERACTION_DENSITY_ONLY,B4,4042131,13083345,4c942e80704f250d,0.04498644986449862,0.16998644986449862,0.9550135501355014,0,0,0.1956521739130435,1.0
screening,304,0,FAMILY_C_CONFLICTING_INTERACTIONS,C1,4042131,13083345,4c942e80704f250d,0.04656565656565659,0.1715656565656566,0.9534343434343434,0,0,0.1713088768115942,1.0
screening,304,0,FAMILY_C_CONFLICTING_INTERACTIONS,C2,4042131,13083345,4c942e80704f250d,0.07857506361323152,0.20357506361323152,0.9214249363867685,0,0,0.16972373188405798,1.0
screening,304,0,FAMILY_C_CONFLICTING_INTERACTIONS,C3,4042131,13083345,4c942e80704f250d,0.07148717948717953,0.19648717948717953,0.9285128205128205,0,0,0.16666666666666666,1.0
screening,304,0,FAMILY_C_CONFLICTING_INTERACTIONS,C4,4042131,13083345,4c942e80704f250d,0.12206718346253231,0.2470671834625323,0.8779328165374677,0,0,0.16666666666666666,1.0
screening,304,1,FAMILY_A_DECEPTION_ONLY,A1,4042232,13083556,94d554978268de31,0.13749999999999996,0.26249999999999996,0.8625,0,0,0.17176177536231885,1.0
screening,304,1,FAMILY_A_DECEPTION_ONLY,A2,4042232,13083556,94d554978268de31,0.13124999999999998,0.25625,0.86875,0,0,0.1722146739130435,1.0
screening,304,1,FAMILY_A_DECEPTION_ONLY,A3,4042232,13083556,94d554978268de31,0.07500000000000007,0.20000000000000007,0.9249999999999999,0,0,0.16485507246376813,1.0
screening,304,1,FAMILY_A_DECEPTION_ONLY,A4,4042232,13083556,94d554978268de31,0.03749999999999998,0.16249999999999998,0.9625,0,0,0.16247735507246377,1.0
screening,304,1,FAMILY_B_INTERACTION_DENSITY_ONLY,B1,4042232,13083556,94d554978268de31,0.1050000000000001,0.2300000000000001,0.8949999999999999,0,0,0.16485507246376813,1.0
screening,304,1,FAMILY_B_INTERACTION_DENSITY_ONLY,B2,4042232,13083556,94d554978268de31,0.12682926829268293,0.25182926829268293,0.8731707317073171,0,0,0.16485507246376813,1.0
screening,304,1,FAMILY_B_INTERACTION_DENSITY_ONLY,B3,4042232,13083556,94d554978268de31,0.12195121951219512,0.24695121951219512,0.8780487804878049,0,0,0.16485507246376813,1.0
screening,304,1,FAMILY_B_INTERACTION_DENSITY_ONLY,B4,4042232,13083556,94d554978268de31,0.11869918699186999,0.24369918699187,0.88130081300813,0,0,0.16485507246376813,1.0
screening,304,1,FAMILY_C_CONFLICTING_INTERACTIONS,C1,4042232,13083556,94d554978268de31,0.12454545454545463,0.24954545454545463,0.8754545454545454,0,0,0.16485507246376813,1.0
screening,304,1,FAMILY_C_CONFLICTING_INTERACTIONS,C2,4042232,13083556,94d554978268de31,0.11786259541984745,0.24286259541984745,0.8821374045801526,0,0,0.16485507246376813,1.0
screening,304,1,FAMILY_C_CONFLICTING_INTERACTIONS,C3,4042232,13083556,94d554978268de31,0.11107692307692318,0.23607692307692318,0.8889230769230768,0,0,0.16485507246376813,1.0
screening,304,1,FAMILY_C_CONFLICTING_INTERACTIONS,C4,4042232,13083556,94d554978268de31,0.10677002583979334,0.23177002583979334,0.8932299741602067,0,0,0.16485507246376813,1.0
screening,304,2,FAMILY_A_DECEPTION_ONLY,A1,4042333,13083767,86187a9b8dadf2bb,0.0,0.125,1.0,1,1,0.2033514492753623,1.0
screening,304,2,FAMILY_A_DECEPTION_ONLY,A2,4042333,13083767,86187a9b8dadf2bb,0.08749999999999991,0.2124999999999999,0.9125000000000001,0,0,0.24988677536231885,1.0
screening,304,2,FAMILY_A_DECEPTION_ONLY,A3,4042333,13083767,86187a9b8dadf2bb,0.025000000000000022,0.15000000000000002,0.975,0,0,0.2156929347826087,1.0
screening,304,2,FAMILY_A_DECEPTION_ONLY,A4,4042333,13083767,86187a9b8dadf2bb,0.03749999999999998,0.16249999999999998,0.9625,0,0,0.18874547101449277,1.0
screening,304,2,FAMILY_B_INTERACTION_DENSITY_ONLY,B1,4042333,13083767,86187a9b8dadf2bb,0.07000000000000006,0.19500000000000006,0.9299999999999999,0,0,0.17617753623188406,1.0
screening,304,2,FAMILY_B_INTERACTION_DENSITY_ONLY,B2,4042333,13083767,86187a9b8dadf2bb,0.040243902439024315,0.16524390243902431,0.9597560975609757,0,0,0.21965579710144928,1.0
screening,304,2,FAMILY_B_INTERACTION_DENSITY_ONLY,B3,4042333,13083767,86187a9b8dadf2bb,0.08323170731707308,0.20823170731707308,0.9167682926829269,0,0,0.20516304347826086,1.0
screening,304,2,FAMILY_B_INTERACTION_DENSITY_ONLY,B4,4042333,13083767,86187a9b8dadf2bb,0.08214769647696463,0.20714769647696463,0.9178523035230354,0,0,0.21173007246376813,1.0
screening,304,2,FAMILY_C_CONFLICTING_INTERACTIONS,C1,4042333,13083767,86187a9b8dadf2bb,0.0,0.125,1.0,1,1,0.21206974637681159,1.0
screening,304,2,FAMILY_C_CONFLICTING_INTERACTIONS,C2,4042333,13083767,86187a9b8dadf2bb,0.0,0.125,1.0,1,1,0.198143115942029,1.0
screening,304,2,FAMILY_C_CONFLICTING_INTERACTIONS,C3,4042333,13083767,86187a9b8dadf2bb,0.03702564102564099,0.162025641025641,0.962974358974359,0,0,0.2115036231884058,1.0
screening,304,2,FAMILY_C_CONFLICTING_INTERACTIONS,C4,4042333,13083767,86187a9b8dadf2bb,0.06945736434108529,0.1944573643410853,0.9305426356589147,0,0,0.2115036231884058,1.0
screening,304,3,FAMILY_A_DECEPTION_ONLY,A1,4042434,13083978,940d5550a84e17c1,0.15156250000000004,0.27656250000000004,0.8484375,0,0,0.23358242753623187,1.0
screening,304,3,FAMILY_A_DECEPTION_ONLY,A2,4042434,13083978,940d5550a84e17c1,0.08749999999999991,0.2124999999999999,0.9125000000000001,0,0,0.21195652173913043,1.0
screening,304,3,FAMILY_A_DECEPTION_ONLY,A3,4042434,13083978,940d5550a84e17c1,0.07500000000000007,0.20000000000000007,0.9249999999999999,0,0,0.22192028985507245,1.0
screening,304,3,FAMILY_A_DECEPTION_ONLY,A4,4042434,13083978,940d5550a84e17c1,0.03749999999999987,0.16249999999999987,0.9625000000000001,0,0,0.19655797101449277,1.0
screening,304,3,FAMILY_B_INTERACTION_DENSITY_ONLY,B1,4042434,13083978,940d5550a84e17c1,0.03500000000000003,0.16000000000000003,0.965,0,0,0.198143115942029,1.0
screening,304,3,FAMILY_B_INTERACTION_DENSITY_ONLY,B2,4042434,13083978,940d5550a84e17c1,0.03414634146341455,0.15914634146341455,0.9658536585365854,0,0,0.20153985507246377,1.0
screening,304,3,FAMILY_B_INTERACTION_DENSITY_ONLY,B3,4042434,13083978,940d5550a84e17c1,0.07804878048780484,0.20304878048780484,0.9219512195121952,0,0,0.22746829710144928,1.0
screening,304,3,FAMILY_B_INTERACTION_DENSITY_ONLY,B4,4042434,13083978,940d5550a84e17c1,0.1545731707317073,0.2795731707317073,0.8454268292682927,0,0,0.23765851449275363,1.0
screening,304,3,FAMILY_C_CONFLICTING_INTERACTIONS,C1,4042434,13083978,940d5550a84e17c1,0.08050505050505063,0.20550505050505063,0.9194949494949494,0,0,0.22746829710144928,1.0
screening,304,3,FAMILY_C_CONFLICTING_INTERACTIONS,C2,4042434,13083978,940d5550a84e17c1,0.12274809160305344,0.24774809160305344,0.8772519083969466,0,0,0.2090126811594203,1.0
screening,304,3,FAMILY_C_CONFLICTING_INTERACTIONS,C3,4042434,13083978,940d5550a84e17c1,0.07661538461538464,0.20161538461538464,0.9233846153846154,0,0,0.2321105072463768,1.0
screening,304,3,FAMILY_C_CONFLICTING_INTERACTIONS,C4,4042434,13083978,940d5550a84e17c1,0.10935400516795868,0.23435400516795868,0.8906459948320413,0,0,0.2105978260869565,1.0
screening,304,4,FAMILY_A_DECEPTION_ONLY,A1,4042535,13084189,1d072e05e08e89a8,0.13749999999999996,0.26249999999999996,0.8625,0,0,0.16496829710144928,1.0
screening,304,4,FAMILY_A_DECEPTION_ONLY,A2,4042535,13084189,1d072e05e08e89a8,0.11093750000000002,0.23593750000000002,0.8890625,0,0,0.24309329710144928,1.0
screening,304,4,FAMILY_A_DECEPTION_ONLY,A3,4042535,13084189,1d072e05e08e89a8,0.07500000000000007,0.20000000000000007,0.9249999999999999,0,0,0.21218297101449277,1.0
screening,304,4,FAMILY_A_DECEPTION_ONLY,A4,4042535,13084189,1d072e05e08e89a8,0.03749999999999998,0.16249999999999998,0.9625,0,0,0.20425724637681159,1.0
screening,304,4,FAMILY_B_INTERACTION_DENSITY_ONLY,B1,4042535,13084189,1d072e05e08e89a8,0.07000000000000006,0.19500000000000006,0.9299999999999999,0,0,0.15828804347826086,1.0
screening,304,4,FAMILY_B_INTERACTION_DENSITY_ONLY,B2,4042535,13084189,1d072e05e08e89a8,0.1545731707317073,0.2795731707317073,0.8454268292682927,0,0,0.21173007246376813,1.0
screening,304,4,FAMILY_B_INTERACTION_DENSITY_ONLY,B3,4042535,13084189,1d072e05e08e89a8,0.08048780487804885,0.20548780487804885,0.9195121951219511,0,0,0.17832880434782608,1.0
screening,304,4,FAMILY_B_INTERACTION_DENSITY_ONLY,B4,4042535,13084189,1d072e05e08e89a8,0.04092140921409204,0.16592140921409204,0.959078590785908,0,0,0.17006340579710144,1.0
screening,304,4,FAMILY_C_CONFLICTING_INTERACTIONS,C1,4042535,13084189,1d072e05e08e89a8,0.04656565656565659,0.1715656565656566,0.9534343434343434,0,0,0.17855525362318841,1.0
screening,304,4,FAMILY_C_CONFLICTING_INTERACTIONS,C2,4042535,13084189,1d072e05e08e89a8,0.04437659033078878,0.16937659033078878,0.9556234096692112,0,0,0.17855525362318841,1.0
screening,304,4,FAMILY_C_CONFLICTING_INTERACTIONS,C3,4042535,13084189,1d072e05e08e89a8,0.04471794871794876,0.16971794871794876,0.9552820512820512,0,0,0.17855525362318841,1.0
screening,304,4,FAMILY_C_CONFLICTING_INTERACTIONS,C4,4042535,13084189,1d072e05e08e89a8,0.1337467700258399,0.2587467700258399,0.8662532299741601,0,0,0.22135416666666666,1.0
screening,304,5,FAMILY_A_DECEPTION_ONLY,A1,4042636,13084400,5e10f87e04e1e164,0.13749999999999996,0.26249999999999996,0.8625,0,0,0.1916893115942029,1.0
screening,304,5,FAMILY_A_DECEPTION_ONLY,A2,4042636,13084400,5e10f87e04e1e164,0.140625,0.265625,0.859375,0,0,0.2008605072463768,1.0
screening,304,5,FAMILY_A_DECEPTION_ONLY,A3,4042636,13084400,5e10f87e04e1e164,0.10781249999999998,0.23281249999999998,0.8921875,0,0,0.19395380434782608,1.0
screening,304,5,FAMILY_A_DECEPTION_ONLY,A4,4042636,13084400,5e10f87e04e1e164,0.10781249999999998,0.23281249999999998,0.8921875,0,0,0.17561141304347827,1.0
screening,304,5,FAMILY_B_INTERACTION_DENSITY_ONLY,B1,4042636,13084400,5e10f87e04e1e164,0.11093750000000002,0.23593750000000002,0.8890625,0,0,0.2006340579710145,1.0
screening,304,5,FAMILY_B_INTERACTION_DENSITY_ONLY,B2,4042636,13084400,5e10f87e04e1e164,0.12713414634146336,0.25213414634146336,0.8728658536585366,0,0,0.19236865942028986,1.0
screening,304,5,FAMILY_B_INTERACTION_DENSITY_ONLY,B3,4042636,13084400,5e10f87e04e1e164,0.15640243902439022,0.2814024390243902,0.8435975609756098,0,0,0.17447916666666666,1.0
screening,304,5,FAMILY_B_INTERACTION_DENSITY_ONLY,B4,4042636,13084400,5e10f87e04e1e164,0.12171409214092133,0.24671409214092133,0.8782859078590787,0,0,0.19089673913043478,1.0
screening,304,5,FAMILY_C_CONFLICTING_INTERACTIONS,C1,4042636,13084400,5e10f87e04e1e164,0.15828282828282825,0.28328282828282825,0.8417171717171718,0,0,0.17447916666666666,1.0
screening,304,5,FAMILY_C_CONFLICTING_INTERACTIONS,C2,4042636,13084400,5e10f87e04e1e164,0.11277353689567438,0.23777353689567438,0.8872264631043256,0,0,0.18070652173913043,1.0
screening,304,5,FAMILY_C_CONFLICTING_INTERACTIONS,C3,4042636,13084400,5e10f87e04e1e164,0.11692307692307691,0.2419230769230769,0.8830769230769231,0,0,0.19519927536231885,1.0
screening,304,5,FAMILY_C_CONFLICTING_INTERACTIONS,C4,4042636,13084400,5e10f87e04e1e164,0.11266149870801034,0.23766149870801034,0.8873385012919897,0,0,0.19519927536231885,1.0
screening,304,6,FAMILY_A_DECEPTION_ONLY,A1,4042737,13084611,33a768f40ccf28c2,0.08281249999999996,0.20781249999999996,0.9171875,0,0,0.22056159420289856,1.0
screening,304,6,FAMILY_A_DECEPTION_ONLY,A2,4042737,13084611,33a768f40ccf28c2,0.0,0.125,1.0,1,1,0.20878623188405798,1.0
screening,304,6,FAMILY_A_DECEPTION_ONLY,A3,4042737,13084611,33a768f40ccf28c2,0.09999999999999998,0.22499999999999998,0.9,0,0,0.22282608695652173,1.0
screening,304,6,FAMILY_A_DECEPTION_ONLY,A4,4042737,13084611,33a768f40ccf28c2,0.04999999999999993,0.17499999999999993,0.9500000000000001,0,0,0.23562047101449277,1.0
screening,304,6,FAMILY_B_INTERACTION_DENSITY_ONLY,B1,4042737,13084611,33a768f40ccf28c2,0.0,0.125,1.0,1,1,0.21524003623188406,1.0
screening,304,6,FAMILY_B_INTERACTION_DENSITY_ONLY,B2,4042737,13084611,33a768f40ccf28c2,0.08079268292682917,0.20579268292682917,0.9192073170731708,0,0,0.22803442028985507,1.0
screening,304,6,FAMILY_B_INTERACTION_DENSITY_ONLY,B3,4042737,13084611,33a768f40ccf28c2,0.0,0.125,1.0,1,1,0.20142663043478262,1.0
screening,304,6,FAMILY_B_INTERACTION_DENSITY_ONLY,B4,4042737,13084611,33a768f40ccf28c2,0.0,0.125,1.0,1,1,0.20550271739130435,1.0
screening,304,6,FAMILY_C_CONFLICTING_INTERACTIONS,C1,4042737,13084611,33a768f40ccf28c2,0.0,0.125,1.0,1,1,0.22860054347826086,1.0
screening,304,6,FAMILY_C_CONFLICTING_INTERACTIONS,C2,4042737,13084611,33a768f40ccf28c2,0.0,0.125,1.0,1,1,0.19576539855072464,1.0
screening,304,6,FAMILY_C_CONFLICTING_INTERACTIONS,C3,4042737,13084611,33a768f40ccf28c2,0.0,0.125,1.0,1,1,0.19667119565217392,1.0
screening,304,6,FAMILY_C_CONFLICTING_INTERACTIONS,C4,4042737,13084611,33a768f40ccf28c2,0.0,0.125,1.0,1,1,0.21297554347826086,1.0
screening,304,7,FAMILY_A_DECEPTION_ONLY,A1,4042838,13084822,24c8b2ec1480df5f,0.15156249999999993,0.27656249999999993,0.8484375000000001,0,0,0.26834239130434784,1.0
screening,304,7,FAMILY_A_DECEPTION_ONLY,A2,4042838,13084822,24c8b2ec1480df5f,0.08749999999999991,0.2124999999999999,0.9125000000000001,0,0,0.2680027173913043,1.0
screening,304,7,FAMILY_A_DECEPTION_ONLY,A3,4042838,13084822,24c8b2ec1480df5f,0.07500000000000007,0.20000000000000007,0.9249999999999999,0,0,0.2610960144927536,1.0
screening,304,7,FAMILY_A_DECEPTION_ONLY,A4,4042838,13084822,24c8b2ec1480df5f,0.1328124999999999,0.2578124999999999,0.8671875000000001,0,0,0.22769474637681159,1.0
screening,304,7,FAMILY_B_INTERACTION_DENSITY_ONLY,B1,4042838,13084822,24c8b2ec1480df5f,0.1050000000000001,0.2300000000000001,0.8949999999999999,0,0,0.23358242753623187,1.0
screening,304,7,FAMILY_B_INTERACTION_DENSITY_ONLY,B2,4042838,13084822,24c8b2ec1480df5f,0.11493902439024384,0.23993902439024384,0.8850609756097562,0,0,0.22588315217391305,1.0
screening,304,7,FAMILY_B_INTERACTION_DENSITY_ONLY,B3,4042838,13084822,24c8b2ec1480df5f,0.08292682926829265,0.20792682926829265,0.9170731707317074,0,0,0.20640851449275363,1.0
screening,304,7,FAMILY_B_INTERACTION_DENSITY_ONLY,B4,4042838,13084822,24c8b2ec1480df5f,0.11598915989159897,0.24098915989159897,0.884010840108401,0,0,0.26245471014492755,1.0
screening,304,7,FAMILY_C_CONFLICTING_INTERACTIONS,C1,4042838,13084822,24c8b2ec1480df5f,0.08303030303030312,0.20803030303030312,0.9169696969696969,0,0,0.20640851449275363,1.0
screening,304,7,FAMILY_C_CONFLICTING_INTERACTIONS,C2,4042838,13084822,24c8b2ec1480df5f,0.11531806615776097,0.24031806615776097,0.884681933842239,0,0,0.229393115942029,1.0
screening,304,7,FAMILY_C_CONFLICTING_INTERACTIONS,C3,4042838,13084822,24c8b2ec1480df5f,0.03958974358974365,0.16458974358974365,0.9604102564102563,0,0,0.2156929347826087,1.0
screening,304,7,FAMILY_C_CONFLICTING_INTERACTIONS,C4,4042838,13084822,24c8b2ec1480df5f,0.10677002583979334,0.23177002583979334,0.8932299741602067,0,0,0.22803442028985507,1.0
screening,304,8,FAMILY_A_DECEPTION_ONLY,A1,4042939,13085033,ff009a0519f07bfe,0.0,0.125,1.0,1,1,0.2107110507246377,1.0
screening,304,8,FAMILY_A_DECEPTION_ONLY,A2,4042939,13085033,ff009a0519f07bfe,0.0,0.125,1.0,1,1,0.2056159420289855,1.0
screening,304,8,FAMILY_A_DECEPTION_ONLY,A3,4042939,13085033,ff009a0519f07bfe,0.1328125,0.2578125,0.8671875,0,0,0.2212409420289855,1.0
screening,304,8,FAMILY_A_DECEPTION_ONLY,A4,4042939,13085033,ff009a0519f07bfe,0.04999999999999993,0.17499999999999993,0.9500000000000001,0,0,0.254981884057971,1.0
screening,304,8,FAMILY_B_INTERACTION_DENSITY_ONLY,B1,4042939,13085033,ff009a0519f07bfe,0.13187499999999996,0.25687499999999996,0.868125,0,0,0.2514719202898551,1.0
screening,304,8,FAMILY_B_INTERACTION_DENSITY_ONLY,B2,4042939,13085033,ff009a0519f07bfe,0.0,0.125,1.0,1,1,0.21206974637681159,1.0
screening,304,8,FAMILY_B_INTERACTION_DENSITY_ONLY,B3,4042939,13085033,ff009a0519f07bfe,0.07317073170731703,0.19817073170731703,0.926829268292683,0,0,0.2318840579710145,1.0
screening,304,8,FAMILY_B_INTERACTION_DENSITY_ONLY,B4,4042939,13085033,ff009a0519f07bfe,0.12035907859078576,0.24535907859078576,0.8796409214092142,0,0,0.26743659420289856,1.0
screening,304,8,FAMILY_C_CONFLICTING_INTERACTIONS,C1,4042939,13085033,ff009a0519f07bfe,0.08030303030303021,0.2053030303030302,0.9196969696969698,0,0,0.213768115942029,1.0
screening,304,8,FAMILY_C_CONFLICTING_INTERACTIONS,C2,4042939,13085033,ff009a0519f07bfe,0.1102290076335879,0.2352290076335879,0.8897709923664121,0,0,0.23199728260869565,1.0
screening,304,8,FAMILY_C_CONFLICTING_INTERACTIONS,C3,4042939,13085033,ff009a0519f07bfe,0.1694358974358976,0.2944358974358976,0.8305641025641024,0,0,0.270606884057971,1.0
screening,304,8,FAMILY_C_CONFLICTING_INTERACTIONS,C4,4042939,13085033,ff009a0519f07bfe,0.08217054263565882,0.20717054263565882,0.9178294573643412,0,0,0.19633152173913043,1.0
screening,304,9,FAMILY_A_DECEPTION_ONLY,A1,4043040,13085244,3a2bae1e70c73582,0.13749999999999996,0.26249999999999996,0.8625,0,0,0.2145606884057971,1.0
screening,304,9,FAMILY_A_DECEPTION_ONLY,A2,4043040,13085244,3a2bae1e70c73582,0.13124999999999998,0.25625,0.86875,0,0,0.2006340579710145,1.0
screening,304,9,FAMILY_A_DECEPTION_ONLY,A3,4043040,13085244,3a2bae1e70c73582,0.07500000000000007,0.20000000000000007,0.9249999999999999,0,0,0.2189764492753623,1.0
screening,304,9,FAMILY_A_DECEPTION_ONLY,A4,4043040,13085244,3a2bae1e70c73582,0.04999999999999993,0.17499999999999993,0.9500000000000001,0,0,0.20799365942028986,1.0
screening,304,9,FAMILY_B_INTERACTION_DENSITY_ONLY,B1,4043040,13085244,3a2bae1e70c73582,0.1050000000000001,0.2300000000000001,0.8949999999999999,0,0,0.2090126811594203,1.0
screening,304,9,FAMILY_B_INTERACTION_DENSITY_ONLY,B2,4043040,13085244,3a2bae1e70c73582,0.06829268292682922,0.19329268292682922,0.9317073170731708,0,0,0.19769021739130435,1.0
screening,304,9,FAMILY_B_INTERACTION_DENSITY_ONLY,B3,4043040,13085244,3a2bae1e70c73582,0.07317073170731703,0.19817073170731703,0.926829268292683,0,0,0.21218297101449277,1.0
screening,304,9,FAMILY_B_INTERACTION_DENSITY_ONLY,B4,4043040,13085244,3a2bae1e70c73582,0.07642276422764216,0.20142276422764216,0.9235772357723578,0,0,0.21478713768115942,1.0
screening,304,9,FAMILY_C_CONFLICTING_INTERACTIONS,C1,4043040,13085244,3a2bae1e70c73582,0.11444444444444457,0.23944444444444457,0.8855555555555554,0,0,0.22792119565217392,1.0
screening,304,9,FAMILY_C_CONFLICTING_INTERACTIONS,C2,4043040,13085244,3a2bae1e70c73582,0.1102290076335879,0.2352290076335879,0.8897709923664121,0,0,0.23516757246376813,1.0
screening,304,9,FAMILY_C_CONFLICTING_INTERACTIONS,C3,4043040,13085244,3a2bae1e70c73582,0.10851282051282063,0.23351282051282063,0.8914871794871794,0,0,0.23516757246376813,1.0
screening,304,9,FAMILY_C_CONFLICTING_INTERACTIONS,C4,4043040,13085244,3a2bae1e70c73582,0.06687338501291995,0.19187338501291995,0.93312661498708,0,0,0.2103713768115942,1.0
screening,304,10,FAMILY_A_DECEPTION_ONLY,A1,4043141,13085455,904180888c7f29fb,0.13749999999999996,0.26249999999999996,0.8625,0,0,0.20935235507246377,1.0
screening,304,10,FAMILY_A_DECEPTION_ONLY,A2,4043141,13085455,904180888c7f29fb,0.13124999999999987,0.25624999999999987,0.8687500000000001,0,0,0.19599184782608695,1.0
screening,304,10,FAMILY_A_DECEPTION_ONLY,A3,4043141,13085455,904180888c7f29fb,0.15781250000000002,0.2828125,0.8421875,0,0,0.14945652173913043,1.0
screening,304,10,FAMILY_A_DECEPTION_ONLY,A4,4043141,13085455,904180888c7f29fb,0.10781249999999998,0.23281249999999998,0.8921875,0,0,0.19610507246376813,1.0
screening,304,10,FAMILY_B_INTERACTION_DENSITY_ONLY,B1,4043141,13085455,904180888c7f29fb,0.03500000000000003,0.16000000000000003,0.965,0,0,0.16270380434782608,1.0
screening,304,10,FAMILY_B_INTERACTION_DENSITY_ONLY,B2,4043141,13085455,904180888c7f29fb,0.12103658536585349,0.2460365853658535,0.8789634146341465,0,0,0.17798913043478262,1.0
screening,304,10,FAMILY_B_INTERACTION_DENSITY_ONLY,B3,4043141,13085455,904180888c7f29fb,0.15640243902439022,0.2814024390243902,0.8435975609756098,0,0,0.16519474637681159,1.0
screening,304,10,FAMILY_B_INTERACTION_DENSITY_ONLY,B4,4043141,13085455,904180888c7f29fb,0.1954268292682927,0.3204268292682927,0.8045731707317073,0,0,0.18104619565217392,1.0
screening,304,10,FAMILY_C_CONFLICTING_INTERACTIONS,C1,4043141,13085455,904180888c7f29fb,0.17444444444444462,0.2994444444444446,0.8255555555555554,0,0,0.1721014492753623,1.0
screening,304,10,FAMILY_C_CONFLICTING_INTERACTIONS,C2,4043141,13085455,904180888c7f29fb,0.12274809160305344,0.24774809160305344,0.8772519083969466,0,0,0.16836503623188406,1.0
screening,304,10,FAMILY_C_CONFLICTING_INTERACTIONS,C3,4043141,13085455,904180888c7f29fb,0.1900512820512822,0.3150512820512822,0.8099487179487178,0,0,0.1956521739130435,1.0
screening,304,10,FAMILY_C_CONFLICTING_INTERACTIONS,C4,4043141,13085455,904180888c7f29fb,0.07204134366925063,0.19704134366925063,0.9279586563307494,0,0,0.1827445652173913,1.0
screening,304,11,FAMILY_A_DECEPTION_ONLY,A1,4043242,13085666,f5dd6bfdeb2bb1d4,0.0,0.125,1.0,1,1,0.2132019927536232,1.0
screening,304,11,FAMILY_A_DECEPTION_ONLY,A2,4043242,13085666,f5dd6bfdeb2bb1d4,0.13124999999999998,0.25625,0.86875,0,0,0.203125,1.0
screening,304,11,FAMILY_A_DECEPTION_ONLY,A3,4043242,13085666,f5dd6bfdeb2bb1d4,0.07500000000000007,0.20000000000000007,0.9249999999999999,0,0,0.221580615942029,1.0
screening,304,11,FAMILY_A_DECEPTION_ONLY,A4,4043242,13085666,f5dd6bfdeb2bb1d4,0.03749999999999998,0.16249999999999998,0.9625,0,0,0.23335597826086957,1.0
screening,304,11,FAMILY_B_INTERACTION_DENSITY_ONLY,B1,4043242,13085666,f5dd6bfdeb2bb1d4,0.1050000000000001,0.2300000000000001,0.8949999999999999,0,0,0.2078804347826087,1.0
screening,304,11,FAMILY_B_INTERACTION_DENSITY_ONLY,B2,4043242,13085666,f5dd6bfdeb2bb1d4,0.14847560975609753,0.2734756097560975,0.8515243902439025,0,0,0.22995923913043478,1.0
screening,304,11,FAMILY_B_INTERACTION_DENSITY_ONLY,B3,4043242,13085666,f5dd6bfdeb2bb1d4,0.12225609756097555,0.24725609756097555,0.8777439024390244,0,0,0.23369565217391305,1.0
screening,304,11,FAMILY_B_INTERACTION_DENSITY_ONLY,B4,4043242,13085666,f5dd6bfdeb2bb1d4,0.08048780487804885,0.20548780487804885,0.9195121951219511,0,0,0.21218297101449277,1.0
screening,304,11,FAMILY_C_CONFLICTING_INTERACTIONS,C1,4043242,13085666,f5dd6bfdeb2bb1d4,0.041515151515151505,0.1665151515151515,0.9584848484848485,0,0,0.20233242753623187,1.0
screening,304,11,FAMILY_C_CONFLICTING_INTERACTIONS,C2,4043242,13085666,f5dd6bfdeb2bb1d4,0.08346055979643763,0.20846055979643763,0.9165394402035624,0,0,0.21875,1.0
screening,304,11,FAMILY_C_CONFLICTING_INTERACTIONS,C3,4043242,13085666,f5dd6bfdeb2bb1d4,0.0953846153846154,0.2203846153846154,0.9046153846153846,0,0,0.2458106884057971,1.0
screening,304,11,FAMILY_C_CONFLICTING_INTERACTIONS,C4,4043242,13085666,f5dd6bfdeb2bb1d4,0.11948320413436686,0.24448320413436686,0.8805167958656331,0,0,0.2107110507246377,1.0
screening,304,12,FAMILY_A_DECEPTION_ONLY,A1,4043343,13085877,6fa20f27ea55d506,0.06874999999999998,0.19374999999999998,0.93125,0,0,0.2399230072463768,1.0
screening,304,12,FAMILY_A_DECEPTION_ONLY,A2,4043343,13085877,6fa20f27ea55d506,0.0,0.125,1.0,1,1,0.2452445652173913,1.0
screening,304,12,FAMILY_A_DECEPTION_ONLY,A3,4043343,13085877,6fa20f27ea55d506,0.050000000000000044,0.17500000000000004,0.95,0,0,0.23301630434782608,1.0
screening,304,12,FAMILY_A_DECEPTION_ONLY,A4,4043343,13085877,6fa20f27ea55d506,0.012499999999999956,0.13749999999999996,0.9875,0,0,0.24479166666666666,1.0
screening,304,12,FAMILY_B_INTERACTION_DENSITY_ONLY,B1,4043343,13085877,6fa20f27ea55d506,0.03500000000000003,0.16000000000000003,0.965,0,0,0.284080615942029,1.0
screening,304,12,FAMILY_B_INTERACTION_DENSITY_ONLY,B2,4043343,13085877,6fa20f27ea55d506,0.0,0.125,1.0,1,1,0.24343297101449277,1.0
screening,304,12,FAMILY_B_INTERACTION_DENSITY_ONLY,B3,4043343,13085877,6fa20f27ea55d506,0.0,0.125,1.0,1,1,0.23890398550724637,1.0
screening,304,12,FAMILY_B_INTERACTION_DENSITY_ONLY,B4,4043343,13085877,6fa20f27ea55d506,0.04092140921409204,0.16592140921409204,0.959078590785908,0,0,0.2505661231884058,1.0
screening,304,12,FAMILY_C_CONFLICTING_INTERACTIONS,C1,4043343,13085877,6fa20f27ea55d506,0.0,0.125,1.0,1,1,0.24003623188405798,1.0
screening,304,12,FAMILY_C_CONFLICTING_INTERACTIONS,C2,4043343,13085877,6fa20f27ea55d506,0.036743002544529224,0.16174300254452922,0.9632569974554708,0,0,0.24094202898550723,1.0
screening,304,12,FAMILY_C_CONFLICTING_INTERACTIONS,C3,4043343,13085877,6fa20f27ea55d506,0.03702564102564099,0.162025641025641,0.962974358974359,0,0,0.24705615942028986,1.0
screening,304,12,FAMILY_C_CONFLICTING_INTERACTIONS,C4,4043343,13085877,6fa20f27ea55d506,0.0347286821705427,0.1597286821705427,0.9652713178294573,0,0,0.296875,1.0
screening,304,13,FAMILY_A_DECEPTION_ONLY,A1,4043444,13086088,174441d82e436b64,0.15156250000000004,0.27656250000000004,0.8484375,0,0,0.1486639492753623,1.0
screening,304,13,FAMILY_A_DECEPTION_ONLY,A2,4043444,13086088,174441d82e436b64,0.0,0.125,1.0,1,1,0.1878396739130435,1.0
screening,304,13,FAMILY_A_DECEPTION_ONLY,A3,4043444,13086088,174441d82e436b64,0.025000000000000022,0.15000000000000002,0.975,0,0,0.16802536231884058,1.0
screening,304,13,FAMILY_A_DECEPTION_ONLY,A4,4043444,13086088,174441d82e436b64,0.012499999999999956,0.13749999999999996,0.9875,0,0,0.1799139492753623,1.0
screening,304,13,FAMILY_B_INTERACTION_DENSITY_ONLY,B1,4043444,13086088,174441d82e436b64,0.15281250000000002,0.2778125,0.8471875,0,0,0.20935235507246377,1.0
screening,304,13,FAMILY_B_INTERACTION_DENSITY_ONLY,B2,4043444,13086088,174441d82e436b64,0.07439024390243898,0.19939024390243898,0.925609756097561,0,0,0.19655797101449277,1.0
screening,304,13,FAMILY_B_INTERACTION_DENSITY_ONLY,B3,4043444,13086088,174441d82e436b64,0.11707317073170731,0.2420731707317073,0.8829268292682927,0,0,0.17504528985507245,1.0
screening,304,13,FAMILY_B_INTERACTION_DENSITY_ONLY,B4,4043444,13086088,174441d82e436b64,0.11764905149051474,0.24264905149051474,0.8823509485094853,0,0,0.17289402173913043,1.0
screening,304,13,FAMILY_C_CONFLICTING_INTERACTIONS,C1,4043444,13086088,174441d82e436b64,0.04404040404040399,0.169040404040404,0.955959595959596,0,0,0.16802536231884058,1.0
screening,304,13,FAMILY_C_CONFLICTING_INTERACTIONS,C2,4043444,13086088,174441d82e436b64,0.0418320610687023,0.1668320610687023,0.9581679389312977,0,0,0.16802536231884058,1.0
screening,304,13,FAMILY_C_CONFLICTING_INTERACTIONS,C3,4043444,13086088,174441d82e436b64,0.04215384615384621,0.1671538461538462,0.9578461538461538,0,0,0.16802536231884058,1.0
screening,304,13,FAMILY_C_CONFLICTING_INTERACTIONS,C4,4043444,13086088,174441d82e436b64,0.0398966408268735,0.1648966408268735,0.9601033591731265,0,0,0.16802536231884058,1.0
screening,304,14,FAMILY_A_DECEPTION_ONLY,A1,4043545,13086299,7b7cb4da7377b53c,0.15156250000000004,0.27656250000000004,0.8484375,0,0,0.18908514492753623,1.0
screening,304,14,FAMILY_A_DECEPTION_ONLY,A2,4043545,13086299,7b7cb4da7377b53c,0.043749999999999956,0.16874999999999996,0.95625,0,0,0.19259510869565216,1.0
screening,304,14,FAMILY_A_DECEPTION_ONLY,A3,4043545,13086299,7b7cb4da7377b53c,0.10781249999999998,0.23281249999999998,0.8921875,0,0,0.19395380434782608,1.0
screening,304,14,FAMILY_A_DECEPTION_ONLY,A4,4043545,13086299,7b7cb4da7377b53c,0.0625,0.1875,0.9375,0,0,0.21206974637681159,1.0
screening,304,14,FAMILY_B_INTERACTION_DENSITY_ONLY,B1,4043545,13086299,7b7cb4da7377b53c,0.07000000000000006,0.19500000000000006,0.9299999999999999,0,0,0.20153985507246377,1.0
screening,304,14,FAMILY_B_INTERACTION_DENSITY_ONLY,B2,4043545,13086299,7b7cb4da7377b53c,0.12103658536585349,0.2460365853658535,0.8789634146341465,0,0,0.19667119565217392,1.0
screening,304,14,FAMILY_B_INTERACTION_DENSITY_ONLY,B3,4043545,13086299,7b7cb4da7377b53c,0.09451219512195119,0.2195121951219512,0.9054878048780488,0,0,0.22044836956521738,1.0
screening,304,14,FAMILY_B_INTERACTION_DENSITY_ONLY,B4,4043545,13086299,7b7cb4da7377b53c,0.08079268292682917,0.20579268292682917,0.9192073170731708,0,0,0.18534873188405798,1.0
screening,304,14,FAMILY_C_CONFLICTING_INTERACTIONS,C1,4043545,13086299,7b7cb4da7377b53c,0.04404040404040399,0.169040404040404,0.955959595959596,0,0,0.19191576086956522,1.0
screening,304,14,FAMILY_C_CONFLICTING_INTERACTIONS,C2,4043545,13086299,7b7cb4da7377b53c,0.04437659033078878,0.16937659033078878,0.9556234096692112,0,0,0.1869338768115942,1.0
screening,304,14,FAMILY_C_CONFLICTING_INTERACTIONS,C3,4043545,13086299,7b7cb4da7377b53c,0.12369230769230766,0.24869230769230766,0.8763076923076923,0,0,0.18817934782608695,1.0
screening,304,14,FAMILY_C_CONFLICTING_INTERACTIONS,C4,4043545,13086299,7b7cb4da7377b53c,0.037312661498708044,0.16231266149870804,0.962687338501292,0,0,0.19327445652173914,1.0
screening,304,15,FAMILY_A_DECEPTION_ONLY,A1,4043646,13086510,22b75506e7d79db7,0.09687500000000004,0.22187500000000004,0.903125,0,0,0.2563405797101449,1.0
screening,304,15,FAMILY_A_DECEPTION_ONLY,A2,4043646,13086510,22b75506e7d79db7,0.08749999999999991,0.2124999999999999,0.9125000000000001,0,0,0.22169384057971014,1.0
screening,304,15,FAMILY_A_DECEPTION_ONLY,A3,4043646,13086510,22b75506e7d79db7,0.15781250000000002,0.2828125,0.8421875,0,0,0.22588315217391305,1.0
screening,304,15,FAMILY_A_DECEPTION_ONLY,A4,4043646,13086510,22b75506e7d79db7,0.1328125,0.2578125,0.8671875,0,0,0.17040307971014493,1.0
screening,304,15,FAMILY_B_INTERACTION_DENSITY_ONLY,B1,4043646,13086510,22b75506e7d79db7,0.14593750000000005,0.27093750000000005,0.8540625,0,0,0.26902173913043476,1.0
screening,304,15,FAMILY_B_INTERACTION_DENSITY_ONLY,B2,4043646,13086510,22b75506e7d79db7,0.12073170731707317,0.24573170731707317,0.8792682926829268,0,0,0.2301856884057971,1.0
screening,304,15,FAMILY_B_INTERACTION_DENSITY_ONLY,B3,4043646,13086510,22b75506e7d79db7,0.16128048780487803,0.286280487804878,0.838719512195122,0,0,0.23924365942028986,1.0
screening,304,15,FAMILY_B_INTERACTION_DENSITY_ONLY,B4,4043646,13086510,22b75506e7d79db7,0.16263550135501348,0.2876355013550135,0.8373644986449865,0,0,0.20097373188405798,1.0
screening,304,15,FAMILY_C_CONFLICTING_INTERACTIONS,C1,4043646,13086510,22b75506e7d79db7,0.11444444444444457,0.23944444444444457,0.8855555555555554,0,0,0.20686141304347827,1.0
screening,304,15,FAMILY_C_CONFLICTING_INTERACTIONS,C2,4043646,13086510,22b75506e7d79db7,0.10768447837150141,0.2326844783715014,0.8923155216284986,0,0,0.20686141304347827,1.0
screening,304,15,FAMILY_C_CONFLICTING_INTERACTIONS,C3,4043646,13086510,22b75506e7d79db7,0.07148717948717953,0.19648717948717953,0.9285128205128205,0,0,0.23007246376811594,1.0
screening,304,15,FAMILY_C_CONFLICTING_INTERACTIONS,C4,4043646,13086510,22b75506e7d79db7,0.06687338501291995,0.19187338501291995,0.93312661498708,0,0,0.23007246376811594,1.0
screening,305,0,FAMILY_A_DECEPTION_ONLY,A1,4052138,13103356,d0afb97f067f39bd,0.0,0.125,1.0,1,1,0.21308876811594202,1.0
screening,305,0,FAMILY_A_DECEPTION_ONLY,A2,4052138,13103356,d0afb97f067f39bd,0.08281249999999996,0.20781249999999996,0.9171875,0,0,0.22826086956521738,1.0
screening,305,0,FAMILY_A_DECEPTION_ONLY,A3,4052138,13103356,d0afb97f067f39bd,0.0,0.125,1.0,1,1,0.20493659420289856,1.0
screening,305,0,FAMILY_A_DECEPTION_ONLY,A4,4052138,13103356,d0afb97f067f39bd,0.03749999999999998,0.16249999999999998,0.9625,0,0,0.1794610507246377,1.0
screening,305,0,FAMILY_B_INTERACTION_DENSITY_ONLY,B1,4052138,13103356,d0afb97f067f39bd,0.11781249999999999,0.2428125,0.8821875,0,0,0.2240715579710145,1.0
screening,305,0,FAMILY_B_INTERACTION_DENSITY_ONLY,B2,4052138,13103356,d0afb97f067f39bd,0.0,0.125,1.0,1,1,0.22667572463768115,1.0
screening,305,0,FAMILY_B_INTERACTION_DENSITY_ONLY,B3,4052138,13103356,d0afb97f067f39bd,0.03658536585365857,0.16158536585365857,0.9634146341463414,0,0,0.21557971014492755,1.0
screening,305,0,FAMILY_B_INTERACTION_DENSITY_ONLY,B4,4052138,13103356,d0afb97f067f39bd,0.11056910569105682,0.23556910569105682,0.8894308943089432,0,0,0.24649003623188406,1.0
screening,305,0,FAMILY_C_CONFLICTING_INTERACTIONS,C1,4052138,13103356,d0afb97f067f39bd,0.12181818181818183,0.24681818181818183,0.8781818181818182,0,0,0.24875452898550723,1.0
screening,305,0,FAMILY_C_CONFLICTING_INTERACTIONS,C2,4052138,13103356,d0afb97f067f39bd,0.0,0.125,1.0,1,1,0.23346920289855072,1.0
screening,305,0,FAMILY_C_CONFLICTING_INTERACTIONS,C3,4052138,13103356,d0afb97f067f39bd,0.11435897435897446,0.23935897435897446,0.8856410256410255,0,0,0.22792119565217392,1.0
screening,305,0,FAMILY_C_CONFLICTING_INTERACTIONS,C4,4052138,13103356,d0afb97f067f39bd,0.0,0.125,1.0,1,1,0.21795742753623187,1.0
screening,305,1,FAMILY_A_DECEPTION_ONLY,A1,4052239,13103567,ae463c6136c4e8d6,0.06874999999999998,0.19374999999999998,0.93125,0,0,0.26132246376811596,1.0
screening,305,1,FAMILY_A_DECEPTION_ONLY,A2,4052239,13103567,ae463c6136c4e8d6,0.043749999999999956,0.16874999999999996,0.95625,0,0,0.23550724637681159,1.0
screening,305,1,FAMILY_A_DECEPTION_ONLY,A3,4052239,13103567,ae463c6136c4e8d6,0.12187499999999996,0.24687499999999996,0.878125,0,0,0.25747282608695654,1.0
screening,305,1,FAMILY_A_DECEPTION_ONLY,A4,4052239,13103567,ae463c6136c4e8d6,0.02499999999999991,0.1499999999999999,0.9750000000000001,0,0,0.20980525362318841,1.0
screening,305,1,FAMILY_B_INTERACTION_DENSITY_ONLY,B1,4052239,13103567,ae463c6136c4e8d6,0.03500000000000003,0.16000000000000003,0.965,0,0,0.24105525362318841,1.0
screening,305,1,FAMILY_B_INTERACTION_DENSITY_ONLY,B2,4052239,13103567,ae463c6136c4e8d6,0.08079268292682917,0.20579268292682917,0.9192073170731708,0,0,0.229393115942029,1.0
screening,305,1,FAMILY_B_INTERACTION_DENSITY_ONLY,B3,4052239,13103567,ae463c6136c4e8d6,0.08292682926829265,0.20792682926829265,0.9170731707317074,0,0,0.20414402173913043,1.0
screening,305,1,FAMILY_B_INTERACTION_DENSITY_ONLY,B4,4052239,13103567,ae463c6136c4e8d6,0.08079268292682917,0.20579268292682917,0.9192073170731708,0,0,0.2617753623188406,1.0
screening,305,1,FAMILY_C_CONFLICTING_INTERACTIONS,C1,4052239,13103567,ae463c6136c4e8d6,0.08303030303030312,0.20803030303030312,0.9169696969696969,0,0,0.20414402173913043,1.0
screening,305,1,FAMILY_C_CONFLICTING_INTERACTIONS,C2,4052239,13103567,ae463c6136c4e8d6,0.07857506361323152,0.20357506361323152,0.9214249363867685,0,0,0.20414402173913043,1.0
screening,305,1,FAMILY_C_CONFLICTING_INTERACTIONS,C3,4052239,13103567,ae463c6136c4e8d6,0.1117948717948718,0.2367948717948718,0.8882051282051282,0,0,0.231544384057971,1.0
screening,305,1,FAMILY_C_CONFLICTING_INTERACTIONS,C4,4052239,13103567,ae463c6136c4e8d6,0.11948320413436686,0.24448320413436686,0.8805167958656331,0,0,0.2265625,1.0
screening,305,2,FAMILY_A_DECEPTION_ONLY,A1,4052340,13103778,41882adff6f9aeed,0.22031250000000002,0.3453125,0.7796875,0,0,0.20357789855072464,1.0
screening,305,2,FAMILY_A_DECEPTION_ONLY,A2,4052340,13103778,41882adff6f9aeed,0.13124999999999998,0.25625,0.86875,0,0,0.17459239130434784,1.0
screening,305,2,FAMILY_A_DECEPTION_ONLY,A3,4052340,13103778,41882adff6f9aeed,0.10781249999999998,0.23281249999999998,0.8921875,0,0,0.21274909420289856,1.0
screening,305,2,FAMILY_A_DECEPTION_ONLY,A4,4052340,13103778,41882adff6f9aeed,0.109375,0.234375,0.890625,0,0,0.21433423913043478,1.0
screening,305,2,FAMILY_B_INTERACTION_DENSITY_ONLY,B1,4052340,13103778,41882adff6f9aeed,0.1178125000000001,0.2428125000000001,0.8821874999999999,0,0,0.20448369565217392,1.0
screening,305,2,FAMILY_B_INTERACTION_DENSITY_ONLY,B2,4052340,13103778,41882adff6f9aeed,0.14085365853658527,0.26585365853658527,0.8591463414634147,0,0,0.21082427536231885,1.0
screening,305,2,FAMILY_B_INTERACTION_DENSITY_ONLY,B3,4052340,13103778,41882adff6f9aeed,0.1545731707317073,0.2795731707317073,0.8454268292682927,0,0,0.20425724637681159,1.0
screening,305,2,FAMILY_B_INTERACTION_DENSITY_ONLY,B4,4052340,13103778,41882adff6f9aeed,0.03956639566395659,0.1645663956639566,0.9604336043360434,0,0,0.21999547101449277,1.0
screening,305,2,FAMILY_C_CONFLICTING_INTERACTIONS,C1,4052340,13103778,41882adff6f9aeed,0.0828282828282827,0.2078282828282827,0.9171717171717173,0,0,0.20244565217391305,1.0
screening,305,2,FAMILY_C_CONFLICTING_INTERACTIONS,C2,4052340,13103778,41882adff6f9aeed,0.11603053435114508,0.24103053435114508,0.8839694656488549,0,0,0.19327445652173914,1.0
screening,305,2,FAMILY_C_CONFLICTING_INTERACTIONS,C3,4052340,13103778,41882adff6f9aeed,0.09794871794871796,0.22294871794871796,0.902051282051282,0,0,0.2078804347826087,1.0
screening,305,2,FAMILY_C_CONFLICTING_INTERACTIONS,C4,4052340,13103778,41882adff6f9aeed,0.08217054263565882,0.20717054263565882,0.9178294573643412,0,0,0.19995471014492755,1.0
screening,305,3,FAMILY_A_DECEPTION_ONLY,A1,4052441,13103989,b932d3ade1a995c5,0.1656249999999999,0.2906249999999999,0.8343750000000001,0,0,0.21863677536231885,1.0
screening,305,3,FAMILY_A_DECEPTION_ONLY,A2,4052441,13103989,b932d3ade1a995c5,0.140625,0.265625,0.859375,0,0,0.20074728260869565,1.0
screening,305,3,FAMILY_A_DECEPTION_ONLY,A3,4052441,13103989,b932d3ade1a995c5,0.1328125,0.2578125,0.8671875,0,0,0.2421875,1.0
screening,305,3,FAMILY_A_DECEPTION_ONLY,A4,4052441,13103989,b932d3ade1a995c5,0.12031249999999993,0.24531249999999993,0.8796875000000001,0,0,0.19395380434782608,1.0
screening,305,3,FAMILY_B_INTERACTION_DENSITY_ONLY,B1,4052441,13103989,b932d3ade1a995c5,0.15281250000000002,0.2778125,0.8471875,0,0,0.22769474637681159,1.0
screening,305,3,FAMILY_B_INTERACTION_DENSITY_ONLY,B2,4052441,13103989,b932d3ade1a995c5,0.16128048780487803,0.286280487804878,0.838719512195122,0,0,0.18602807971014493,1.0
screening,305,3,FAMILY_B_INTERACTION_DENSITY_ONLY,B3,4052441,13103989,b932d3ade1a995c5,0.16128048780487803,0.286280487804878,0.838719512195122,0,0,0.21240942028985507,1.0
screening,305,3,FAMILY_B_INTERACTION_DENSITY_ONLY,B4,4052441,13103989,b932d3ade1a995c5,0.07913279132791329,0.2041327913279133,0.9208672086720867,0,0,0.21999547101449277,1.0
screening,305,3,FAMILY_C_CONFLICTING_INTERACTIONS,C1,4052441,13103989,b932d3ade1a995c5,0.11949494949494954,0.24449494949494954,0.8805050505050505,0,0,0.22022192028985507,1.0
screening,305,3,FAMILY_C_CONFLICTING_INTERACTIONS,C2,4052441,13103989,b932d3ade1a995c5,0.11277353689567438,0.23777353689567438,0.8872264631043256,0,0,0.22022192028985507,1.0
screening,305,3,FAMILY_C_CONFLICTING_INTERACTIONS,C3,4052441,13103989,b932d3ade1a995c5,0.10594871794871796,0.23094871794871796,0.894051282051282,0,0,0.22022192028985507,1.0
screening,305,3,FAMILY_C_CONFLICTING_INTERACTIONS,C4,4052441,13103989,b932d3ade1a995c5,0.07462532299741609,0.1996253229974161,0.9253746770025839,0,0,0.21761775362318841,1.0
screening,305,4,FAMILY_A_DECEPTION_ONLY,A1,4052542,13104200,7db52ae96e67a35d,0.06874999999999998,0.19374999999999998,0.93125,0,0,0.21048460144927536,1.0
screening,305,4,FAMILY_A_DECEPTION_ONLY,A2,4052542,13104200,7db52ae96e67a35d,0.043749999999999956,0.16874999999999996,0.95625,0,0,0.21048460144927536,1.0
screening,305,4,FAMILY_A_DECEPTION_ONLY,A3,4052542,13104200,7db52ae96e67a35d,0.15781250000000002,0.2828125,0.8421875,0,0,0.2053894927536232,1.0
screening,305,4,FAMILY_A_DECEPTION_ONLY,A4,4052542,13104200,7db52ae96e67a35d,0.12031249999999993,0.24531249999999993,0.8796875000000001,0,0,0.19418025362318841,1.0
screening,305,4,FAMILY_B_INTERACTION_DENSITY_ONLY,B1,4052542,13104200,7db52ae96e67a35d,0.10499999999999998,0.22999999999999998,0.895,0,0,0.22282608695652173,1.0
screening,305,4,FAMILY_B_INTERACTION_DENSITY_ONLY,B2,4052542,13104200,7db52ae96e67a35d,0.12073170731707306,0.24573170731707306,0.8792682926829269,0,0,0.2496603260869565,1.0
screening,305,4,FAMILY_B_INTERACTION_DENSITY_ONLY,B3,4052542,13104200,7db52ae96e67a35d,0.1146341463414634,0.2396341463414634,0.8853658536585366,0,0,0.20527626811594202,1.0
screening,305,4,FAMILY_B_INTERACTION_DENSITY_ONLY,B4,4052542,13104200,7db52ae96e67a35d,0.10921409214092126,0.23421409214092126,0.8907859078590787,0,0,0.22894021739130435,1.0
screening,305,4,FAMILY_C_CONFLICTING_INTERACTIONS,C1,4052542,13104200,7db52ae96e67a35d,0.07797979797979804,0.20297979797979804,0.922020202020202,0,0,0.22995923913043478,1.0
screening,305,4,FAMILY_C_CONFLICTING_INTERACTIONS,C2,4052542,13104200,7db52ae96e67a35d,0.11531806615776086,0.24031806615776086,0.8846819338422391,0,0,0.2391304347826087,1.0
screening,305,4,FAMILY_C_CONFLICTING_INTERACTIONS,C3,4052542,13104200,7db52ae96e67a35d,0.15046153846153842,0.2754615384615384,0.8495384615384616,0,0,0.24954710144927536,1.0
screening,305,4,FAMILY_C_CONFLICTING_INTERACTIONS,C4,4052542,13104200,7db52ae96e67a35d,0.18118863049095613,0.3061886304909561,0.8188113695090439,0,0,0.19429347826086957,1.0
screening,305,5,FAMILY_A_DECEPTION_ONLY,A1,4052643,13104411,f2ca6527fe078e7a,0.08281249999999996,0.20781249999999996,0.9171875,0,0,0.21705163043478262,1.0
screening,305,5,FAMILY_A_DECEPTION_ONLY,A2,4052643,13104411,f2ca6527fe078e7a,0.043749999999999956,0.16874999999999996,0.95625,0,0,0.2212409420289855,1.0
screening,305,5,FAMILY_A_DECEPTION_ONLY,A3,4052643,13104411,f2ca6527fe078e7a,0.025000000000000022,0.15000000000000002,0.975,0,0,0.2212409420289855,1.0
screening,305,5,FAMILY_A_DECEPTION_ONLY,A4,4052643,13104411,f2ca6527fe078e7a,0.02499999999999991,0.1499999999999999,0.9750000000000001,0,0,0.2402626811594203,1.0
screening,305,5,FAMILY_B_INTERACTION_DENSITY_ONLY,B1,4052643,13104411,f2ca6527fe078e7a,0.03500000000000003,0.16000000000000003,0.965,0,0,0.2212409420289855,1.0
screening,305,5,FAMILY_B_INTERACTION_DENSITY_ONLY,B2,4052643,13104411,f2ca6527fe078e7a,0.0,0.125,1.0,1,1,0.20493659420289856,1.0
screening,305,5,FAMILY_B_INTERACTION_DENSITY_ONLY,B3,4052643,13104411,f2ca6527fe078e7a,0.0,0.125,1.0,1,1,0.19870923913043478,1.0
screening,305,5,FAMILY_B_INTERACTION_DENSITY_ONLY,B4,4052643,13104411,f2ca6527fe078e7a,0.11900406504065031,0.2440040650406503,0.8809959349593497,0,0,0.22520380434782608,1.0
screening,305,5,FAMILY_C_CONFLICTING_INTERACTIONS,C1,4052643,13104411,f2ca6527fe078e7a,0.0,0.125,1.0,1,1,0.20991847826086957,1.0
screening,305,5,FAMILY_C_CONFLICTING_INTERACTIONS,C2,4052643,13104411,f2ca6527fe078e7a,0.0,0.125,1.0,1,1,0.20142663043478262,1.0
screening,305,5,FAMILY_C_CONFLICTING_INTERACTIONS,C3,4052643,13104411,f2ca6527fe078e7a,0.0,0.125,1.0,1,1,0.20403079710144928,1.0
screening,305,5,FAMILY_C_CONFLICTING_INTERACTIONS,C4,4052643,13104411,f2ca6527fe078e7a,0.08217054263565882,0.20717054263565882,0.9178294573643412,0,0,0.2321105072463768,1.0
screening,305,6,FAMILY_A_DECEPTION_ONLY,A1,4052744,13104622,e5472f4426a865b3,0.20625000000000004,0.33125000000000004,0.79375,0,0,0.2538496376811594,1.0
screening,305,6,FAMILY_A_DECEPTION_ONLY,A2,4052744,13104622,e5472f4426a865b3,0.12656250000000002,0.2515625,0.8734375,0,0,0.2502264492753623,1.0
screening,305,6,FAMILY_A_DECEPTION_ONLY,A3,4052744,13104622,e5472f4426a865b3,0.09687500000000004,0.22187500000000004,0.903125,0,0,0.23392210144927536,1.0
screening,305,6,FAMILY_A_DECEPTION_ONLY,A4,4052744,13104622,e5472f4426a865b3,0.02499999999999991,0.1499999999999999,0.9750000000000001,0,0,0.2164855072463768,1.0
screening,305,6,FAMILY_B_INTERACTION_DENSITY_ONLY,B1,4052744,13104622,e5472f4426a865b3,0.08281249999999996,0.20781249999999996,0.9171875,0,0,0.2526041666666667,1.0
screening,305,6,FAMILY_B_INTERACTION_DENSITY_ONLY,B2,4052744,13104622,e5472f4426a865b3,0.0,0.125,1.0,1,1,0.21524003623188406,1.0
screening,305,6,FAMILY_B_INTERACTION_DENSITY_ONLY,B3,4052744,13104622,e5472f4426a865b3,0.08292682926829265,0.20792682926829265,0.9170731707317074,0,0,0.24547101449275363,1.0
screening,305,6,FAMILY_B_INTERACTION_DENSITY_ONLY,B4,4052744,13104622,e5472f4426a865b3,0.12442411924119223,0.24942411924119223,0.8755758807588078,0,0,0.23312952898550723,1.0
screening,305,6,FAMILY_C_CONFLICTING_INTERACTIONS,C1,4052744,13104622,e5472f4426a865b3,0.08303030303030312,0.20803030303030312,0.9169696969696969,0,0,0.239356884057971,1.0
screening,305,6,FAMILY_C_CONFLICTING_INTERACTIONS,C2,4052744,13104622,e5472f4426a865b3,0.07857506361323152,0.20357506361323152,0.9214249363867685,0,0,0.23641304347826086,1.0
screening,305,6,FAMILY_C_CONFLICTING_INTERACTIONS,C3,4052744,13104622,e5472f4426a865b3,0.15046153846153842,0.2754615384615384,0.8495384615384616,0,0,0.2263360507246377,1.0
screening,305,6,FAMILY_C_CONFLICTING_INTERACTIONS,C4,4052744,13104622,e5472f4426a865b3,0.14645994832041342,0.2714599483204134,0.8535400516795866,0,0,0.2263360507246377,1.0
screening,305,7,FAMILY_A_DECEPTION_ONLY,A1,4052845,13104833,d503fcf2ca81e08e,0.0,0.125,1.0,1,1,0.2061820652173913,1.0
screening,305,7,FAMILY_A_DECEPTION_ONLY,A2,4052845,13104833,d503fcf2ca81e08e,0.12656250000000002,0.2515625,0.8734375,0,0,0.19576539855072464,1.0
screening,305,7,FAMILY_A_DECEPTION_ONLY,A3,4052845,13104833,d503fcf2ca81e08e,0.15781250000000013,0.28281250000000013,0.8421874999999999,0,0,0.2441123188405797,1.0
screening,305,7,FAMILY_A_DECEPTION_ONLY,A4,4052845,13104833,d503fcf2ca81e08e,0.03749999999999987,0.16249999999999987,0.9625000000000001,0,0,0.2105978260869565,1.0
screening,305,7,FAMILY_B_INTERACTION_DENSITY_ONLY,B1,4052845,13104833,d503fcf2ca81e08e,0.09687500000000004,0.22187500000000004,0.903125,0,0,0.21331521739130435,1.0
screening,305,7,FAMILY_B_INTERACTION_DENSITY_ONLY,B2,4052845,13104833,d503fcf2ca81e08e,0.12713414634146336,0.25213414634146336,0.8728658536585366,0,0,0.19180253623188406,1.0
screening,305,7,FAMILY_B_INTERACTION_DENSITY_ONLY,B3,4052845,13104833,d503fcf2ca81e08e,0.0,0.125,1.0,1,1,0.20708786231884058,1.0
screening,305,7,FAMILY_B_INTERACTION_DENSITY_ONLY,B4,4052845,13104833,d503fcf2ca81e08e,0.12035907859078576,0.24535907859078576,0.8796409214092142,0,0,0.20697463768115942,1.0
screening,305,7,FAMILY_C_CONFLICTING_INTERACTIONS,C1,4052845,13104833,d503fcf2ca81e08e,0.12434343434343431,0.2493434343434343,0.8756565656565657,0,0,0.19123641304347827,1.0
screening,305,7,FAMILY_C_CONFLICTING_INTERACTIONS,C2,4052845,13104833,d503fcf2ca81e08e,0.0,0.125,1.0,1,1,0.20176630434782608,1.0
screening,305,7,FAMILY_C_CONFLICTING_INTERACTIONS,C3,4052845,13104833,d503fcf2ca81e08e,0.08153846153846145,0.20653846153846145,0.9184615384615386,0,0,0.23358242753623187,1.0
screening,305,7,FAMILY_C_CONFLICTING_INTERACTIONS,C4,4052845,13104833,d503fcf2ca81e08e,0.0398966408268735,0.1648966408268735,0.9601033591731265,0,0,0.20855978260869565,1.0
screening,305,8,FAMILY_A_DECEPTION_ONLY,A1,4052946,13105044,bc88eff0ebc877f5,0.0,0.125,1.0,1,1,0.2034646739130435,1.0
screening,305,8,FAMILY_A_DECEPTION_ONLY,A2,4052946,13105044,bc88eff0ebc877f5,0.08281249999999996,0.20781249999999996,0.9171875,0,0,0.22259963768115942,1.0
screening,305,8,FAMILY_A_DECEPTION_ONLY,A3,4052946,13105044,bc88eff0ebc877f5,0.1328125,0.2578125,0.8671875,0,0,0.2115036231884058,1.0
screening,305,8,FAMILY_A_DECEPTION_ONLY,A4,4052946,13105044,bc88eff0ebc877f5,0.02499999999999991,0.1499999999999999,0.9750000000000001,0,0,0.1875,1.0
screening,305,8,FAMILY_B_INTERACTION_DENSITY_ONLY,B1,4052946,13105044,bc88eff0ebc877f5,0.08281249999999996,0.20781249999999996,0.9171875,0,0,0.24354619565217392,1.0
screening,305,8,FAMILY_B_INTERACTION_DENSITY_ONLY,B2,4052946,13105044,bc88eff0ebc877f5,0.1490853658536585,0.2740853658536585,0.8509146341463415,0,0,0.2006340579710145,1.0
screening,305,8,FAMILY_B_INTERACTION_DENSITY_ONLY,B3,4052946,13105044,bc88eff0ebc877f5,0.0,0.125,1.0,1,1,0.2006340579710145,1.0
screening,305,8,FAMILY_B_INTERACTION_DENSITY_ONLY,B4,4052946,13105044,bc88eff0ebc877f5,0.08350271002710008,0.20850271002710008,0.9164972899728999,0,0,0.19463315217391305,1.0
screening,305,8,FAMILY_C_CONFLICTING_INTERACTIONS,C1,4052946,13105044,bc88eff0ebc877f5,0.0,0.125,1.0,1,1,0.20323822463768115,1.0
screening,305,8,FAMILY_C_CONFLICTING_INTERACTIONS,C2,4052946,13105044,bc88eff0ebc877f5,0.09720101781170487,0.22220101781170487,0.9027989821882951,0,0,0.20697463768115942,1.0
screening,305,8,FAMILY_C_CONFLICTING_INTERACTIONS,C3,4052946,13105044,bc88eff0ebc877f5,0.0791794871794872,0.2041794871794872,0.9208205128205128,0,0,0.19972826086956522,1.0
screening,305,8,FAMILY_C_CONFLICTING_INTERACTIONS,C4,4052946,13105044,bc88eff0ebc877f5,0.0347286821705427,0.1597286821705427,0.9652713178294573,0,0,0.2296195652173913,1.0
screening,305,9,FAMILY_A_DECEPTION_ONLY,A1,4053047,13105255,447255b82522b9d6,0.06874999999999998,0.19374999999999998,0.93125,0,0,0.22169384057971014,1.0
screening,305,9,FAMILY_A_DECEPTION_ONLY,A2,4053047,13105255,447255b82522b9d6,0.08281249999999996,0.20781249999999996,0.9171875,0,0,0.2111639492753623,1.0
screening,305,9,FAMILY_A_DECEPTION_ONLY,A3,4053047,13105255,447255b82522b9d6,0.07500000000000007,0.20000000000000007,0.9249999999999999,0,0,0.21218297101449277,1.0
screening,305,9,FAMILY_A_DECEPTION_ONLY,A4,4053047,13105255,447255b82522b9d6,0.03749999999999998,0.16249999999999998,0.9625,0,0,0.20482336956521738,1.0
screening,305,9,FAMILY_B_INTERACTION_DENSITY_ONLY,B1,4053047,13105255,447255b82522b9d6,0.07000000000000006,0.19500000000000006,0.9299999999999999,0,0,0.2033514492753623,1.0
screening,305,9,FAMILY_B_INTERACTION_DENSITY_ONLY,B2,4053047,13105255,447255b82522b9d6,0.06829268292682922,0.19329268292682922,0.9317073170731708,0,0,0.21784420289855072,1.0
screening,305,9,FAMILY_B_INTERACTION_DENSITY_ONLY,B3,4053047,13105255,447255b82522b9d6,0.11554878048780481,0.24054878048780481,0.8844512195121952,0,0,0.2145606884057971,1.0
screening,305,9,FAMILY_B_INTERACTION_DENSITY_ONLY,B4,4053047,13105255,447255b82522b9d6,0.11327913279132795,0.23827913279132795,0.886720867208672,0,0,0.22248641304347827,1.0
screening,305,9,FAMILY_C_CONFLICTING_INTERACTIONS,C1,4053047,13105255,447255b82522b9d6,0.08030303030303021,0.2053030303030302,0.9196969696969698,0,0,0.21750452898550723,1.0
screening,305,9,FAMILY_C_CONFLICTING_INTERACTIONS,C2,4053047,13105255,447255b82522b9d6,0.036743002544529224,0.16174300254452922,0.9632569974554708,0,0,0.21920289855072464,1.0
screening,305,9,FAMILY_C_CONFLICTING_INTERACTIONS,C3,4053047,13105255,447255b82522b9d6,0.1117948717948718,0.2367948717948718,0.8882051282051282,0,0,0.23324275362318841,1.0
screening,305,9,FAMILY_C_CONFLICTING_INTERACTIONS,C4,4053047,13105255,447255b82522b9d6,0.18635658914728692,0.3113565891472869,0.8136434108527131,0,0,0.23947010869565216,1.0
screening,305,10,FAMILY_A_DECEPTION_ONLY,A1,4053148,13105466,fa72b614977139bd,0.06874999999999998,0.19374999999999998,0.93125,0,0,0.1663269927536232,1.0
screening,305,10,FAMILY_A_DECEPTION_ONLY,A2,4053148,13105466,fa72b614977139bd,0.08281249999999996,0.20781249999999996,0.9171875,0,0,0.16734601449275363,1.0
screening,305,10,FAMILY_A_DECEPTION_ONLY,A3,4053148,13105466,fa72b614977139bd,0.025000000000000022,0.15000000000000002,0.975,0,0,0.18738677536231885,1.0
screening,305,10,FAMILY_A_DECEPTION_ONLY,A4,4053148,13105466,fa72b614977139bd,0.012499999999999956,0.13749999999999996,0.9875,0,0,0.182518115942029,1.0
screening,305,10,FAMILY_B_INTERACTION_DENSITY_ONLY,B1,4053148,13105466,fa72b614977139bd,0.07000000000000006,0.19500000000000006,0.9299999999999999,0,0,0.20482336956521738,1.0
screening,305,10,FAMILY_B_INTERACTION_DENSITY_ONLY,B2,4053148,13105466,fa72b614977139bd,0.03414634146341455,0.15914634146341455,0.9658536585365854,0,0,0.1722146739130435,1.0
screening,305,10,FAMILY_B_INTERACTION_DENSITY_ONLY,B3,4053148,13105466,fa72b614977139bd,0.07560975609756104,0.20060975609756104,0.924390243902439,0,0,0.16983695652173914,1.0
screening,305,10,FAMILY_B_INTERACTION_DENSITY_ONLY,B4,4053148,13105466,fa72b614977139bd,0.03550135501355001,0.16050135501355,0.96449864498645,0,0,0.1715353260869565,1.0
screening,305,10,FAMILY_C_CONFLICTING_INTERACTIONS,C1,4053148,13105466,fa72b614977139bd,0.041515151515151505,0.1665151515151515,0.9584848484848485,0,0,0.1604393115942029,1.0
screening,305,10,FAMILY_C_CONFLICTING_INTERACTIONS,C2,4053148,13105466,fa72b614977139bd,0.0418320610687023,0.1668320610687023,0.9581679389312977,0,0,0.1604393115942029,1.0
screening,305,10,FAMILY_C_CONFLICTING_INTERACTIONS,C3,4053148,13105466,fa72b614977139bd,0.03702564102564099,0.162025641025641,0.962974358974359,0,0,0.1604393115942029,1.0
screening,305,10,FAMILY_C_CONFLICTING_INTERACTIONS,C4,4053148,13105466,fa72b614977139bd,0.037312661498708044,0.16231266149870804,0.962687338501292,0,0,0.17629076086956522,1.0
screening,305,11,FAMILY_A_DECEPTION_ONLY,A1,4053249,13105677,c9592953a0f8af7f,0.08281249999999996,0.20781249999999996,0.9171875,0,0,0.18670742753623187,1.0
screening,305,11,FAMILY_A_DECEPTION_ONLY,A2,4053249,13105677,c9592953a0f8af7f,0.13124999999999998,0.25625,0.86875,0,0,0.18534873188405798,1.0
screening,305,11,FAMILY_A_DECEPTION_ONLY,A3,4053249,13105677,c9592953a0f8af7f,0.07500000000000007,0.20000000000000007,0.9249999999999999,0,0,0.1953125,1.0
screening,305,11,FAMILY_A_DECEPTION_ONLY,A4,4053249,13105677,c9592953a0f8af7f,0.12031249999999993,0.24531249999999993,0.8796875000000001,0,0,0.2053894927536232,1.0
screening,305,11,FAMILY_B_INTERACTION_DENSITY_ONLY,B1,4053249,13105677,c9592953a0f8af7f,0.1050000000000001,0.2300000000000001,0.8949999999999999,0,0,0.23573369565217392,1.0
screening,305,11,FAMILY_B_INTERACTION_DENSITY_ONLY,B2,4053249,13105677,c9592953a0f8af7f,0.15518292682926815,0.28018292682926815,0.8448170731707318,0,0,0.20357789855072464,1.0
screening,305,11,FAMILY_B_INTERACTION_DENSITY_ONLY,B3,4053249,13105677,c9592953a0f8af7f,0.11463414634146352,0.23963414634146352,0.8853658536585365,0,0,0.20391757246376813,1.0
screening,305,11,FAMILY_B_INTERACTION_DENSITY_ONLY,B4,4053249,13105677,c9592953a0f8af7f,0.11327913279132795,0.23827913279132795,0.886720867208672,0,0,0.213768115942029,1.0
screening,305,11,FAMILY_C_CONFLICTING_INTERACTIONS,C1,4053249,13105677,c9592953a0f8af7f,0.11949494949494954,0.24449494949494954,0.8805050505050505,0,0,0.24354619565217392,1.0
screening,305,11,FAMILY_C_CONFLICTING_INTERACTIONS,C2,4053249,13105677,c9592953a0f8af7f,0.08111959287531811,0.20611959287531811,0.9188804071246819,0,0,0.20437047101449277,1.0
screening,305,11,FAMILY_C_CONFLICTING_INTERACTIONS,C3,4053249,13105677,c9592953a0f8af7f,0.11364102564102574,0.23864102564102574,0.8863589743589743,0,0,0.2078804347826087,1.0
screening,305,11,FAMILY_C_CONFLICTING_INTERACTIONS,C4,4053249,13105677,c9592953a0f8af7f,0.16589147286821715,0.29089147286821715,0.8341085271317829,0,0,0.2090126811594203,1.0
screening,305,12,FAMILY_A_DECEPTION_ONLY,A1,4053350,13105888,232d2d43f5d23bb9,0.06874999999999998,0.19374999999999998,0.93125,0,0,0.19089673913043478,1.0
screening,305,12,FAMILY_A_DECEPTION_ONLY,A2,4053350,13105888,232d2d43f5d23bb9,0.1312500000000001,0.2562500000000001,0.8687499999999999,0,0,0.1972373188405797,1.0
screening,305,12,FAMILY_A_DECEPTION_ONLY,A3,4053350,13105888,232d2d43f5d23bb9,0.09687500000000004,0.22187500000000004,0.903125,0,0,0.19236865942028986,1.0
screening,305,12,FAMILY_A_DECEPTION_ONLY,A4,4053350,13105888,232d2d43f5d23bb9,0.10781249999999998,0.23281249999999998,0.8921875,0,0,0.2000679347826087,1.0
screening,305,12,FAMILY_B_INTERACTION_DENSITY_ONLY,B1,4053350,13105888,232d2d43f5d23bb9,0.09687500000000004,0.22187500000000004,0.903125,0,0,0.18817934782608695,1.0
screening,305,12,FAMILY_B_INTERACTION_DENSITY_ONLY,B2,4053350,13105888,232d2d43f5d23bb9,0.12713414634146336,0.25213414634146336,0.8728658536585366,0,0,0.21218297101449277,1.0
screening,305,12,FAMILY_B_INTERACTION_DENSITY_ONLY,B3,4053350,13105888,232d2d43f5d23bb9,0.03902439024390236,0.16402439024390236,0.9609756097560976,0,0,0.21206974637681159,1.0
screening,305,12,FAMILY_B_INTERACTION_DENSITY_ONLY,B4,4053350,13105888,232d2d43f5d23bb9,0.08485772357723564,0.20985772357723564,0.9151422764227644,0,0,0.20097373188405798,1.0
screening,305,12,FAMILY_C_CONFLICTING_INTERACTIONS,C1,4053350,13105888,232d2d43f5d23bb9,0.08030303030303021,0.2053030303030302,0.9196969696969698,0,0,0.2033514492753623,1.0
screening,305,12,FAMILY_C_CONFLICTING_INTERACTIONS,C2,4053350,13105888,232d2d43f5d23bb9,0.04437659033078878,0.16937659033078878,0.9556234096692112,0,0,0.19191576086956522,1.0
screening,305,12,FAMILY_C_CONFLICTING_INTERACTIONS,C3,4053350,13105888,232d2d43f5d23bb9,0.07148717948717953,0.19648717948717953,0.9285128205128205,0,0,0.2212409420289855,1.0
screening,305,12,FAMILY_C_CONFLICTING_INTERACTIONS,C4,4053350,13105888,232d2d43f5d23bb9,0.06945736434108529,0.1944573643410853,0.9305426356589147,0,0,0.19236865942028986,1.0
screening,305,13,FAMILY_A_DECEPTION_ONLY,A1,4053451,13106099,83306747d74b8c79,0.15156249999999993,0.27656249999999993,0.8484375000000001,0,0,0.2620018115942029,1.0
screening,305,13,FAMILY_A_DECEPTION_ONLY,A2,4053451,13106099,83306747d74b8c79,0.1265624999999999,0.2515624999999999,0.8734375000000001,0,0,0.2620018115942029,1.0
screening,305,13,FAMILY_A_DECEPTION_ONLY,A3,4053451,13106099,83306747d74b8c79,0.050000000000000044,0.17500000000000004,0.95,0,0,0.23233695652173914,1.0
screening,305,13,FAMILY_A_DECEPTION_ONLY,A4,4053451,13106099,83306747d74b8c79,0.04999999999999993,0.17499999999999993,0.9500000000000001,0,0,0.17278079710144928,1.0
screening,305,13,FAMILY_B_INTERACTION_DENSITY_ONLY,B1,4053451,13106099,83306747d74b8c79,0.07000000000000006,0.19500000000000006,0.9299999999999999,0,0,0.2458106884057971,1.0
screening,305,13,FAMILY_B_INTERACTION_DENSITY_ONLY,B2,4053451,13106099,83306747d74b8c79,0.14878048780487818,0.2737804878048782,0.8512195121951218,0,0,0.24094202898550723,1.0
screening,305,13,FAMILY_B_INTERACTION_DENSITY_ONLY,B3,4053451,13106099,83306747d74b8c79,0.15884146341463412,0.2838414634146341,0.8411585365853659,0,0,0.25577445652173914,1.0
screening,305,13,FAMILY_B_INTERACTION_DENSITY_ONLY,B4,4053451,13106099,83306747d74b8c79,0.13407859078590778,0.2590785907859078,0.8659214092140922,0,0,0.25294384057971014,1.0
screening,305,13,FAMILY_C_CONFLICTING_INTERACTIONS,C1,4053451,13106099,83306747d74b8c79,0.16080808080808084,0.28580808080808084,0.8391919191919192,0,0,0.24388586956521738,1.0
screening,305,13,FAMILY_C_CONFLICTING_INTERACTIONS,C2,4053451,13106099,83306747d74b8c79,0.1527735368956743,0.2777735368956743,0.8472264631043257,0,0,0.2193161231884058,1.0
screening,305,13,FAMILY_C_CONFLICTING_INTERACTIONS,C3,4053451,13106099,83306747d74b8c79,0.1404102564102565,0.2654102564102565,0.8595897435897435,0,0,0.2218070652173913,1.0
screening,305,13,FAMILY_C_CONFLICTING_INTERACTIONS,C4,4053451,13106099,83306747d74b8c79,0.10677002583979334,0.23177002583979334,0.8932299741602067,0,0,0.21524003623188406,1.0
screening,305,14,FAMILY_A_DECEPTION_ONLY,A1,4053552,13106310,56b93b360e4757c8,0.08281249999999996,0.20781249999999996,0.9171875,0,0,0.2078804347826087,1.0
screening,305,14,FAMILY_A_DECEPTION_ONLY,A2,4053552,13106310,56b93b360e4757c8,0.08281249999999996,0.20781249999999996,0.9171875,0,0,0.18070652173913043,1.0
screening,305,14,FAMILY_A_DECEPTION_ONLY,A3,4053552,13106310,56b93b360e4757c8,0.10781249999999998,0.23281249999999998,0.8921875,0,0,0.2379981884057971,1.0
screening,305,14,FAMILY_A_DECEPTION_ONLY,A4,4053552,13106310,56b93b360e4757c8,0.15937500000000004,0.28437500000000004,0.840625,0,0,0.2134284420289855,1.0
screening,305,14,FAMILY_B_INTERACTION_DENSITY_ONLY,B1,4053552,13106310,56b93b360e4757c8,0.09687500000000004,0.22187500000000004,0.903125,0,0,0.23890398550724637,1.0
screening,305,14,FAMILY_B_INTERACTION_DENSITY_ONLY,B2,4053552,13106310,56b93b360e4757c8,0.12103658536585349,0.2460365853658535,0.8789634146341465,0,0,0.21490036231884058,1.0
screening,305,14,FAMILY_B_INTERACTION_DENSITY_ONLY,B3,4053552,13106310,56b93b360e4757c8,0.11737804878048774,0.24237804878048774,0.8826219512195123,0,0,0.24513134057971014,1.0
screening,305,14,FAMILY_B_INTERACTION_DENSITY_ONLY,B4,4053552,13106310,56b93b360e4757c8,0.07371273712737125,0.19871273712737125,0.9262872628726287,0,0,0.2190896739130435,1.0
screening,305,14,FAMILY_C_CONFLICTING_INTERACTIONS,C1,4053552,13106310,56b93b360e4757c8,0.11929292929292934,0.24429292929292934,0.8807070707070707,0,0,0.24513134057971014,1.0
screening,305,14,FAMILY_C_CONFLICTING_INTERACTIONS,C2,4053552,13106310,56b93b360e4757c8,0.12020356234096696,0.24520356234096696,0.879796437659033,0,0,0.23822463768115942,1.0
screening,305,14,FAMILY_C_CONFLICTING_INTERACTIONS,C3,4053552,13106310,56b93b360e4757c8,0.03446153846153854,0.15946153846153854,0.9655384615384615,0,0,0.22033514492753623,1.0
screening,305,14,FAMILY_C_CONFLICTING_INTERACTIONS,C4,4053552,13106310,56b93b360e4757c8,0.08217054263565882,0.20717054263565882,0.9178294573643412,0,0,0.21388134057971014,1.0
screening,305,15,FAMILY_A_DECEPTION_ONLY,A1,4053653,13106521,a6f2949fa7ee2d29,0.08281249999999996,0.20781249999999996,0.9171875,0,0,0.16700634057971014,1.0
screening,305,15,FAMILY_A_DECEPTION_ONLY,A2,4053653,13106521,a6f2949fa7ee2d29,0.043749999999999956,0.16874999999999996,0.95625,0,0,0.2067481884057971,1.0
screening,305,15,FAMILY_A_DECEPTION_ONLY,A3,4053653,13106521,a6f2949fa7ee2d29,0.07500000000000007,0.20000000000000007,0.9249999999999999,0,0,0.1850090579710145,1.0
screening,305,15,FAMILY_A_DECEPTION_ONLY,A4,4053653,13106521,a6f2949fa7ee2d29,0.03749999999999998,0.16249999999999998,0.9625,0,0,0.1743659420289855,1.0
screening,305,15,FAMILY_B_INTERACTION_DENSITY_ONLY,B1,4053653,13106521,a6f2949fa7ee2d29,0.03500000000000003,0.16000000000000003,0.965,0,0,0.20018115942028986,1.0
screening,305,15,FAMILY_B_INTERACTION_DENSITY_ONLY,B2,4053653,13106521,a6f2949fa7ee2d29,0.1426829268292683,0.2676829268292683,0.8573170731707317,0,0,0.16610054347826086,1.0
screening,305,15,FAMILY_B_INTERACTION_DENSITY_ONLY,B3,4053653,13106521,a6f2949fa7ee2d29,0.11737804878048785,0.24237804878048785,0.8826219512195121,0,0,0.20176630434782608,1.0
screening,305,15,FAMILY_B_INTERACTION_DENSITY_ONLY,B4,4053653,13106521,a6f2949fa7ee2d29,0.03956639566395659,0.1645663956639566,0.9604336043360434,0,0,0.17561141304347827,1.0
screening,305,15,FAMILY_C_CONFLICTING_INTERACTIONS,C1,4053653,13106521,a6f2949fa7ee2d29,0.08050505050505063,0.20550505050505063,0.9194949494949494,0,0,0.17855525362318841,1.0
screening,305,15,FAMILY_C_CONFLICTING_INTERACTIONS,C2,4053653,13106521,a6f2949fa7ee2d29,0.036743002544529224,0.16174300254452922,0.9632569974554708,0,0,0.20493659420289856,1.0
screening,305,15,FAMILY_C_CONFLICTING_INTERACTIONS,C3,4053653,13106521,a6f2949fa7ee2d29,0.11856410256410255,0.24356410256410255,0.8814358974358975,0,0,0.19746376811594202,1.0
screening,305,15,FAMILY_C_CONFLICTING_INTERACTIONS,C4,4053653,13106521,a6f2949fa7ee2d29,0.0347286821705427,0.1597286821705427,0.9652713178294573,0,0,0.21354166666666666,1.0
screening,306,0,FAMILY_A_DECEPTION_ONLY,A1,4062145,13123367,7dc717154565f8f3,0.06874999999999998,0.19374999999999998,0.93125,0,0,0.18795289855072464,1.0
screening,306,0,FAMILY_A_DECEPTION_ONLY,A2,4062145,13123367,7dc717154565f8f3,0.13124999999999987,0.25624999999999987,0.8687500000000001,0,0,0.22192028985507245,1.0
screening,306,0,FAMILY_A_DECEPTION_ONLY,A3,4062145,13123367,7dc717154565f8f3,0.10781249999999998,0.23281249999999998,0.8921875,0,0,0.18206521739130435,1.0
screening,306,0,FAMILY_A_DECEPTION_ONLY,A4,4062145,13123367,7dc717154565f8f3,0.02499999999999991,0.1499999999999999,0.9750000000000001,0,0,0.18376358695652173,1.0
screening,306,0,FAMILY_B_INTERACTION_DENSITY_ONLY,B1,4062145,13123367,7dc717154565f8f3,0.166875,0.291875,0.833125,0,0,0.18138586956521738,1.0
screening,306,0,FAMILY_B_INTERACTION_DENSITY_ONLY,B2,4062145,13123367,7dc717154565f8f3,0.11463414634146352,0.23963414634146352,0.8853658536585365,0,0,0.18104619565217392,1.0
screening,306,0,FAMILY_B_INTERACTION_DENSITY_ONLY,B3,4062145,13123367,7dc717154565f8f3,0.14634146341463417,0.27134146341463417,0.8536585365853658,0,0,0.22090126811594202,1.0
screening,306,0,FAMILY_B_INTERACTION_DENSITY_ONLY,B4,4062145,13123367,7dc717154565f8f3,0.11056910569105682,0.23556910569105682,0.8894308943089432,0,0,0.19384057971014493,1.0
screening,306,0,FAMILY_C_CONFLICTING_INTERACTIONS,C1,4062145,13123367,7dc717154565f8f3,0.15828282828282825,0.28328282828282825,0.8417171717171718,0,0,0.2184103260869565,1.0
screening,306,0,FAMILY_C_CONFLICTING_INTERACTIONS,C2,4062145,13123367,7dc717154565f8f3,0.1569465648854962,0.2819465648854962,0.8430534351145038,0,0,0.21173007246376813,1.0
screening,306,0,FAMILY_C_CONFLICTING_INTERACTIONS,C3,4062145,13123367,7dc717154565f8f3,0.11107692307692318,0.23607692307692318,0.8889230769230768,0,0,0.18931159420289856,1.0
screening,306,0,FAMILY_C_CONFLICTING_INTERACTIONS,C4,4062145,13123367,7dc717154565f8f3,0.10935400516795879,0.2343540051679588,0.8906459948320412,0,0,0.21308876811594202,1.0
screening,306,1,FAMILY_A_DECEPTION_ONLY,A1,4062246,13123578,77352e94fa6607cb,0.08281249999999996,0.20781249999999996,0.9171875,0,0,0.22927989130434784,1.0
screening,306,1,FAMILY_A_DECEPTION_ONLY,A2,4062246,13123578,77352e94fa6607cb,0.08281249999999996,0.20781249999999996,0.9171875,0,0,0.21546648550724637,1.0
screening,306,1,FAMILY_A_DECEPTION_ONLY,A3,4062246,13123578,77352e94fa6607cb,0.0,0.125,1.0,1,1,0.20108695652173914,1.0
screening,306,1,FAMILY_A_DECEPTION_ONLY,A4,4062246,13123578,77352e94fa6607cb,0.03749999999999987,0.16249999999999987,0.9625000000000001,0,0,0.2446784420289855,1.0
screening,306,1,FAMILY_B_INTERACTION_DENSITY_ONLY,B1,4062246,13123578,77352e94fa6607cb,0.0,0.125,1.0,1,1,0.19904891304347827,1.0
screening,306,1,FAMILY_B_INTERACTION_DENSITY_ONLY,B2,4062246,13123578,77352e94fa6607cb,0.11493902439024384,0.23993902439024384,0.8850609756097562,0,0,0.24230072463768115,1.0
screening,306,1,FAMILY_B_INTERACTION_DENSITY_ONLY,B3,4062246,13123578,77352e94fa6607cb,0.11981707317073165,0.24481707317073165,0.8801829268292684,0,0,0.22644927536231885,1.0
screening,306,1,FAMILY_B_INTERACTION_DENSITY_ONLY,B4,4062246,13123578,77352e94fa6607cb,0.08350271002710008,0.20850271002710008,0.9164972899728999,0,0,0.22950634057971014,1.0
screening,306,1,FAMILY_C_CONFLICTING_INTERACTIONS,C1,4062246,13123578,77352e94fa6607cb,0.07545454545454555,0.20045454545454555,0.9245454545454544,0,0,0.24547101449275363,1.0
screening,306,1,FAMILY_C_CONFLICTING_INTERACTIONS,C2,4062246,13123578,77352e94fa6607cb,0.08111959287531811,0.20611959287531811,0.9188804071246819,0,0,0.21444746376811594,1.0
screening,306,1,FAMILY_C_CONFLICTING_INTERACTIONS,C3,4062246,13123578,77352e94fa6607cb,0.0740512820512822,0.1990512820512822,0.9259487179487178,0,0,0.21444746376811594,1.0
screening,306,1,FAMILY_C_CONFLICTING_INTERACTIONS,C4,4062246,13123578,77352e94fa6607cb,0.037312661498708044,0.16231266149870804,0.962687338501292,0,0,0.2246376811594203,1.0
screening,306,2,FAMILY_A_DECEPTION_ONLY,A1,4062347,13123789,82bf156128a9493a,0.08281249999999996,0.20781249999999996,0.9171875,0,0,0.23165760869565216,1.0
screening,306,2,FAMILY_A_DECEPTION_ONLY,A2,4062347,13123789,82bf156128a9493a,0.043749999999999956,0.16874999999999996,0.95625,0,0,0.20221920289855072,1.0
screening,306,2,FAMILY_A_DECEPTION_ONLY,A3,4062347,13123789,82bf156128a9493a,0.08281249999999996,0.20781249999999996,0.9171875,0,0,0.2034646739130435,1.0
screening,306,2,FAMILY_A_DECEPTION_ONLY,A4,4062347,13123789,82bf156128a9493a,0.09531250000000002,0.22031250000000002,0.9046875,0,0,0.1972373188405797,1.0
screening,306,2,FAMILY_B_INTERACTION_DENSITY_ONLY,B1,4062347,13123789,82bf156128a9493a,0.03500000000000003,0.16000000000000003,0.965,0,0,0.1958786231884058,1.0
screening,306,2,FAMILY_B_INTERACTION_DENSITY_ONLY,B2,4062347,13123789,82bf156128a9493a,0.0,0.125,1.0,1,1,0.20606884057971014,1.0
screening,306,2,FAMILY_B_INTERACTION_DENSITY_ONLY,B3,4062347,13123789,82bf156128a9493a,0.08079268292682917,0.20579268292682917,0.9192073170731708,0,0,0.19701086956521738,1.0
screening,306,2,FAMILY_B_INTERACTION_DENSITY_ONLY,B4,4062347,13123789,82bf156128a9493a,0.07913279132791329,0.2041327913279133,0.9208672086720867,0,0,0.21240942028985507,1.0
screening,306,2,FAMILY_C_CONFLICTING_INTERACTIONS,C1,4062347,13123789,82bf156128a9493a,0.09393939393939399,0.218939393939394,0.906060606060606,0,0,0.23290307971014493,1.0
screening,306,2,FAMILY_C_CONFLICTING_INTERACTIONS,C2,4062347,13123789,82bf156128a9493a,0.039287531806615816,0.16428753180661582,0.9607124681933842,0,0,0.20493659420289856,1.0
screening,306,2,FAMILY_C_CONFLICTING_INTERACTIONS,C3,4062347,13123789,82bf156128a9493a,0.0791794871794872,0.2041794871794872,0.9208205128205128,0,0,0.19882246376811594,1.0
screening,306,2,FAMILY_C_CONFLICTING_INTERACTIONS,C4,4062347,13123789,82bf156128a9493a,0.07462532299741609,0.1996253229974161,0.9253746770025839,0,0,0.23052536231884058,1.0
screening,306,3,FAMILY_A_DECEPTION_ONLY,A1,4062448,13124000,7fedc9cff7d4e7de,0.15156250000000004,0.27656250000000004,0.8484375,0,0,0.22758152173913043,1.0
screening,306,3,FAMILY_A_DECEPTION_ONLY,A2,4062448,13124000,7fedc9cff7d4e7de,0.08749999999999991,0.2124999999999999,0.9125000000000001,0,0,0.19406702898550723,1.0
screening,306,3,FAMILY_A_DECEPTION_ONLY,A3,4062448,13124000,7fedc9cff7d4e7de,0.10000000000000009,0.2250000000000001,0.8999999999999999,0,0,0.21139039855072464,1.0
screening,306,3,FAMILY_A_DECEPTION_ONLY,A4,4062448,13124000,7fedc9cff7d4e7de,0.04999999999999982,0.17499999999999982,0.9500000000000002,0,0,0.231544384057971,1.0
screening,306,3,FAMILY_B_INTERACTION_DENSITY_ONLY,B1,4062448,13124000,7fedc9cff7d4e7de,0.1050000000000001,0.2300000000000001,0.8949999999999999,0,0,0.19882246376811594,1.0
screening,306,3,FAMILY_B_INTERACTION_DENSITY_ONLY,B2,4062448,13124000,7fedc9cff7d4e7de,0.10060975609756084,0.22560975609756084,0.8993902439024392,0,0,0.1983695652173913,1.0
screening,306,3,FAMILY_B_INTERACTION_DENSITY_ONLY,B3,4062448,13124000,7fedc9cff7d4e7de,0.12225609756097555,0.24725609756097555,0.8777439024390244,0,0,0.18738677536231885,1.0
screening,306,3,FAMILY_B_INTERACTION_DENSITY_ONLY,B4,4062448,13124000,7fedc9cff7d4e7de,0.12035907859078576,0.24535907859078576,0.8796409214092142,0,0,0.18908514492753623,1.0
screening,306,3,FAMILY_C_CONFLICTING_INTERACTIONS,C1,4062448,13124000,7fedc9cff7d4e7de,0.041515151515151505,0.1665151515151515,0.9584848484848485,0,0,0.1955389492753623,1.0
screening,306,3,FAMILY_C_CONFLICTING_INTERACTIONS,C2,4062448,13124000,7fedc9cff7d4e7de,0.039287531806615816,0.16428753180661582,0.9607124681933842,0,0,0.1955389492753623,1.0
screening,306,3,FAMILY_C_CONFLICTING_INTERACTIONS,C3,4062448,13124000,7fedc9cff7d4e7de,0.03702564102564099,0.162025641025641,0.962974358974359,0,0,0.1955389492753623,1.0
screening,306,3,FAMILY_C_CONFLICTING_INTERACTIONS,C4,4062448,13124000,7fedc9cff7d4e7de,0.11689922480620152,0.24189922480620152,0.8831007751937985,0,0,0.18908514492753623,1.0
screening,306,4,FAMILY_A_DECEPTION_ONLY,A1,4062549,13124211,1af868e1ff628960,0.08281249999999996,0.20781249999999996,0.9171875,0,0,0.25181159420289856,1.0
screening,306,4,FAMILY_A_DECEPTION_ONLY,A2,4062549,13124211,1af868e1ff628960,0.08281249999999996,0.20781249999999996,0.9171875,0,0,0.2338088768115942,1.0
screening,306,4,FAMILY_A_DECEPTION_ONLY,A3,4062549,13124211,1af868e1ff628960,0.050000000000000044,0.17500000000000004,0.95,0,0,0.21025815217391305,1.0
screening,306,4,FAMILY_A_DECEPTION_ONLY,A4,4062549,13124211,1af868e1ff628960,0.06249999999999989,0.1874999999999999,0.9375000000000001,0,0,0.20708786231884058,1.0
screening,306,4,FAMILY_B_INTERACTION_DENSITY_ONLY,B1,4062549,13124211,1af868e1ff628960,0.07000000000000006,0.19500000000000006,0.9299999999999999,0,0,0.20448369565217392,1.0
screening,306,4,FAMILY_B_INTERACTION_DENSITY_ONLY,B2,4062549,13124211,1af868e1ff628960,0.08079268292682917,0.20579268292682917,0.9192073170731708,0,0,0.24864130434782608,1.0
screening,306,4,FAMILY_B_INTERACTION_DENSITY_ONLY,B3,4062549,13124211,1af868e1ff628960,0.04390243902439017,0.16890243902439017,0.9560975609756098,0,0,0.22135416666666666,1.0
screening,306,4,FAMILY_B_INTERACTION_DENSITY_ONLY,B4,4062549,13124211,1af868e1ff628960,0.042276422764227495,0.1672764227642275,0.9577235772357725,0,0,0.22475090579710144,1.0
screening,306,4,FAMILY_C_CONFLICTING_INTERACTIONS,C1,4062549,13124211,1af868e1ff628960,0.04656565656565659,0.1715656565656566,0.9534343434343434,0,0,0.22475090579710144,1.0
screening,306,4,FAMILY_C_CONFLICTING_INTERACTIONS,C2,4062549,13124211,1af868e1ff628960,0.04437659033078878,0.16937659033078878,0.9556234096692112,0,0,0.22475090579710144,1.0
screening,306,4,FAMILY_C_CONFLICTING_INTERACTIONS,C3,4062549,13124211,1af868e1ff628960,0.04215384615384621,0.1671538461538462,0.9578461538461538,0,0,0.22203351449275363,1.0
screening,306,4,FAMILY_C_CONFLICTING_INTERACTIONS,C4,4062549,13124211,1af868e1ff628960,0.15421188630490956,0.27921188630490956,0.8457881136950904,0,0,0.22078804347826086,1.0
screening,306,5,FAMILY_A_DECEPTION_ONLY,A1,4062650,13124422,bf43e091e7fcb5b9,0.06874999999999998,0.19374999999999998,0.93125,0,0,0.1871603260869565,1.0
screening,306,5,FAMILY_A_DECEPTION_ONLY,A2,4062650,13124422,bf43e091e7fcb5b9,0.0,0.125,1.0,1,1,0.19519927536231885,1.0
screening,306,5,FAMILY_A_DECEPTION_ONLY,A3,4062650,13124422,bf43e091e7fcb5b9,0.09999999999999998,0.22499999999999998,0.9,0,0,0.21467391304347827,1.0
screening,306,5,FAMILY_A_DECEPTION_ONLY,A4,4062650,13124422,bf43e091e7fcb5b9,0.03749999999999998,0.16249999999999998,0.9625,0,0,0.17730978260869565,1.0
screening,306,5,FAMILY_B_INTERACTION_DENSITY_ONLY,B1,4062650,13124422,bf43e091e7fcb5b9,0.09687500000000004,0.22187500000000004,0.903125,0,0,0.20040760869565216,1.0
screening,306,5,FAMILY_B_INTERACTION_DENSITY_ONLY,B2,4062650,13124422,bf43e091e7fcb5b9,0.0,0.125,1.0,1,1,0.18670742753623187,1.0
screening,306,5,FAMILY_B_INTERACTION_DENSITY_ONLY,B3,4062650,13124422,bf43e091e7fcb5b9,0.07804878048780484,0.20304878048780484,0.9219512195121952,0,0,0.20244565217391305,1.0
screening,306,5,FAMILY_B_INTERACTION_DENSITY_ONLY,B4,4062650,13124422,bf43e091e7fcb5b9,0.1626355013550136,0.2876355013550136,0.8373644986449864,0,0,0.19202898550724637,1.0
screening,306,5,FAMILY_C_CONFLICTING_INTERACTIONS,C1,4062650,13124422,bf43e091e7fcb5b9,0.08050505050505063,0.20550505050505063,0.9194949494949494,0,0,0.20244565217391305,1.0
screening,306,5,FAMILY_C_CONFLICTING_INTERACTIONS,C2,4062650,13124422,bf43e091e7fcb5b9,0.07603053435114515,0.20103053435114515,0.9239694656488548,0,0,0.20244565217391305,1.0
screening,306,5,FAMILY_C_CONFLICTING_INTERACTIONS,C3,4062650,13124422,bf43e091e7fcb5b9,0.11599999999999999,0.241,0.884,0,0,0.18659420289855072,1.0
screening,306,5,FAMILY_C_CONFLICTING_INTERACTIONS,C4,4062650,13124422,bf43e091e7fcb5b9,0.07204134366925063,0.19704134366925063,0.9279586563307494,0,0,0.18817934782608695,1.0
screening,306,6,FAMILY_A_DECEPTION_ONLY,A1,4062751,13124633,44d603aaae312e1f,0.22031250000000002,0.3453125,0.7796875,0,0,0.20720108695652173,1.0
screening,306,6,FAMILY_A_DECEPTION_ONLY,A2,4062751,13124633,44d603aaae312e1f,0.1312500000000001,0.2562500000000001,0.8687499999999999,0,0,0.23143115942028986,1.0
screening,306,6,FAMILY_A_DECEPTION_ONLY,A3,4062751,13124633,44d603aaae312e1f,0.14687499999999998,0.271875,0.853125,0,0,0.24875452898550723,1.0
screening,306,6,FAMILY_A_DECEPTION_ONLY,A4,4062751,13124633,44d603aaae312e1f,0.12031249999999993,0.24531249999999993,0.8796875000000001,0,0,0.22090126811594202,1.0
screening,306,6,FAMILY_B_INTERACTION_DENSITY_ONLY,B1,4062751,13124633,44d603aaae312e1f,0.09687500000000004,0.22187500000000004,0.903125,0,0,0.2263360507246377,1.0
screening,306,6,FAMILY_B_INTERACTION_DENSITY_ONLY,B2,4062751,13124633,44d603aaae312e1f,0.07439024390243898,0.19939024390243898,0.925609756097561,0,0,0.2284873188405797,1.0
screening,306,6,FAMILY_B_INTERACTION_DENSITY_ONLY,B3,4062751,13124633,44d603aaae312e1f,0.21920731707317065,0.34420731707317065,0.7807926829268294,0,0,0.247169384057971,1.0
screening,306,6,FAMILY_B_INTERACTION_DENSITY_ONLY,B4,4062751,13124633,44d603aaae312e1f,0.11192411924119239,0.2369241192411924,0.8880758807588076,0,0,0.18014039855072464,1.0
screening,306,6,FAMILY_C_CONFLICTING_INTERACTIONS,C1,4062751,13124633,44d603aaae312e1f,0.17949494949494949,0.3044949494949495,0.8205050505050505,0,0,0.15715579710144928,1.0
screening,306,6,FAMILY_C_CONFLICTING_INTERACTIONS,C2,4062751,13124633,44d603aaae312e1f,0.13648854961832058,0.2614885496183206,0.8635114503816794,0,0,0.2156929347826087,1.0
screening,306,6,FAMILY_C_CONFLICTING_INTERACTIONS,C3,4062751,13124633,44d603aaae312e1f,0.17487179487179483,0.29987179487179483,0.8251282051282052,0,0,0.20267210144927536,1.0
screening,306,6,FAMILY_C_CONFLICTING_INTERACTIONS,C4,4062751,13124633,44d603aaae312e1f,0.11266149870801034,0.23766149870801034,0.8873385012919897,0,0,0.27139945652173914,1.0
screening,306,7,FAMILY_A_DECEPTION_ONLY,A1,4062852,13124844,c2369bad213afc16,0.24843749999999998,0.3734375,0.7515625,0,0,0.1713088768115942,1.0
screening,306,7,FAMILY_A_DECEPTION_ONLY,A2,4062852,13124844,c2369bad213afc16,0.09687500000000004,0.22187500000000004,0.903125,0,0,0.22090126811594202,1.0
screening,306,7,FAMILY_A_DECEPTION_ONLY,A3,4062852,13124844,c2369bad213afc16,0.09999999999999998,0.22499999999999998,0.9,0,0,0.17900815217391305,1.0
screening,306,7,FAMILY_A_DECEPTION_ONLY,A4,4062852,13124844,c2369bad213afc16,0.0625,0.1875,0.9375,0,0,0.18795289855072464,1.0
screening,306,7,FAMILY_B_INTERACTION_DENSITY_ONLY,B1,4062852,13124844,c2369bad213afc16,0.07000000000000006,0.19500000000000006,0.9299999999999999,0,0,0.18104619565217392,1.0
screening,306,7,FAMILY_B_INTERACTION_DENSITY_ONLY,B2,4062852,13124844,c2369bad213afc16,0.18292682926829273,0.30792682926829273,0.8170731707317073,0,0,0.169044384057971,1.0
screening,306,7,FAMILY_B_INTERACTION_DENSITY_ONLY,B3,4062852,13124844,c2369bad213afc16,0.1170731707317072,0.2420731707317072,0.8829268292682928,0,0,0.159080615942029,1.0
screening,306,7,FAMILY_B_INTERACTION_DENSITY_ONLY,B4,4062852,13124844,c2369bad213afc16,0.11327913279132784,0.23827913279132784,0.8867208672086722,0,0,0.16553442028985507,1.0
screening,306,7,FAMILY_C_CONFLICTING_INTERACTIONS,C1,4062852,13124844,c2369bad213afc16,0.08535353535353529,0.2103535353535353,0.9146464646464647,0,0,0.2084465579710145,1.0
screening,306,7,FAMILY_C_CONFLICTING_INTERACTIONS,C2,4062852,13124844,c2369bad213afc16,0.11277353689567426,0.23777353689567426,0.8872264631043257,0,0,0.159080615942029,1.0
screening,306,7,FAMILY_C_CONFLICTING_INTERACTIONS,C3,4062852,13124844,c2369bad213afc16,0.10851282051282052,0.23351282051282052,0.8914871794871795,0,0,0.159080615942029,1.0
screening,306,7,FAMILY_C_CONFLICTING_INTERACTIONS,C4,4062852,13124844,c2369bad213afc16,0.06945736434108529,0.1944573643410853,0.9305426356589147,0,0,0.1833106884057971,1.0
screening,306,8,FAMILY_A_DECEPTION_ONLY,A1,4062953,13125055,d5dd81789c243138,0.08281249999999996,0.20781249999999996,0.9171875,0,0,0.18342391304347827,1.0
screening,306,8,FAMILY_A_DECEPTION_ONLY,A2,4062953,13125055,d5dd81789c243138,0.140625,0.265625,0.859375,0,0,0.21365489130434784,1.0
screening,306,8,FAMILY_A_DECEPTION_ONLY,A3,4062953,13125055,d5dd81789c243138,0.050000000000000044,0.17500000000000004,0.95,0,0,0.1869338768115942,1.0
screening,306,8,FAMILY_A_DECEPTION_ONLY,A4,4062953,13125055,d5dd81789c243138,0.02499999999999991,0.1499999999999999,0.9750000000000001,0,0,0.18093297101449277,1.0
screening,306,8,FAMILY_B_INTERACTION_DENSITY_ONLY,B1,4062953,13125055,d5dd81789c243138,0.11781249999999999,0.2428125,0.8821875,0,0,0.18489583333333334,1.0
screening,306,8,FAMILY_B_INTERACTION_DENSITY_ONLY,B2,4062953,13125055,d5dd81789c243138,0.1545731707317073,0.2795731707317073,0.8454268292682927,0,0,0.20754076086956522,1.0
screening,306,8,FAMILY_B_INTERACTION_DENSITY_ONLY,B3,4062953,13125055,d5dd81789c243138,0.0969512195121951,0.2219512195121951,0.9030487804878049,0,0,0.23448822463768115,1.0
screening,306,8,FAMILY_B_INTERACTION_DENSITY_ONLY,B4,4062953,13125055,d5dd81789c243138,0.042276422764227495,0.1672764227642275,0.9577235772357725,0,0,0.19633152173913043,1.0
screening,306,8,FAMILY_C_CONFLICTING_INTERACTIONS,C1,4062953,13125055,d5dd81789c243138,0.13797979797979798,0.262979797979798,0.862020202020202,0,0,0.21988224637681159,1.0
screening,306,8,FAMILY_C_CONFLICTING_INTERACTIONS,C2,4062953,13125055,d5dd81789c243138,0.12020356234096696,0.24520356234096696,0.879796437659033,0,0,0.2164855072463768,1.0
screening,306,8,FAMILY_C_CONFLICTING_INTERACTIONS,C3,4062953,13125055,d5dd81789c243138,0.11599999999999999,0.241,0.884,0,0,0.16293025362318841,1.0
screening,306,8,FAMILY_C_CONFLICTING_INTERACTIONS,C4,4062953,13125055,d5dd81789c243138,0.11948320413436686,0.24448320413436686,0.8805167958656331,0,0,0.18421648550724637,1.0
screening,306,9,FAMILY_A_DECEPTION_ONLY,A1,4063054,13125266,54a4897773bb21d9,0.15156249999999993,0.27656249999999993,0.8484375000000001,0,0,0.2103713768115942,1.0
screening,306,9,FAMILY_A_DECEPTION_ONLY,A2,4063054,13125266,54a4897773bb21d9,0.08750000000000002,0.21250000000000002,0.9125,0,0,0.18863224637681159,1.0
screening,306,9,FAMILY_A_DECEPTION_ONLY,A3,4063054,13125266,54a4897773bb21d9,0.08281249999999996,0.20781249999999996,0.9171875,0,0,0.20584239130434784,1.0
screening,306,9,FAMILY_A_DECEPTION_ONLY,A4,4063054,13125266,54a4897773bb21d9,0.08281249999999996,0.20781249999999996,0.9171875,0,0,0.20165307971014493,1.0
screening,306,9,FAMILY_B_INTERACTION_DENSITY_ONLY,B1,4063054,13125266,54a4897773bb21d9,0.0,0.125,1.0,1,1,0.2050498188405797,1.0
screening,306,9,FAMILY_B_INTERACTION_DENSITY_ONLY,B2,4063054,13125266,54a4897773bb21d9,0.0,0.125,1.0,1,1,0.22769474637681159,1.0
screening,306,9,FAMILY_B_INTERACTION_DENSITY_ONLY,B3,4063054,13125266,54a4897773bb21d9,0.0,0.125,1.0,1,1,0.20074728260869565,1.0
screening,306,9,FAMILY_B_INTERACTION_DENSITY_ONLY,B4,4063054,13125266,54a4897773bb21d9,0.0,0.125,1.0,1,1,0.20425724637681159,1.0
screening,306,9,FAMILY_C_CONFLICTING_INTERACTIONS,C1,4063054,13125266,54a4897773bb21d9,0.0,0.125,1.0,1,1,0.21365489130434784,1.0
screening,306,9,FAMILY_C_CONFLICTING_INTERACTIONS,C2,4063054,13125266,54a4897773bb21d9,0.0,0.125,1.0,1,1,0.21184329710144928,1.0
screening,306,9,FAMILY_C_CONFLICTING_INTERACTIONS,C3,4063054,13125266,54a4897773bb21d9,0.0,0.125,1.0,1,1,0.2036911231884058,1.0
screening,306,9,FAMILY_C_CONFLICTING_INTERACTIONS,C4,4063054,13125266,54a4897773bb21d9,0.0,0.125,1.0,1,1,0.21274909420289856,1.0
screening,306,10,FAMILY_A_DECEPTION_ONLY,A1,4063155,13125477,c29ed692193db7fc,0.06874999999999998,0.19374999999999998,0.93125,0,0,0.20323822463768115,1.0
screening,306,10,FAMILY_A_DECEPTION_ONLY,A2,4063155,13125477,c29ed692193db7fc,0.0,0.125,1.0,1,1,0.2184103260869565,1.0
screening,306,10,FAMILY_A_DECEPTION_ONLY,A3,4063155,13125477,c29ed692193db7fc,0.08281249999999996,0.20781249999999996,0.9171875,0,0,0.22339221014492755,1.0
screening,306,10,FAMILY_A_DECEPTION_ONLY,A4,4063155,13125477,c29ed692193db7fc,0.10781249999999998,0.23281249999999998,0.8921875,0,0,0.2103713768115942,1.0
screening,306,10,FAMILY_B_INTERACTION_DENSITY_ONLY,B1,4063155,13125477,c29ed692193db7fc,0.1050000000000001,0.2300000000000001,0.8949999999999999,0,0,0.18897192028985507,1.0
screening,306,10,FAMILY_B_INTERACTION_DENSITY_ONLY,B2,4063155,13125477,c29ed692193db7fc,0.11463414634146352,0.23963414634146352,0.8853658536585365,0,0,0.23222373188405798,1.0
screening,306,10,FAMILY_B_INTERACTION_DENSITY_ONLY,B3,4063155,13125477,c29ed692193db7fc,0.11463414634146352,0.23963414634146352,0.8853658536585365,0,0,0.2418478260869565,1.0
screening,306,10,FAMILY_B_INTERACTION_DENSITY_ONLY,B4,4063155,13125477,c29ed692193db7fc,0.11327913279132795,0.23827913279132795,0.886720867208672,0,0,0.2313179347826087,1.0
screening,306,10,FAMILY_C_CONFLICTING_INTERACTIONS,C1,4063155,13125477,c29ed692193db7fc,0.11949494949494954,0.24449494949494954,0.8805050505050505,0,0,0.23573369565217392,1.0
screening,306,10,FAMILY_C_CONFLICTING_INTERACTIONS,C2,4063155,13125477,c29ed692193db7fc,0.11531806615776097,0.24031806615776097,0.884681933842239,0,0,0.23777173913043478,1.0
screening,306,10,FAMILY_C_CONFLICTING_INTERACTIONS,C3,4063155,13125477,c29ed692193db7fc,0.11107692307692318,0.23607692307692318,0.8889230769230768,0,0,0.23811141304347827,1.0
screening,306,10,FAMILY_C_CONFLICTING_INTERACTIONS,C4,4063155,13125477,c29ed692193db7fc,0.10677002583979334,0.23177002583979334,0.8932299741602067,0,0,0.23120471014492755,1.0
screening,306,11,FAMILY_A_DECEPTION_ONLY,A1,4063256,13125688,f4001e1bc82522d4,0.06874999999999998,0.19374999999999998,0.93125,0,0,0.19485960144927536,1.0
screening,306,11,FAMILY_A_DECEPTION_ONLY,A2,4063256,13125688,f4001e1bc82522d4,0.08281249999999996,0.20781249999999996,0.9171875,0,0,0.22826086956521738,1.0
screening,306,11,FAMILY_A_DECEPTION_ONLY,A3,4063256,13125688,f4001e1bc82522d4,0.1468750000000001,0.2718750000000001,0.8531249999999999,0,0,0.19395380434782608,1.0
screening,306,11,FAMILY_A_DECEPTION_ONLY,A4,4063256,13125688,f4001e1bc82522d4,0.06249999999999989,0.1874999999999999,0.9375000000000001,0,0,0.18036684782608695,1.0
screening,306,11,FAMILY_B_INTERACTION_DENSITY_ONLY,B1,4063256,13125688,f4001e1bc82522d4,0.03500000000000003,0.16000000000000003,0.965,0,0,0.20459692028985507,1.0
screening,306,11,FAMILY_B_INTERACTION_DENSITY_ONLY,B2,4063256,13125688,f4001e1bc82522d4,0.11493902439024384,0.23993902439024384,0.8850609756097562,0,0,0.19678442028985507,1.0
screening,306,11,FAMILY_B_INTERACTION_DENSITY_ONLY,B3,4063256,13125688,f4001e1bc82522d4,0.03658536585365857,0.16158536585365857,0.9634146341463414,0,0,0.20629528985507245,1.0
screening,306,11,FAMILY_B_INTERACTION_DENSITY_ONLY,B4,4063256,13125688,f4001e1bc82522d4,0.11327913279132795,0.23827913279132795,0.886720867208672,0,0,0.18863224637681159,1.0
screening,306,11,FAMILY_C_CONFLICTING_INTERACTIONS,C1,4063256,13125688,f4001e1bc82522d4,0.11191919191919197,0.23691919191919197,0.888080808080808,0,0,0.2193161231884058,1.0
screening,306,11,FAMILY_C_CONFLICTING_INTERACTIONS,C2,4063256,13125688,f4001e1bc82522d4,0.1518575063613231,0.2768575063613231,0.8481424936386769,0,0,0.22452445652173914,1.0
screening,306,11,FAMILY_C_CONFLICTING_INTERACTIONS,C3,4063256,13125688,f4001e1bc82522d4,0.0740512820512822,0.1990512820512822,0.9259487179487178,0,0,0.21795742753623187,1.0
screening,306,11,FAMILY_C_CONFLICTING_INTERACTIONS,C4,4063256,13125688,f4001e1bc82522d4,0.06945736434108529,0.1944573643410853,0.9305426356589147,0,0,0.23177083333333334,1.0
screening,306,12,FAMILY_A_DECEPTION_ONLY,A1,4063357,13125899,d37038217108dda2,0.13749999999999996,0.26249999999999996,0.8625,0,0,0.22916666666666666,1.0
screening,306,12,FAMILY_A_DECEPTION_ONLY,A2,4063357,13125899,d37038217108dda2,0.17031249999999987,0.29531249999999987,0.8296875000000001,0,0,0.22927989130434784,1.0
screening,306,12,FAMILY_A_DECEPTION_ONLY,A3,4063357,13125899,d37038217108dda2,0.050000000000000044,0.17500000000000004,0.95,0,0,0.2630208333333333,1.0
screening,306,12,FAMILY_A_DECEPTION_ONLY,A4,4063357,13125899,d37038217108dda2,0.17812499999999998,0.303125,0.821875,0,0,0.2151268115942029,1.0
screening,306,12,FAMILY_B_INTERACTION_DENSITY_ONLY,B1,4063357,13125899,d37038217108dda2,0.15281250000000002,0.2778125,0.8471875,0,0,0.2563405797101449,1.0
screening,306,12,FAMILY_B_INTERACTION_DENSITY_ONLY,B2,4063357,13125899,d37038217108dda2,0.07439024390243898,0.19939024390243898,0.925609756097561,0,0,0.2290534420289855,1.0
screening,306,12,FAMILY_B_INTERACTION_DENSITY_ONLY,B3,4063357,13125899,d37038217108dda2,0.11493902439024384,0.23993902439024384,0.8850609756097562,0,0,0.20957880434782608,1.0
screening,306,12,FAMILY_B_INTERACTION_DENSITY_ONLY,B4,4063357,13125899,d37038217108dda2,0.11493902439024384,0.23993902439024384,0.8850609756097562,0,0,0.2115036231884058,1.0
screening,306,12,FAMILY_C_CONFLICTING_INTERACTIONS,C1,4063357,13125899,d37038217108dda2,0.09646464646464648,0.22146464646464648,0.9035353535353535,0,0,0.26154891304347827,1.0
screening,306,12,FAMILY_C_CONFLICTING_INTERACTIONS,C2,4063357,13125899,d37038217108dda2,0.11511450381679389,0.2401145038167939,0.8848854961832061,0,0,0.23109148550724637,1.0
screening,306,12,FAMILY_C_CONFLICTING_INTERACTIONS,C3,4063357,13125899,d37038217108dda2,0.03446153846153854,0.15946153846153854,0.9655384615384615,0,0,0.22044836956521738,1.0
screening,306,12,FAMILY_C_CONFLICTING_INTERACTIONS,C4,4063357,13125899,d37038217108dda2,0.15162790697674422,0.2766279069767442,0.8483720930232558,0,0,0.24909420289855072,1.0
screening,306,13,FAMILY_A_DECEPTION_ONLY,A1,4063458,13126110,5c1c6298ae8b6265,0.234375,0.359375,0.765625,0,0,0.23482789855072464,1.0
screening,306,13,FAMILY_A_DECEPTION_ONLY,A2,4063458,13126110,5c1c6298ae8b6265,0.08749999999999991,0.2124999999999999,0.9125000000000001,0,0,0.2107110507246377,1.0
screening,306,13,FAMILY_A_DECEPTION_ONLY,A3,4063458,13126110,5c1c6298ae8b6265,0.1328125,0.2578125,0.8671875,0,0,0.21988224637681159,1.0
screening,306,13,FAMILY_A_DECEPTION_ONLY,A4,4063458,13126110,5c1c6298ae8b6265,0.03749999999999998,0.16249999999999998,0.9625,0,0,0.19644474637681159,1.0
screening,306,13,FAMILY_B_INTERACTION_DENSITY_ONLY,B1,4063458,13126110,5c1c6298ae8b6265,0.1178125000000001,0.2428125000000001,0.8821874999999999,0,0,0.22509057971014493,1.0
screening,306,13,FAMILY_B_INTERACTION_DENSITY_ONLY,B2,4063458,13126110,5c1c6298ae8b6265,0.12103658536585349,0.2460365853658535,0.8789634146341465,0,0,0.20799365942028986,1.0
screening,306,13,FAMILY_B_INTERACTION_DENSITY_ONLY,B3,4063458,13126110,5c1c6298ae8b6265,0.12195121951219512,0.24695121951219512,0.8780487804878049,0,0,0.19372735507246377,1.0
screening,306,13,FAMILY_B_INTERACTION_DENSITY_ONLY,B4,4063458,13126110,5c1c6298ae8b6265,0.17936991869918684,0.30436991869918684,0.8206300813008132,0,0,0.19667119565217392,1.0
screening,306,13,FAMILY_C_CONFLICTING_INTERACTIONS,C1,4063458,13126110,5c1c6298ae8b6265,0.16080808080808084,0.28580808080808084,0.8391919191919192,0,0,0.26336050724637683,1.0
screening,306,13,FAMILY_C_CONFLICTING_INTERACTIONS,C2,4063458,13126110,5c1c6298ae8b6265,0.039287531806615816,0.16428753180661582,0.9607124681933842,0,0,0.21263586956521738,1.0
screening,306,13,FAMILY_C_CONFLICTING_INTERACTIONS,C3,4063458,13126110,5c1c6298ae8b6265,0.15558974358974376,0.28058974358974376,0.8444102564102562,0,0,0.23596014492753623,1.0
screening,306,13,FAMILY_C_CONFLICTING_INTERACTIONS,C4,4063458,13126110,5c1c6298ae8b6265,0.11689922480620152,0.24189922480620152,0.8831007751937985,0,0,0.21524003623188406,1.0
screening,306,14,FAMILY_A_DECEPTION_ONLY,A1,4063559,13126321,4520381a233911a6,0.13749999999999996,0.26249999999999996,0.8625,0,0,0.21580615942028986,1.0
screening,306,14,FAMILY_A_DECEPTION_ONLY,A2,4063559,13126321,4520381a233911a6,0.140625,0.265625,0.859375,0,0,0.1922554347826087,1.0
screening,306,14,FAMILY_A_DECEPTION_ONLY,A3,4063559,13126321,4520381a233911a6,0.07500000000000007,0.20000000000000007,0.9249999999999999,0,0,0.20108695652173914,1.0
screening,306,14,FAMILY_A_DECEPTION_ONLY,A4,4063559,13126321,4520381a233911a6,0.03749999999999998,0.16249999999999998,0.9625,0,0,0.1894248188405797,1.0
screening,306,14,FAMILY_B_INTERACTION_DENSITY_ONLY,B1,4063559,13126321,4520381a233911a6,0.13187500000000008,0.2568750000000001,0.8681249999999999,0,0,0.19316123188405798,1.0
screening,306,14,FAMILY_B_INTERACTION_DENSITY_ONLY,B2,4063559,13126321,4520381a233911a6,0.0865853658536585,0.2115853658536585,0.9134146341463415,0,0,0.20742753623188406,1.0
screening,306,14,FAMILY_B_INTERACTION_DENSITY_ONLY,B3,4063559,13126321,4520381a233911a6,0.04146341463414638,0.16646341463414638,0.9585365853658536,0,0,0.17697010869565216,1.0
screening,306,14,FAMILY_B_INTERACTION_DENSITY_ONLY,B4,4063559,13126321,4520381a233911a6,0.12171409214092133,0.24671409214092133,0.8782859078590787,0,0,0.24060235507246377,1.0
screening,306,14,FAMILY_C_CONFLICTING_INTERACTIONS,C1,4063559,13126321,4520381a233911a6,0.11696969696969706,0.24196969696969706,0.8830303030303029,0,0,0.21603260869565216,1.0
screening,306,14,FAMILY_C_CONFLICTING_INTERACTIONS,C2,4063559,13126321,4520381a233911a6,0.12020356234096696,0.24520356234096696,0.879796437659033,0,0,0.17878170289855072,1.0
screening,306,14,FAMILY_C_CONFLICTING_INTERACTIONS,C3,4063559,13126321,4520381a233911a6,0.1900512820512822,0.3150512820512822,0.8099487179487178,0,0,0.17708333333333334,1.0
screening,306,14,FAMILY_C_CONFLICTING_INTERACTIONS,C4,4063559,13126321,4520381a233911a6,0.18894056847545215,0.31394056847545215,0.8110594315245478,0,0,0.22169384057971014,1.0
screening,306,15,FAMILY_A_DECEPTION_ONLY,A1,4063660,13126532,e9cd4be53482cfe1,0.09687500000000004,0.22187500000000004,0.903125,0,0,0.20471014492753623,1.0
screening,306,15,FAMILY_A_DECEPTION_ONLY,A2,4063660,13126532,e9cd4be53482cfe1,0.0,0.125,1.0,1,1,0.18104619565217392,1.0
screening,306,15,FAMILY_A_DECEPTION_ONLY,A3,4063660,13126532,e9cd4be53482cfe1,0.0,0.125,1.0,1,1,0.19327445652173914,1.0
screening,306,15,FAMILY_A_DECEPTION_ONLY,A4,4063660,13126532,e9cd4be53482cfe1,0.03749999999999987,0.16249999999999987,0.9625000000000001,0,0,0.2090126811594203,1.0
screening,306,15,FAMILY_B_INTERACTION_DENSITY_ONLY,B1,4063660,13126532,e9cd4be53482cfe1,0.0,0.125,1.0,1,1,0.18104619565217392,1.0
screening,306,15,FAMILY_B_INTERACTION_DENSITY_ONLY,B2,4063660,13126532,e9cd4be53482cfe1,0.03414634146341455,0.15914634146341455,0.9658536585365854,0,0,0.161231884057971,1.0
screening,306,15,FAMILY_B_INTERACTION_DENSITY_ONLY,B3,4063660,13126532,e9cd4be53482cfe1,0.0,0.125,1.0,1,1,0.19746376811594202,1.0
screening,306,15,FAMILY_B_INTERACTION_DENSITY_ONLY,B4,4063660,13126532,e9cd4be53482cfe1,0.03414634146341455,0.15914634146341455,0.9658536585365854,0,0,0.17866847826086957,1.0
screening,306,15,FAMILY_C_CONFLICTING_INTERACTIONS,C1,4063660,13126532,e9cd4be53482cfe1,0.0,0.125,1.0,1,1,0.19746376811594202,1.0
screening,306,15,FAMILY_C_CONFLICTING_INTERACTIONS,C2,4063660,13126532,e9cd4be53482cfe1,0.04437659033078878,0.16937659033078878,0.9556234096692112,0,0,0.18104619565217392,1.0
screening,306,15,FAMILY_C_CONFLICTING_INTERACTIONS,C3,4063660,13126532,e9cd4be53482cfe1,0.03446153846153854,0.15946153846153854,0.9655384615384615,0,0,0.161231884057971,1.0
screening,306,15,FAMILY_C_CONFLICTING_INTERACTIONS,C4,4063660,13126532,e9cd4be53482cfe1,0.0347286821705427,0.1597286821705427,0.9652713178294573,0,0,0.19712409420289856,1.0
screening,307,0,FAMILY_A_DECEPTION_ONLY,A1,4072152,13143378,d494c975dd4310d0,0.11093750000000002,0.23593750000000002,0.8890625,0,0,0.23233695652173914,1.0
screening,307,0,FAMILY_A_DECEPTION_ONLY,A2,4072152,13143378,d494c975dd4310d0,0.17031249999999998,0.2953125,0.8296875,0,0,0.18874547101449277,1.0
screening,307,0,FAMILY_A_DECEPTION_ONLY,A3,4072152,13143378,d494c975dd4310d0,0.10781249999999998,0.23281249999999998,0.8921875,0,0,0.23584692028985507,1.0
screening,307,0,FAMILY_A_DECEPTION_ONLY,A4,4072152,13143378,d494c975dd4310d0,0.10781249999999998,0.23281249999999998,0.8921875,0,0,0.2008605072463768,1.0
screening,307,0,FAMILY_B_INTERACTION_DENSITY_ONLY,B1,4072152,13143378,d494c975dd4310d0,0.07000000000000006,0.19500000000000006,0.9299999999999999,0,0,0.2061820652173913,1.0
screening,307,0,FAMILY_B_INTERACTION_DENSITY_ONLY,B2,4072152,13143378,d494c975dd4310d0,0.08048780487804885,0.20548780487804885,0.9195121951219511,0,0,0.2012001811594203,1.0
screening,307,0,FAMILY_B_INTERACTION_DENSITY_ONLY,B3,4072152,13143378,d494c975dd4310d0,0.08048780487804885,0.20548780487804885,0.9195121951219511,0,0,0.20403079710144928,1.0
screening,307,0,FAMILY_B_INTERACTION_DENSITY_ONLY,B4,4072152,13143378,d494c975dd4310d0,0.08079268292682917,0.20579268292682917,0.9192073170731708,0,0,0.2284873188405797,1.0
screening,307,0,FAMILY_C_CONFLICTING_INTERACTIONS,C1,4072152,13143378,d494c975dd4310d0,0.08050505050505063,0.20550505050505063,0.9194949494949494,0,0,0.20822010869565216,1.0
screening,307,0,FAMILY_C_CONFLICTING_INTERACTIONS,C2,4072152,13143378,d494c975dd4310d0,0.07603053435114515,0.20103053435114515,0.9239694656488548,0,0,0.20822010869565216,1.0
screening,307,0,FAMILY_C_CONFLICTING_INTERACTIONS,C3,4072152,13143378,d494c975dd4310d0,0.1488205128205129,0.2738205128205129,0.8511794871794871,0,0,0.22780797101449277,1.0
screening,307,0,FAMILY_C_CONFLICTING_INTERACTIONS,C4,4072152,13143378,d494c975dd4310d0,0.1448062015503877,0.2698062015503877,0.8551937984496123,0,0,0.22780797101449277,1.0
screening,307,1,FAMILY_A_DECEPTION_ONLY,A1,4072253,13143589,442b1f47c1bd6f0f,0.1656249999999999,0.2906249999999999,0.8343750000000001,0,0,0.19610507246376813,1.0
screening,307,1,FAMILY_A_DECEPTION_ONLY,A2,4072253,13143589,442b1f47c1bd6f0f,0.08749999999999991,0.2124999999999999,0.9125000000000001,0,0,0.19701086956521738,1.0
screening,307,1,FAMILY_A_DECEPTION_ONLY,A3,4072253,13143589,442b1f47c1bd6f0f,0.050000000000000044,0.17500000000000004,0.95,0,0,0.18897192028985507,1.0
screening,307,1,FAMILY_A_DECEPTION_ONLY,A4,4072253,13143589,442b1f47c1bd6f0f,0.02499999999999991,0.1499999999999999,0.9750000000000001,0,0,0.15964673913043478,1.0
screening,307,1,FAMILY_B_INTERACTION_DENSITY_ONLY,B1,4072253,13143589,442b1f47c1bd6f0f,0.07000000000000006,0.19500000000000006,0.9299999999999999,0,0,0.18965126811594202,1.0
screening,307,1,FAMILY_B_INTERACTION_DENSITY_ONLY,B2,4072253,13143589,442b1f47c1bd6f0f,0.06829268292682922,0.19329268292682922,0.9317073170731708,0,0,0.20720108695652173,1.0
screening,307,1,FAMILY_B_INTERACTION_DENSITY_ONLY,B3,4072253,13143589,442b1f47c1bd6f0f,0.07804878048780484,0.20304878048780484,0.9219512195121952,0,0,0.1821784420289855,1.0
screening,307,1,FAMILY_B_INTERACTION_DENSITY_ONLY,B4,4072253,13143589,442b1f47c1bd6f0f,0.07777777777777783,0.20277777777777783,0.9222222222222222,0,0,0.19202898550724637,1.0
screening,307,1,FAMILY_C_CONFLICTING_INTERACTIONS,C1,4072253,13143589,442b1f47c1bd6f0f,0.12181818181818183,0.24681818181818183,0.8781818181818182,0,0,0.16519474637681159,1.0
screening,307,1,FAMILY_C_CONFLICTING_INTERACTIONS,C2,4072253,13143589,442b1f47c1bd6f0f,0.11765903307888037,0.24265903307888037,0.8823409669211196,0,0,0.16519474637681159,1.0
screening,307,1,FAMILY_C_CONFLICTING_INTERACTIONS,C3,4072253,13143589,442b1f47c1bd6f0f,0.11599999999999999,0.241,0.884,0,0,0.16519474637681159,1.0
screening,307,1,FAMILY_C_CONFLICTING_INTERACTIONS,C4,4072253,13143589,442b1f47c1bd6f0f,0.11689922480620152,0.24189922480620152,0.8831007751937985,0,0,0.16519474637681159,1.0
screening,307,2,FAMILY_A_DECEPTION_ONLY,A1,4072354,13143800,a3eb5b92db2921ef,0.06874999999999998,0.19374999999999998,0.93125,0,0,0.19701086956521738,1.0
screening,307,2,FAMILY_A_DECEPTION_ONLY,A2,4072354,13143800,a3eb5b92db2921ef,0.1312500000000001,0.2562500000000001,0.8687499999999999,0,0,0.18342391304347827,1.0
screening,307,2,FAMILY_A_DECEPTION_ONLY,A3,4072354,13143800,a3eb5b92db2921ef,0.050000000000000044,0.17500000000000004,0.95,0,0,0.1905570652173913,1.0
screening,307,2,FAMILY_A_DECEPTION_ONLY,A4,4072354,13143800,a3eb5b92db2921ef,0.03749999999999998,0.16249999999999998,0.9625,0,0,0.22576992753623187,1.0
screening,307,2,FAMILY_B_INTERACTION_DENSITY_ONLY,B1,4072354,13143800,a3eb5b92db2921ef,0.07000000000000006,0.19500000000000006,0.9299999999999999,0,0,0.21580615942028986,1.0
screening,307,2,FAMILY_B_INTERACTION_DENSITY_ONLY,B2,4072354,13143800,a3eb5b92db2921ef,0.15518292682926815,0.28018292682926815,0.8448170731707318,0,0,0.19485960144927536,1.0
screening,307,2,FAMILY_B_INTERACTION_DENSITY_ONLY,B3,4072354,13143800,a3eb5b92db2921ef,0.16768292682926822,0.2926829268292682,0.8323170731707318,0,0,0.28091032608695654,1.0
screening,307,2,FAMILY_B_INTERACTION_DENSITY_ONLY,B4,4072354,13143800,a3eb5b92db2921ef,0.155860433604336,0.280860433604336,0.844139566395664,0,0,0.21750452898550723,1.0
screening,307,2,FAMILY_C_CONFLICTING_INTERACTIONS,C1,4072354,13143800,a3eb5b92db2921ef,0.10939393939393938,0.23439393939393938,0.8906060606060606,0,0,0.18965126811594202,1.0
screening,307,2,FAMILY_C_CONFLICTING_INTERACTIONS,C2,4072354,13143800,a3eb5b92db2921ef,0.07603053435114515,0.20103053435114515,0.9239694656488548,0,0,0.21105072463768115,1.0
screening,307,2,FAMILY_C_CONFLICTING_INTERACTIONS,C3,4072354,13143800,a3eb5b92db2921ef,0.10338461538461541,0.2283846153846154,0.8966153846153846,0,0,0.19010416666666666,1.0
screening,307,2,FAMILY_C_CONFLICTING_INTERACTIONS,C4,4072354,13143800,a3eb5b92db2921ef,0.09901808785529709,0.2240180878552971,0.9009819121447029,0,0,0.19010416666666666,1.0
screening,307,3,FAMILY_A_DECEPTION_ONLY,A1,4072455,13144011,80017e3031ae981c,0.15156250000000004,0.27656250000000004,0.8484375,0,0,0.1819519927536232,1.0
screening,307,3,FAMILY_A_DECEPTION_ONLY,A2,4072455,13144011,80017e3031ae981c,0.08749999999999991,0.2124999999999999,0.9125000000000001,0,0,0.18648097826086957,1.0
screening,307,3,FAMILY_A_DECEPTION_ONLY,A3,4072455,13144011,80017e3031ae981c,0.050000000000000044,0.17500000000000004,0.95,0,0,0.18908514492753623,1.0
screening,307,3,FAMILY_A_DECEPTION_ONLY,A4,4072455,13144011,80017e3031ae981c,0.04999999999999993,0.17499999999999993,0.9500000000000001,0,0,0.18512228260869565,1.0
screening,307,3,FAMILY_B_INTERACTION_DENSITY_ONLY,B1,4072455,13144011,80017e3031ae981c,0.09687500000000004,0.22187500000000004,0.903125,0,0,0.18308423913043478,1.0
screening,307,3,FAMILY_B_INTERACTION_DENSITY_ONLY,B2,4072455,13144011,80017e3031ae981c,0.08079268292682917,0.20579268292682917,0.9192073170731708,0,0,0.2000679347826087,1.0
screening,307,3,FAMILY_B_INTERACTION_DENSITY_ONLY,B3,4072455,13144011,80017e3031ae981c,0.08048780487804885,0.20548780487804885,0.9195121951219511,0,0,0.1791213768115942,1.0
screening,307,3,FAMILY_B_INTERACTION_DENSITY_ONLY,B4,4072455,13144011,80017e3031ae981c,0.07777777777777783,0.20277777777777783,0.9222222222222222,0,0,0.1774230072463768,1.0
screening,307,3,FAMILY_C_CONFLICTING_INTERACTIONS,C1,4072455,13144011,80017e3031ae981c,0.041515151515151505,0.1665151515151515,0.9584848484848485,0,0,0.19599184782608695,1.0
screening,307,3,FAMILY_C_CONFLICTING_INTERACTIONS,C2,4072455,13144011,80017e3031ae981c,0.039287531806615816,0.16428753180661582,0.9607124681933842,0,0,0.17357336956521738,1.0
screening,307,3,FAMILY_C_CONFLICTING_INTERACTIONS,C3,4072455,13144011,80017e3031ae981c,0.03958974358974365,0.16458974358974365,0.9604102564102563,0,0,0.19078351449275363,1.0
screening,307,3,FAMILY_C_CONFLICTING_INTERACTIONS,C4,4072455,13144011,80017e3031ae981c,0.10935400516795879,0.2343540051679588,0.8906459948320412,0,0,0.19655797101449277,1.0
screening,307,4,FAMILY_A_DECEPTION_ONLY,A1,4072556,13144222,d45b1793f4fae87a,0.06874999999999998,0.19374999999999998,0.93125,0,0,0.22327898550724637,1.0
screening,307,4,FAMILY_A_DECEPTION_ONLY,A2,4072556,13144222,d45b1793f4fae87a,0.09687500000000004,0.22187500000000004,0.903125,0,0,0.22837409420289856,1.0
screening,307,4,FAMILY_A_DECEPTION_ONLY,A3,4072556,13144222,d45b1793f4fae87a,0.050000000000000044,0.17500000000000004,0.95,0,0,0.1950860507246377,1.0
screening,307,4,FAMILY_A_DECEPTION_ONLY,A4,4072556,13144222,d45b1793f4fae87a,0.03749999999999998,0.16249999999999998,0.9625,0,0,0.17346014492753623,1.0
screening,307,4,FAMILY_B_INTERACTION_DENSITY_ONLY,B1,4072556,13144222,d45b1793f4fae87a,0.03500000000000003,0.16000000000000003,0.965,0,0,0.19882246376811594,1.0
screening,307,4,FAMILY_B_INTERACTION_DENSITY_ONLY,B2,4072556,13144222,d45b1793f4fae87a,0.08048780487804885,0.20548780487804885,0.9195121951219511,0,0,0.19350090579710144,1.0
screening,307,4,FAMILY_B_INTERACTION_DENSITY_ONLY,B3,4072556,13144222,d45b1793f4fae87a,0.11554878048780481,0.24054878048780481,0.8844512195121952,0,0,0.23516757246376813,1.0
screening,307,4,FAMILY_B_INTERACTION_DENSITY_ONLY,B4,4072556,13144222,d45b1793f4fae87a,0.158570460704607,0.283570460704607,0.841429539295393,0,0,0.2185235507246377,1.0
screening,307,4,FAMILY_C_CONFLICTING_INTERACTIONS,C1,4072556,13144222,d45b1793f4fae87a,0.07545454545454555,0.20045454545454555,0.9245454545454544,0,0,0.22497735507246377,1.0
screening,307,4,FAMILY_C_CONFLICTING_INTERACTIONS,C2,4072556,13144222,d45b1793f4fae87a,0.039287531806615816,0.16428753180661582,0.9607124681933842,0,0,0.19372735507246377,1.0
screening,307,4,FAMILY_C_CONFLICTING_INTERACTIONS,C3,4072556,13144222,d45b1793f4fae87a,0.03958974358974365,0.16458974358974365,0.9604102564102563,0,0,0.23324275362318841,1.0
screening,307,4,FAMILY_C_CONFLICTING_INTERACTIONS,C4,4072556,13144222,d45b1793f4fae87a,0.0,0.125,1.0,1,1,0.20720108695652173,1.0
screening,307,5,FAMILY_A_DECEPTION_ONLY,A1,4072657,13144433,8f730bb93b37a2a5,0.0,0.125,1.0,1,1,0.19791666666666666,1.0
screening,307,5,FAMILY_A_DECEPTION_ONLY,A2,4072657,13144433,8f730bb93b37a2a5,0.0,0.125,1.0,1,1,0.19214221014492755,1.0
screening,307,5,FAMILY_A_DECEPTION_ONLY,A3,4072657,13144433,8f730bb93b37a2a5,0.025000000000000022,0.15000000000000002,0.975,0,0,0.20720108695652173,1.0
screening,307,5,FAMILY_A_DECEPTION_ONLY,A4,4072657,13144433,8f730bb93b37a2a5,0.04999999999999993,0.17499999999999993,0.9500000000000001,0,0,0.19146286231884058,1.0
screening,307,5,FAMILY_B_INTERACTION_DENSITY_ONLY,B1,4072657,13144433,8f730bb93b37a2a5,0.07000000000000006,0.19500000000000006,0.9299999999999999,0,0,0.184669384057971,1.0
screening,307,5,FAMILY_B_INTERACTION_DENSITY_ONLY,B2,4072657,13144433,8f730bb93b37a2a5,0.06829268292682922,0.19329268292682922,0.9317073170731708,0,0,0.22950634057971014,1.0
screening,307,5,FAMILY_B_INTERACTION_DENSITY_ONLY,B3,4072657,13144433,8f730bb93b37a2a5,0.03414634146341455,0.15914634146341455,0.9658536585365854,0,0,0.1850090579710145,1.0
screening,307,5,FAMILY_B_INTERACTION_DENSITY_ONLY,B4,4072657,13144433,8f730bb93b37a2a5,0.03414634146341455,0.15914634146341455,0.9658536585365854,0,0,0.18319746376811594,1.0
screening,307,5,FAMILY_C_CONFLICTING_INTERACTIONS,C1,4072657,13144433,8f730bb93b37a2a5,0.033939393939393936,0.15893939393939394,0.9660606060606061,0,0,0.18319746376811594,1.0
screening,307,5,FAMILY_C_CONFLICTING_INTERACTIONS,C2,4072657,13144433,8f730bb93b37a2a5,0.03419847328244274,0.15919847328244274,0.9658015267175573,0,0,0.18319746376811594,1.0
screening,307,5,FAMILY_C_CONFLICTING_INTERACTIONS,C3,4072657,13144433,8f730bb93b37a2a5,0.03446153846153854,0.15946153846153854,0.9655384615384615,0,0,0.17844202898550723,1.0
screening,307,5,FAMILY_C_CONFLICTING_INTERACTIONS,C4,4072657,13144433,8f730bb93b37a2a5,0.110077519379845,0.235077519379845,0.889922480620155,0,0,0.20889945652173914,1.0
screening,307,6,FAMILY_A_DECEPTION_ONLY,A1,4072758,13144644,fc1063a58b07257f,0.0,0.125,1.0,1,1,0.2164855072463768,1.0
screening,307,6,FAMILY_A_DECEPTION_ONLY,A2,4072758,13144644,fc1063a58b07257f,0.18437500000000007,0.30937500000000007,0.8156249999999999,0,0,0.2271286231884058,1.0
screening,307,6,FAMILY_A_DECEPTION_ONLY,A3,4072758,13144644,fc1063a58b07257f,0.1328125,0.2578125,0.8671875,0,0,0.24671648550724637,1.0
screening,307,6,FAMILY_A_DECEPTION_ONLY,A4,4072758,13144644,fc1063a58b07257f,0.04999999999999993,0.17499999999999993,0.9500000000000001,0,0,0.23120471014492755,1.0
screening,307,6,FAMILY_B_INTERACTION_DENSITY_ONLY,B1,4072758,13144644,fc1063a58b07257f,0.15281250000000002,0.2778125,0.8471875,0,0,0.23652626811594202,1.0
screening,307,6,FAMILY_B_INTERACTION_DENSITY_ONLY,B2,4072758,13144644,fc1063a58b07257f,0.1490853658536585,0.2740853658536585,0.8509146341463415,0,0,0.24264039855072464,1.0
screening,307,6,FAMILY_B_INTERACTION_DENSITY_ONLY,B3,4072758,13144644,fc1063a58b07257f,0.08323170731707308,0.20823170731707308,0.9167682926829269,0,0,0.21807065217391305,1.0
screening,307,6,FAMILY_B_INTERACTION_DENSITY_ONLY,B4,4072758,13144644,fc1063a58b07257f,0.04498644986449862,0.16998644986449862,0.9550135501355014,0,0,0.2265625,1.0
screening,307,6,FAMILY_C_CONFLICTING_INTERACTIONS,C1,4072758,13144644,fc1063a58b07257f,0.13797979797979798,0.262979797979798,0.862020202020202,0,0,0.24286684782608695,1.0
screening,307,6,FAMILY_C_CONFLICTING_INTERACTIONS,C2,4072758,13144644,fc1063a58b07257f,0.1364885496183207,0.2614885496183207,0.8635114503816793,0,0,0.2349411231884058,1.0
screening,307,6,FAMILY_C_CONFLICTING_INTERACTIONS,C3,4072758,13144644,fc1063a58b07257f,0.10851282051282063,0.23351282051282063,0.8914871794871794,0,0,0.22509057971014493,1.0
screening,307,6,FAMILY_C_CONFLICTING_INTERACTIONS,C4,4072758,13144644,fc1063a58b07257f,0.15162790697674422,0.2766279069767442,0.8483720930232558,0,0,0.22543025362318841,1.0
screening,307,7,FAMILY_A_DECEPTION_ONLY,A1,4072859,13144855,bf113c5cba669616,0.15156250000000004,0.27656250000000004,0.8484375,0,0,0.22667572463768115,1.0
screening,307,7,FAMILY_A_DECEPTION_ONLY,A2,4072859,13144855,bf113c5cba669616,0.140625,0.265625,0.859375,0,0,0.2321105072463768,1.0
screening,307,7,FAMILY_A_DECEPTION_ONLY,A3,4072859,13144855,bf113c5cba669616,0.050000000000000044,0.17500000000000004,0.95,0,0,0.23109148550724637,1.0
screening,307,7,FAMILY_A_DECEPTION_ONLY,A4,4072859,13144855,bf113c5cba669616,0.03750000000000009,0.1625000000000001,0.9624999999999999,0,0,0.24705615942028986,1.0
screening,307,7,FAMILY_B_INTERACTION_DENSITY_ONLY,B1,4072859,13144855,bf113c5cba669616,0.1050000000000001,0.2300000000000001,0.8949999999999999,0,0,0.23788496376811594,1.0
screening,307,7,FAMILY_B_INTERACTION_DENSITY_ONLY,B2,4072859,13144855,bf113c5cba669616,0.12103658536585349,0.2460365853658535,0.8789634146341465,0,0,0.2288269927536232,1.0
screening,307,7,FAMILY_B_INTERACTION_DENSITY_ONLY,B3,4072859,13144855,bf113c5cba669616,0.1954268292682927,0.3204268292682927,0.8045731707317073,0,0,0.2513586956521739,1.0
screening,307,7,FAMILY_B_INTERACTION_DENSITY_ONLY,B4,4072859,13144855,bf113c5cba669616,0.1447154471544715,0.2697154471544715,0.8552845528455285,0,0,0.2012001811594203,1.0
screening,307,7,FAMILY_C_CONFLICTING_INTERACTIONS,C1,4072859,13144855,bf113c5cba669616,0.19727272727272727,0.32227272727272727,0.8027272727272727,0,0,0.2513586956521739,1.0
screening,307,7,FAMILY_C_CONFLICTING_INTERACTIONS,C2,4072859,13144855,bf113c5cba669616,0.1936895674300254,0.3186895674300254,0.8063104325699746,0,0,0.2513586956521739,1.0
screening,307,7,FAMILY_C_CONFLICTING_INTERACTIONS,C3,4072859,13144855,bf113c5cba669616,0.07148717948717953,0.19648717948717953,0.9285128205128205,0,0,0.247169384057971,1.0
screening,307,7,FAMILY_C_CONFLICTING_INTERACTIONS,C4,4072859,13144855,bf113c5cba669616,0.0347286821705427,0.1597286821705427,0.9652713178294573,0,0,0.20233242753623187,1.0
screening,307,8,FAMILY_A_DECEPTION_ONLY,A1,4072960,13145066,96b0464a399baabf,0.11093750000000002,0.23593750000000002,0.8890625,0,0,0.1899909420289855,1.0
screening,307,8,FAMILY_A_DECEPTION_ONLY,A2,4072960,13145066,96b0464a399baabf,0.1265624999999999,0.2515624999999999,0.8734375000000001,0,0,0.17538496376811594,1.0
screening,307,8,FAMILY_A_DECEPTION_ONLY,A3,4072960,13145066,96b0464a399baabf,0.025000000000000022,0.15000000000000002,0.975,0,0,0.2444519927536232,1.0
screening,307,8,FAMILY_A_DECEPTION_ONLY,A4,4072960,13145066,96b0464a399baabf,0.02499999999999991,0.1499999999999999,0.9750000000000001,0,0,0.1950860507246377,1.0
screening,307,8,FAMILY_B_INTERACTION_DENSITY_ONLY,B1,4072960,13145066,96b0464a399baabf,0.18093750000000008,0.3059375000000001,0.8190624999999999,0,0,0.23007246376811594,1.0
screening,307,8,FAMILY_B_INTERACTION_DENSITY_ONLY,B2,4072960,13145066,96b0464a399baabf,0.03414634146341455,0.15914634146341455,0.9658536585365854,0,0,0.1713088768115942,1.0
screening,307,8,FAMILY_B_INTERACTION_DENSITY_ONLY,B3,4072960,13145066,96b0464a399baabf,0.11310975609756091,0.2381097560975609,0.8868902439024391,0,0,0.17730978260869565,1.0
screening,307,8,FAMILY_B_INTERACTION_DENSITY_ONLY,B4,4072960,13145066,96b0464a399baabf,0.07777777777777783,0.20277777777777783,0.9222222222222222,0,0,0.16802536231884058,1.0
screening,307,8,FAMILY_C_CONFLICTING_INTERACTIONS,C1,4072960,13145066,96b0464a399baabf,0.03898989898989902,0.16398989898989902,0.961010101010101,0,0,0.17787590579710144,1.0
screening,307,8,FAMILY_C_CONFLICTING_INTERACTIONS,C2,4072960,13145066,96b0464a399baabf,0.07603053435114515,0.20103053435114515,0.9239694656488548,0,0,0.18512228260869565,1.0
screening,307,8,FAMILY_C_CONFLICTING_INTERACTIONS,C3,4072960,13145066,96b0464a399baabf,0.0740512820512822,0.1990512820512822,0.9259487179487178,0,0,0.18512228260869565,1.0
screening,307,8,FAMILY_C_CONFLICTING_INTERACTIONS,C4,4072960,13145066,96b0464a399baabf,0.06945736434108529,0.1944573643410853,0.9305426356589147,0,0,0.16723278985507245,1.0
screening,307,9,FAMILY_A_DECEPTION_ONLY,A1,4073061,13145277,cd2e2eb0da2dbf7c,0.06874999999999998,0.19374999999999998,0.93125,0,0,0.19644474637681159,1.0
screening,307,9,FAMILY_A_DECEPTION_ONLY,A2,4073061,13145277,cd2e2eb0da2dbf7c,0.043749999999999956,0.16874999999999996,0.95625,0,0,0.19712409420289856,1.0
screening,307,9,FAMILY_A_DECEPTION_ONLY,A3,4073061,13145277,cd2e2eb0da2dbf7c,0.11093750000000002,0.23593750000000002,0.8890625,0,0,0.21546648550724637,1.0
screening,307,9,FAMILY_A_DECEPTION_ONLY,A4,4073061,13145277,cd2e2eb0da2dbf7c,0.12031250000000004,0.24531250000000004,0.8796875,0,0,0.20516304347826086,1.0
screening,307,9,FAMILY_B_INTERACTION_DENSITY_ONLY,B1,4073061,13145277,cd2e2eb0da2dbf7c,0.1050000000000001,0.2300000000000001,0.8949999999999999,0,0,0.17832880434782608,1.0
screening,307,9,FAMILY_B_INTERACTION_DENSITY_ONLY,B2,4073061,13145277,cd2e2eb0da2dbf7c,0.10243902439024388,0.22743902439024388,0.8975609756097561,0,0,0.20708786231884058,1.0
screening,307,9,FAMILY_B_INTERACTION_DENSITY_ONLY,B3,4073061,13145277,cd2e2eb0da2dbf7c,0.07560975609756104,0.20060975609756104,0.924390243902439,0,0,0.19610507246376813,1.0
screening,307,9,FAMILY_B_INTERACTION_DENSITY_ONLY,B4,4073061,13145277,cd2e2eb0da2dbf7c,0.11900406504065031,0.2440040650406503,0.8809959349593497,0,0,0.23426177536231885,1.0
screening,307,9,FAMILY_C_CONFLICTING_INTERACTIONS,C1,4073061,13145277,cd2e2eb0da2dbf7c,0.08050505050505063,0.20550505050505063,0.9194949494949494,0,0,0.18421648550724637,1.0
screening,307,9,FAMILY_C_CONFLICTING_INTERACTIONS,C2,4073061,13145277,cd2e2eb0da2dbf7c,0.07857506361323152,0.20357506361323152,0.9214249363867685,0,0,0.18580163043478262,1.0
screening,307,9,FAMILY_C_CONFLICTING_INTERACTIONS,C3,4073061,13145277,cd2e2eb0da2dbf7c,0.10338461538461552,0.22838461538461552,0.8966153846153845,0,0,0.24298007246376813,1.0
screening,307,9,FAMILY_C_CONFLICTING_INTERACTIONS,C4,4073061,13145277,cd2e2eb0da2dbf7c,0.18377260981912158,0.3087726098191216,0.8162273901808784,0,0,0.18919836956521738,1.0
screening,307,10,FAMILY_A_DECEPTION_ONLY,A1,4073162,13145488,eb1d9994d4dbb6b4,0.13749999999999996,0.26249999999999996,0.8625,0,0,0.17753623188405798,1.0
screening,307,10,FAMILY_A_DECEPTION_ONLY,A2,4073162,13145488,eb1d9994d4dbb6b4,0.0,0.125,1.0,1,1,0.2132019927536232,1.0
screening,307,10,FAMILY_A_DECEPTION_ONLY,A3,4073162,13145488,eb1d9994d4dbb6b4,0.15781250000000002,0.2828125,0.8421875,0,0,0.19429347826086957,1.0
screening,307,10,FAMILY_A_DECEPTION_ONLY,A4,4073162,13145488,eb1d9994d4dbb6b4,0.04999999999999993,0.17499999999999993,0.9500000000000001,0,0,0.19044384057971014,1.0
screening,307,10,FAMILY_B_INTERACTION_DENSITY_ONLY,B1,4073162,13145488,eb1d9994d4dbb6b4,0.1050000000000001,0.2300000000000001,0.8949999999999999,0,0,0.18353713768115942,1.0
screening,307,10,FAMILY_B_INTERACTION_DENSITY_ONLY,B2,4073162,13145488,eb1d9994d4dbb6b4,0.11493902439024384,0.23993902439024384,0.8850609756097562,0,0,0.2008605072463768,1.0
screening,307,10,FAMILY_B_INTERACTION_DENSITY_ONLY,B3,4073162,13145488,eb1d9994d4dbb6b4,0.17012195121951212,0.2951219512195121,0.8298780487804879,0,0,0.19802989130434784,1.0
screening,307,10,FAMILY_B_INTERACTION_DENSITY_ONLY,B4,4073162,13145488,eb1d9994d4dbb6b4,0.0,0.125,1.0,1,1,0.19916213768115942,1.0
screening,307,10,FAMILY_C_CONFLICTING_INTERACTIONS,C1,4073162,13145488,eb1d9994d4dbb6b4,0.0,0.125,1.0,1,1,0.20471014492753623,1.0
screening,307,10,FAMILY_C_CONFLICTING_INTERACTIONS,C2,4073162,13145488,eb1d9994d4dbb6b4,0.04437659033078878,0.16937659033078878,0.9556234096692112,0,0,0.19655797101449277,1.0
screening,307,10,FAMILY_C_CONFLICTING_INTERACTIONS,C3,4073162,13145488,eb1d9994d4dbb6b4,0.10338461538461552,0.22838461538461552,0.8966153846153845,0,0,0.18206521739130435,1.0
screening,307,10,FAMILY_C_CONFLICTING_INTERACTIONS,C4,4073162,13145488,eb1d9994d4dbb6b4,0.0,0.125,1.0,1,1,0.21410778985507245,1.0
screening,307,11,FAMILY_A_DECEPTION_ONLY,A1,4073263,13145699,cd00654313a08abb,0.13749999999999996,0.26249999999999996,0.8625,0,0,0.19825634057971014,1.0
screening,307,11,FAMILY_A_DECEPTION_ONLY,A2,4073263,13145699,cd00654313a08abb,0.043749999999999956,0.16874999999999996,0.95625,0,0,0.2025588768115942,1.0
screening,307,11,FAMILY_A_DECEPTION_ONLY,A3,4073263,13145699,cd00654313a08abb,0.15781250000000002,0.2828125,0.8421875,0,0,0.21671195652173914,1.0
screening,307,11,FAMILY_A_DECEPTION_ONLY,A4,4073263,13145699,cd00654313a08abb,0.0625,0.1875,0.9375,0,0,0.23709239130434784,1.0
screening,307,11,FAMILY_B_INTERACTION_DENSITY_ONLY,B1,4073263,13145699,cd00654313a08abb,0.03500000000000003,0.16000000000000003,0.965,0,0,0.20097373188405798,1.0
screening,307,11,FAMILY_B_INTERACTION_DENSITY_ONLY,B2,4073263,13145699,cd00654313a08abb,0.14878048780487807,0.27378048780487807,0.8512195121951219,0,0,0.22814764492753623,1.0
screening,307,11,FAMILY_B_INTERACTION_DENSITY_ONLY,B3,4073263,13145699,cd00654313a08abb,0.03902439024390236,0.16402439024390236,0.9609756097560976,0,0,0.20527626811594202,1.0
screening,307,11,FAMILY_B_INTERACTION_DENSITY_ONLY,B4,4073263,13145699,cd00654313a08abb,0.07371273712737125,0.19871273712737125,0.9262872628726287,0,0,0.20697463768115942,1.0
screening,307,11,FAMILY_C_CONFLICTING_INTERACTIONS,C1,4073263,13145699,cd00654313a08abb,0.041515151515151505,0.1665151515151515,0.9584848484848485,0,0,0.1852355072463768,1.0
screening,307,11,FAMILY_C_CONFLICTING_INTERACTIONS,C2,4073263,13145699,cd00654313a08abb,0.03419847328244274,0.15919847328244274,0.9658015267175573,0,0,0.1875,1.0
screening,307,11,FAMILY_C_CONFLICTING_INTERACTIONS,C3,4073263,13145699,cd00654313a08abb,0.03446153846153854,0.15946153846153854,0.9655384615384615,0,0,0.1897644927536232,1.0
screening,307,11,FAMILY_C_CONFLICTING_INTERACTIONS,C4,4073263,13145699,cd00654313a08abb,0.0347286821705427,0.1597286821705427,0.9652713178294573,0,0,0.1922554347826087,1.0
screening,307,12,FAMILY_A_DECEPTION_ONLY,A1,4073364,13145910,48b99ce39248bba1,0.13749999999999996,0.26249999999999996,0.8625,0,0,0.22078804347826086,1.0
screening,307,12,FAMILY_A_DECEPTION_ONLY,A2,4073364,13145910,48b99ce39248bba1,0.08281249999999996,0.20781249999999996,0.9171875,0,0,0.2086730072463768,1.0
screening,307,12,FAMILY_A_DECEPTION_ONLY,A3,4073364,13145910,48b99ce39248bba1,0.025000000000000022,0.15000000000000002,0.975,0,0,0.21875,1.0
screening,307,12,FAMILY_A_DECEPTION_ONLY,A4,4073364,13145910,48b99ce39248bba1,0.050000000000000044,0.17500000000000004,0.95,0,0,0.21252264492753623,1.0
screening,307,12,FAMILY_B_INTERACTION_DENSITY_ONLY,B1,4073364,13145910,48b99ce39248bba1,0.07000000000000006,0.19500000000000006,0.9299999999999999,0,0,0.19712409420289856,1.0
screening,307,12,FAMILY_B_INTERACTION_DENSITY_ONLY,B2,4073364,13145910,48b99ce39248bba1,0.12073170731707317,0.24573170731707317,0.8792682926829268,0,0,0.2012001811594203,1.0
screening,307,12,FAMILY_B_INTERACTION_DENSITY_ONLY,B3,4073364,13145910,48b99ce39248bba1,0.0,0.125,1.0,1,1,0.20165307971014493,1.0
screening,307,12,FAMILY_B_INTERACTION_DENSITY_ONLY,B4,4073364,13145910,48b99ce39248bba1,0.12442411924119223,0.24942411924119223,0.8755758807588078,0,0,0.26664402173913043,1.0
screening,307,12,FAMILY_C_CONFLICTING_INTERACTIONS,C1,4073364,13145910,48b99ce39248bba1,0.07545454545454555,0.20045454545454555,0.9245454545454544,0,0,0.23143115942028986,1.0
screening,307,12,FAMILY_C_CONFLICTING_INTERACTIONS,C2,4073364,13145910,48b99ce39248bba1,0.07348600508905867,0.19848600508905867,0.9265139949109413,0,0,0.2115036231884058,1.0
screening,307,12,FAMILY_C_CONFLICTING_INTERACTIONS,C3,4073364,13145910,48b99ce39248bba1,0.06892307692307698,0.19392307692307698,0.931076923076923,0,0,0.22509057971014493,1.0
screening,307,12,FAMILY_C_CONFLICTING_INTERACTIONS,C4,4073364,13145910,48b99ce39248bba1,0.17860465116279078,0.3036046511627908,0.8213953488372092,0,0,0.25430253623188404,1.0
screening,307,13,FAMILY_A_DECEPTION_ONLY,A1,4073465,13146121,e46b68d82438ec52,0.13749999999999996,0.26249999999999996,0.8625,0,0,0.2103713768115942,1.0
screening,307,13,FAMILY_A_DECEPTION_ONLY,A2,4073465,13146121,e46b68d82438ec52,0.0,0.125,1.0,1,1,0.21535326086956522,1.0
screening,307,13,FAMILY_A_DECEPTION_ONLY,A3,4073465,13146121,e46b68d82438ec52,0.050000000000000044,0.17500000000000004,0.95,0,0,0.23007246376811594,1.0
screening,307,13,FAMILY_A_DECEPTION_ONLY,A4,4073465,13146121,e46b68d82438ec52,0.04999999999999993,0.17499999999999993,0.9500000000000001,0,0,0.2151268115942029,1.0
screening,307,13,FAMILY_B_INTERACTION_DENSITY_ONLY,B1,4073465,13146121,e46b68d82438ec52,0.1050000000000001,0.2300000000000001,0.8949999999999999,0,0,0.22452445652173914,1.0
screening,307,13,FAMILY_B_INTERACTION_DENSITY_ONLY,B2,4073465,13146121,e46b68d82438ec52,0.15518292682926815,0.28018292682926815,0.8448170731707318,0,0,0.22769474637681159,1.0
screening,307,13,FAMILY_B_INTERACTION_DENSITY_ONLY,B3,4073465,13146121,e46b68d82438ec52,0.04146341463414638,0.16646341463414638,0.9585365853658536,0,0,0.24173460144927536,1.0
screening,307,13,FAMILY_B_INTERACTION_DENSITY_ONLY,B4,4073465,13146121,e46b68d82438ec52,0.0,0.125,1.0,1,1,0.24954710144927536,1.0
screening,307,13,FAMILY_C_CONFLICTING_INTERACTIONS,C1,4073465,13146121,e46b68d82438ec52,0.12434343434343431,0.2493434343434343,0.8756565656565657,0,0,0.234375,1.0
screening,307,13,FAMILY_C_CONFLICTING_INTERACTIONS,C2,4073465,13146121,e46b68d82438ec52,0.07348600508905867,0.19848600508905867,0.9265139949109413,0,0,0.21501358695652173,1.0
screening,307,13,FAMILY_C_CONFLICTING_INTERACTIONS,C3,4073465,13146121,e46b68d82438ec52,0.04471794871794876,0.16971794871794876,0.9552820512820512,0,0,0.23539402173913043,1.0
screening,307,13,FAMILY_C_CONFLICTING_INTERACTIONS,C4,4073465,13146121,e46b68d82438ec52,0.04248062015503884,0.16748062015503884,0.9575193798449612,0,0,0.22565670289855072,1.0
screening,307,14,FAMILY_A_DECEPTION_ONLY,A1,4073566,13146332,129036c9a63391b7,0.1796875,0.3046875,0.8203125,0,0,0.22305253623188406,1.0
screening,307,14,FAMILY_A_DECEPTION_ONLY,A2,4073566,13146332,129036c9a63391b7,0.17499999999999993,0.29999999999999993,0.8250000000000001,0,0,0.20980525362318841,1.0
screening,307,14,FAMILY_A_DECEPTION_ONLY,A3,4073566,13146332,129036c9a63391b7,0.10000000000000009,0.2250000000000001,0.8999999999999999,0,0,0.21252264492753623,1.0
screening,307,14,FAMILY_A_DECEPTION_ONLY,A4,4073566,13146332,129036c9a63391b7,0.12031249999999993,0.24531249999999993,0.8796875000000001,0,0,0.20516304347826086,1.0
screening,307,14,FAMILY_B_INTERACTION_DENSITY_ONLY,B1,4073566,13146332,129036c9a63391b7,0.14000000000000012,0.2650000000000001,0.8599999999999999,0,0,0.24116847826086957,1.0
screening,307,14,FAMILY_B_INTERACTION_DENSITY_ONLY,B2,4073566,13146332,129036c9a63391b7,0.1426829268292683,0.2676829268292683,0.8573170731707317,0,0,0.20935235507246377,1.0
screening,307,14,FAMILY_B_INTERACTION_DENSITY_ONLY,B3,4073566,13146332,129036c9a63391b7,0.17256097560975614,0.29756097560975614,0.8274390243902439,0,0,0.23052536231884058,1.0
screening,307,14,FAMILY_B_INTERACTION_DENSITY_ONLY,B4,4073566,13146332,129036c9a63391b7,0.14915311653116525,0.27415311653116525,0.8508468834688347,0,0,0.2592844202898551,1.0
screening,307,14,FAMILY_C_CONFLICTING_INTERACTIONS,C1,4073566,13146332,129036c9a63391b7,0.1769696969696971,0.3019696969696971,0.8230303030303029,0,0,0.23505434782608695,1.0
screening,307,14,FAMILY_C_CONFLICTING_INTERACTIONS,C2,4073566,13146332,129036c9a63391b7,0.12529262086513993,0.2502926208651399,0.8747073791348601,0,0,0.21388134057971014,1.0
screening,307,14,FAMILY_C_CONFLICTING_INTERACTIONS,C3,4073566,13146332,129036c9a63391b7,0.1694358974358976,0.2944358974358976,0.8305641025641024,0,0,0.19655797101449277,1.0
screening,307,14,FAMILY_C_CONFLICTING_INTERACTIONS,C4,4073566,13146332,129036c9a63391b7,0.10677002583979334,0.23177002583979334,0.8932299741602067,0,0,0.19791666666666666,1.0
screening,307,15,FAMILY_A_DECEPTION_ONLY,A1,4073667,13146543,a69f911fc5d849f6,0.06874999999999998,0.19374999999999998,0.93125,0,0,0.22973278985507245,1.0
screening,307,15,FAMILY_A_DECEPTION_ONLY,A2,4073667,13146543,a69f911fc5d849f6,0.043749999999999956,0.16874999999999996,0.95625,0,0,0.22927989130434784,1.0
screening,307,15,FAMILY_A_DECEPTION_ONLY,A3,4073667,13146543,a69f911fc5d849f6,0.050000000000000044,0.17500000000000004,0.95,0,0,0.1955389492753623,1.0
screening,307,15,FAMILY_A_DECEPTION_ONLY,A4,4073667,13146543,a69f911fc5d849f6,0.02499999999999991,0.1499999999999999,0.9750000000000001,0,0,0.19485960144927536,1.0
screening,307,15,FAMILY_B_INTERACTION_DENSITY_ONLY,B1,4073667,13146543,a69f911fc5d849f6,0.07000000000000006,0.19500000000000006,0.9299999999999999,0,0,0.20210597826086957,1.0
screening,307,15,FAMILY_B_INTERACTION_DENSITY_ONLY,B2,4073667,13146543,a69f911fc5d849f6,0.07439024390243898,0.19939024390243898,0.925609756097561,0,0,0.20108695652173914,1.0
screening,307,15,FAMILY_B_INTERACTION_DENSITY_ONLY,B3,4073667,13146543,a69f911fc5d849f6,0.07560975609756104,0.20060975609756104,0.924390243902439,0,0,0.20018115942028986,1.0
screening,307,15,FAMILY_B_INTERACTION_DENSITY_ONLY,B4,4073667,13146543,a69f911fc5d849f6,0.15992547425474257,0.2849254742547426,0.8400745257452574,0,0,0.1972373188405797,1.0
screening,307,15,FAMILY_C_CONFLICTING_INTERACTIONS,C1,4073667,13146543,a69f911fc5d849f6,0.08050505050505063,0.20550505050505063,0.9194949494949494,0,0,0.19180253623188406,1.0
screening,307,15,FAMILY_C_CONFLICTING_INTERACTIONS,C2,4073667,13146543,a69f911fc5d849f6,0.07857506361323152,0.20357506361323152,0.9214249363867685,0,0,0.21761775362318841,1.0
screening,307,15,FAMILY_C_CONFLICTING_INTERACTIONS,C3,4073667,13146543,a69f911fc5d849f6,0.1581538461538462,0.2831538461538462,0.8418461538461538,0,0,0.19859601449275363,1.0
screening,307,15,FAMILY_C_CONFLICTING_INTERACTIONS,C4,4073667,13146543,a69f911fc5d849f6,0.10935400516795879,0.2343540051679588,0.8906459948320412,0,0,0.18342391304347827,1.0
screening,308,0,FAMILY_A_DECEPTION_ONLY,A1,4082159,13163389,46329bf195181ec4,0.0,0.125,1.0,1,1,0.1749320652173913,1.0
screening,308,0,FAMILY_A_DECEPTION_ONLY,A2,4082159,13163389,46329bf195181ec4,0.0,0.125,1.0,1,1,0.1749320652173913,1.0
screening,308,0,FAMILY_A_DECEPTION_ONLY,A3,4082159,13163389,46329bf195181ec4,0.1718750000000001,0.2968750000000001,0.8281249999999999,0,0,0.21218297101449277,1.0
screening,308,0,FAMILY_A_DECEPTION_ONLY,A4,4082159,13163389,46329bf195181ec4,0.03749999999999998,0.16249999999999998,0.9625,0,0,0.1855751811594203,1.0
screening,308,0,FAMILY_B_INTERACTION_DENSITY_ONLY,B1,4082159,13163389,46329bf195181ec4,0.0,0.125,1.0,1,1,0.1749320652173913,1.0
screening,308,0,FAMILY_B_INTERACTION_DENSITY_ONLY,B2,4082159,13163389,46329bf195181ec4,0.0,0.125,1.0,1,1,0.15353260869565216,1.0
screening,308,0,FAMILY_B_INTERACTION_DENSITY_ONLY,B3,4082159,13163389,46329bf195181ec4,0.0,0.125,1.0,1,1,0.1774230072463768,1.0
screening,308,0,FAMILY_B_INTERACTION_DENSITY_ONLY,B4,4082159,13163389,46329bf195181ec4,0.0,0.125,1.0,1,1,0.16338315217391305,1.0
screening,308,0,FAMILY_C_CONFLICTING_INTERACTIONS,C1,4082159,13163389,46329bf195181ec4,0.0,0.125,1.0,1,1,0.17198822463768115,1.0
screening,308,0,FAMILY_C_CONFLICTING_INTERACTIONS,C2,4082159,13163389,46329bf195181ec4,0.08091603053435115,0.20591603053435115,0.9190839694656489,0,0,0.1696105072463768,1.0
screening,308,0,FAMILY_C_CONFLICTING_INTERACTIONS,C3,4082159,13163389,46329bf195181ec4,0.06892307692307698,0.19392307692307698,0.931076923076923,0,0,0.2132019927536232,1.0
screening,308,0,FAMILY_C_CONFLICTING_INTERACTIONS,C4,4082159,13163389,46329bf195181ec4,0.1499741602067184,0.2749741602067184,0.8500258397932816,0,0,0.2265625,1.0
screening,308,1,FAMILY_A_DECEPTION_ONLY,A1,4082260,13163600,18cc642a8af0b420,0.06874999999999998,0.19374999999999998,0.93125,0,0,0.20142663043478262,1.0
screening,308,1,FAMILY_A_DECEPTION_ONLY,A2,4082260,13163600,18cc642a8af0b420,0.1265624999999999,0.2515624999999999,0.8734375000000001,0,0,0.20414402173913043,1.0
screening,308,1,FAMILY_A_DECEPTION_ONLY,A3,4082260,13163600,18cc642a8af0b420,0.10781249999999998,0.23281249999999998,0.8921875,0,0,0.19100996376811594,1.0
screening,308,1,FAMILY_A_DECEPTION_ONLY,A4,4082260,13163600,18cc642a8af0b420,0.02499999999999991,0.1499999999999999,0.9750000000000001,0,0,0.1878396739130435,1.0
screening,308,1,FAMILY_B_INTERACTION_DENSITY_ONLY,B1,4082260,13163600,18cc642a8af0b420,0.15281250000000002,0.2778125,0.8471875,0,0,0.20946557971014493,1.0
screening,308,1,FAMILY_B_INTERACTION_DENSITY_ONLY,B2,4082260,13163600,18cc642a8af0b420,0.10853658536585364,0.23353658536585364,0.8914634146341464,0,0,0.2284873188405797,1.0
screening,308,1,FAMILY_B_INTERACTION_DENSITY_ONLY,B3,4082260,13163600,18cc642a8af0b420,0.08323170731707308,0.20823170731707308,0.9167682926829269,0,0,0.2391304347826087,1.0
screening,308,1,FAMILY_B_INTERACTION_DENSITY_ONLY,B4,4082260,13163600,18cc642a8af0b420,0.11327913279132795,0.23827913279132795,0.886720867208672,0,0,0.1897644927536232,1.0
screening,308,1,FAMILY_C_CONFLICTING_INTERACTIONS,C1,4082260,13163600,18cc642a8af0b420,0.08030303030303021,0.2053030303030302,0.9196969696969698,0,0,0.22056159420289856,1.0
screening,308,1,FAMILY_C_CONFLICTING_INTERACTIONS,C2,4082260,13163600,18cc642a8af0b420,0.08111959287531811,0.20611959287531811,0.9188804071246819,0,0,0.18851902173913043,1.0
screening,308,1,FAMILY_C_CONFLICTING_INTERACTIONS,C3,4082260,13163600,18cc642a8af0b420,0.15558974358974365,0.28058974358974365,0.8444102564102564,0,0,0.17787590579710144,1.0
screening,308,1,FAMILY_C_CONFLICTING_INTERACTIONS,C4,4082260,13163600,18cc642a8af0b420,0.14904392764857888,0.2740439276485789,0.8509560723514211,0,0,0.17787590579710144,1.0
screening,308,2,FAMILY_A_DECEPTION_ONLY,A1,4082361,13163811,4b29ffba7076face,0.08281249999999996,0.20781249999999996,0.9171875,0,0,0.1897644927536232,1.0
screening,308,2,FAMILY_A_DECEPTION_ONLY,A2,4082361,13163811,4b29ffba7076face,0.13124999999999998,0.25625,0.86875,0,0,0.23822463768115942,1.0
screening,308,2,FAMILY_A_DECEPTION_ONLY,A3,4082361,13163811,4b29ffba7076face,0.1328125,0.2578125,0.8671875,0,0,0.2078804347826087,1.0
screening,308,2,FAMILY_A_DECEPTION_ONLY,A4,4082361,13163811,4b29ffba7076face,0.04999999999999993,0.17499999999999993,0.9500000000000001,0,0,0.17708333333333334,1.0
screening,308,2,FAMILY_B_INTERACTION_DENSITY_ONLY,B1,4082361,13163811,4b29ffba7076face,0.14000000000000012,0.2650000000000001,0.8599999999999999,0,0,0.21580615942028986,1.0
screening,308,2,FAMILY_B_INTERACTION_DENSITY_ONLY,B2,4082361,13163811,4b29ffba7076face,0.14878048780487818,0.2737804878048782,0.8512195121951218,0,0,0.20459692028985507,1.0
screening,308,2,FAMILY_B_INTERACTION_DENSITY_ONLY,B3,4082361,13163811,4b29ffba7076face,0.1121951219512195,0.2371951219512195,0.8878048780487805,0,0,0.2107110507246377,1.0
screening,308,2,FAMILY_B_INTERACTION_DENSITY_ONLY,B4,4082361,13163811,4b29ffba7076face,0.15013550135501363,0.27513550135501363,0.8498644986449864,0,0,0.21580615942028986,1.0
screening,308,2,FAMILY_C_CONFLICTING_INTERACTIONS,C1,4082361,13163811,4b29ffba7076face,0.11444444444444457,0.23944444444444457,0.8855555555555554,0,0,0.2107110507246377,1.0
screening,308,2,FAMILY_C_CONFLICTING_INTERACTIONS,C2,4082361,13163811,4b29ffba7076face,0.1495165394402037,0.2745165394402037,0.8504834605597963,0,0,0.20357789855072464,1.0
screening,308,2,FAMILY_C_CONFLICTING_INTERACTIONS,C3,4082361,13163811,4b29ffba7076face,0.14553846153846162,0.2705384615384616,0.8544615384615384,0,0,0.21580615942028986,1.0
screening,308,2,FAMILY_C_CONFLICTING_INTERACTIONS,C4,4082361,13163811,4b29ffba7076face,0.1440826873385015,0.2690826873385015,0.8559173126614985,0,0,0.21580615942028986,1.0
screening,308,3,FAMILY_A_DECEPTION_ONLY,A1,4082462,13164022,b699e7a22b56fea8,0.09687500000000004,0.22187500000000004,0.903125,0,0,0.229393115942029,1.0
screening,308,3,FAMILY_A_DECEPTION_ONLY,A2,4082462,13164022,b699e7a22b56fea8,0.1265624999999999,0.2515624999999999,0.8734375000000001,0,0,0.18365036231884058,1.0
screening,308,3,FAMILY_A_DECEPTION_ONLY,A3,4082462,13164022,b699e7a22b56fea8,0.025000000000000022,0.15000000000000002,0.975,0,0,0.18014039855072464,1.0
screening,308,3,FAMILY_A_DECEPTION_ONLY,A4,4082462,13164022,b699e7a22b56fea8,0.08281249999999996,0.20781249999999996,0.9171875,0,0,0.20267210144927536,1.0
screening,308,3,FAMILY_B_INTERACTION_DENSITY_ONLY,B1,4082462,13164022,b699e7a22b56fea8,0.03500000000000003,0.16000000000000003,0.965,0,0,0.1760643115942029,1.0
screening,308,3,FAMILY_B_INTERACTION_DENSITY_ONLY,B2,4082462,13164022,b699e7a22b56fea8,0.03414634146341455,0.15914634146341455,0.9658536585365854,0,0,0.20957880434782608,1.0
screening,308,3,FAMILY_B_INTERACTION_DENSITY_ONLY,B3,4082462,13164022,b699e7a22b56fea8,0.0,0.125,1.0,1,1,0.18704710144927536,1.0
screening,308,3,FAMILY_B_INTERACTION_DENSITY_ONLY,B4,4082462,13164022,b699e7a22b56fea8,0.042276422764227495,0.1672764227642275,0.9577235772357725,0,0,0.19044384057971014,1.0
screening,308,3,FAMILY_C_CONFLICTING_INTERACTIONS,C1,4082462,13164022,b699e7a22b56fea8,0.041515151515151505,0.1665151515151515,0.9584848484848485,0,0,0.1766304347826087,1.0
screening,308,3,FAMILY_C_CONFLICTING_INTERACTIONS,C2,4082462,13164022,b699e7a22b56fea8,0.07603053435114515,0.20103053435114515,0.9239694656488548,0,0,0.19848278985507245,1.0
screening,308,3,FAMILY_C_CONFLICTING_INTERACTIONS,C3,4082462,13164022,b699e7a22b56fea8,0.11107692307692307,0.23607692307692307,0.8889230769230769,0,0,0.18625452898550723,1.0
screening,308,3,FAMILY_C_CONFLICTING_INTERACTIONS,C4,4082462,13164022,b699e7a22b56fea8,0.0347286821705427,0.1597286821705427,0.9652713178294573,0,0,0.2084465579710145,1.0
screening,308,4,FAMILY_A_DECEPTION_ONLY,A1,4082563,13164233,16a4a7a3a82dd6cd,0.08281249999999996,0.20781249999999996,0.9171875,0,0,0.20776721014492755,1.0
screening,308,4,FAMILY_A_DECEPTION_ONLY,A2,4082563,13164233,16a4a7a3a82dd6cd,0.08750000000000002,0.21250000000000002,0.9125,0,0,0.21535326086956522,1.0
screening,308,4,FAMILY_A_DECEPTION_ONLY,A3,4082563,13164233,16a4a7a3a82dd6cd,0.10781249999999998,0.23281249999999998,0.8921875,0,0,0.2086730072463768,1.0
screening,308,4,FAMILY_A_DECEPTION_ONLY,A4,4082563,13164233,16a4a7a3a82dd6cd,0.025000000000000022,0.15000000000000002,0.975,0,0,0.20493659420289856,1.0
screening,308,4,FAMILY_B_INTERACTION_DENSITY_ONLY,B1,4082563,13164233,16a4a7a3a82dd6cd,0.03500000000000003,0.16000000000000003,0.965,0,0,0.1916893115942029,1.0
screening,308,4,FAMILY_B_INTERACTION_DENSITY_ONLY,B2,4082563,13164233,16a4a7a3a82dd6cd,0.04634146341463419,0.1713414634146342,0.9536585365853658,0,0,0.18602807971014493,1.0
screening,308,4,FAMILY_B_INTERACTION_DENSITY_ONLY,B3,4082563,13164233,16a4a7a3a82dd6cd,0.08079268292682917,0.20579268292682917,0.9192073170731708,0,0,0.20822010869565216,1.0
screening,308,4,FAMILY_B_INTERACTION_DENSITY_ONLY,B4,4082563,13164233,16a4a7a3a82dd6cd,0.042276422764227495,0.1672764227642275,0.9577235772357725,0,0,0.1800271739130435,1.0
screening,308,4,FAMILY_C_CONFLICTING_INTERACTIONS,C1,4082563,13164233,16a4a7a3a82dd6cd,0.041515151515151505,0.1665151515151515,0.9584848484848485,0,0,0.1916893115942029,1.0
screening,308,4,FAMILY_C_CONFLICTING_INTERACTIONS,C2,4082563,13164233,16a4a7a3a82dd6cd,0.0418320610687023,0.1668320610687023,0.9581679389312977,0,0,0.20912590579710144,1.0
screening,308,4,FAMILY_C_CONFLICTING_INTERACTIONS,C3,4082563,13164233,16a4a7a3a82dd6cd,0.0953846153846154,0.2203846153846154,0.9046153846153846,0,0,0.21206974637681159,1.0
screening,308,4,FAMILY_C_CONFLICTING_INTERACTIONS,C4,4082563,13164233,16a4a7a3a82dd6cd,0.09612403100775202,0.22112403100775202,0.903875968992248,0,0,0.20153985507246377,1.0
screening,308,5,FAMILY_A_DECEPTION_ONLY,A1,4082664,13164444,104879692704e12d,0.0,0.125,1.0,1,1,0.16734601449275363,1.0
screening,308,5,FAMILY_A_DECEPTION_ONLY,A2,4082664,13164444,104879692704e12d,0.17031249999999998,0.2953125,0.8296875,0,0,0.1693840579710145,1.0
screening,308,5,FAMILY_A_DECEPTION_ONLY,A3,4082664,13164444,104879692704e12d,0.025000000000000022,0.15000000000000002,0.975,0,0,0.16949728260869565,1.0
screening,308,5,FAMILY_A_DECEPTION_ONLY,A4,4082664,13164444,104879692704e12d,0.012499999999999956,0.13749999999999996,0.9875,0,0,0.1604393115942029,1.0
screening,308,5,FAMILY_B_INTERACTION_DENSITY_ONLY,B1,4082664,13164444,104879692704e12d,0.03500000000000003,0.16000000000000003,0.965,0,0,0.17176177536231885,1.0
screening,308,5,FAMILY_B_INTERACTION_DENSITY_ONLY,B2,4082664,13164444,104879692704e12d,0.1082317073170731,0.2332317073170731,0.8917682926829269,0,0,0.2385643115942029,1.0
screening,308,5,FAMILY_B_INTERACTION_DENSITY_ONLY,B3,4082664,13164444,104879692704e12d,0.0,0.125,1.0,1,1,0.16236413043478262,1.0
screening,308,5,FAMILY_B_INTERACTION_DENSITY_ONLY,B4,4082664,13164444,104879692704e12d,0.0,0.125,1.0,1,1,0.18432971014492755,1.0
screening,308,5,FAMILY_C_CONFLICTING_INTERACTIONS,C1,4082664,13164444,104879692704e12d,0.04404040404040399,0.169040404040404,0.955959595959596,0,0,0.1637228260869565,1.0
screening,308,5,FAMILY_C_CONFLICTING_INTERACTIONS,C2,4082664,13164444,104879692704e12d,0.04437659033078878,0.16937659033078878,0.9556234096692112,0,0,0.17923460144927536,1.0
screening,308,5,FAMILY_C_CONFLICTING_INTERACTIONS,C3,4082664,13164444,104879692704e12d,0.12369230769230766,0.24869230769230766,0.8763076923076923,0,0,0.16225090579710144,1.0
screening,308,5,FAMILY_C_CONFLICTING_INTERACTIONS,C4,4082664,13164444,104879692704e12d,0.037312661498708044,0.16231266149870804,0.962687338501292,0,0,0.17832880434782608,1.0
screening,308,6,FAMILY_A_DECEPTION_ONLY,A1,4082765,13164655,e8d6a46c7310d0da,0.08281249999999996,0.20781249999999996,0.9171875,0,0,0.2368659420289855,1.0
screening,308,6,FAMILY_A_DECEPTION_ONLY,A2,4082765,13164655,e8d6a46c7310d0da,0.17031249999999987,0.29531249999999987,0.8296875000000001,0,0,0.23562047101449277,1.0
screening,308,6,FAMILY_A_DECEPTION_ONLY,A3,4082765,13164655,e8d6a46c7310d0da,0.025000000000000022,0.15000000000000002,0.975,0,0,0.20357789855072464,1.0
screening,308,6,FAMILY_A_DECEPTION_ONLY,A4,4082765,13164655,e8d6a46c7310d0da,0.09531249999999991,0.2203124999999999,0.9046875000000001,0,0,0.2056159420289855,1.0
screening,308,6,FAMILY_B_INTERACTION_DENSITY_ONLY,B1,4082765,13164655,e8d6a46c7310d0da,0.1050000000000001,0.2300000000000001,0.8949999999999999,0,0,0.24535778985507245,1.0
screening,308,6,FAMILY_B_INTERACTION_DENSITY_ONLY,B2,4082765,13164655,e8d6a46c7310d0da,0.12103658536585349,0.2460365853658535,0.8789634146341465,0,0,0.2416213768115942,1.0
screening,308,6,FAMILY_B_INTERACTION_DENSITY_ONLY,B3,4082765,13164655,e8d6a46c7310d0da,0.04146341463414638,0.16646341463414638,0.9585365853658536,0,0,0.23618659420289856,1.0
screening,308,6,FAMILY_B_INTERACTION_DENSITY_ONLY,B4,4082765,13164655,e8d6a46c7310d0da,0.11900406504065031,0.2440040650406503,0.8809959349593497,0,0,0.26268115942028986,1.0
screening,308,6,FAMILY_C_CONFLICTING_INTERACTIONS,C1,4082765,13164655,e8d6a46c7310d0da,0.041515151515151505,0.1665151515151515,0.9584848484848485,0,0,0.19327445652173914,1.0
screening,308,6,FAMILY_C_CONFLICTING_INTERACTIONS,C2,4082765,13164655,e8d6a46c7310d0da,0.039287531806615816,0.16428753180661582,0.9607124681933842,0,0,0.22192028985507245,1.0
screening,308,6,FAMILY_C_CONFLICTING_INTERACTIONS,C3,4082765,13164655,e8d6a46c7310d0da,0.13497435897435905,0.25997435897435905,0.865025641025641,0,0,0.22339221014492755,1.0
screening,308,6,FAMILY_C_CONFLICTING_INTERACTIONS,C4,4082765,13164655,e8d6a46c7310d0da,0.0,0.125,1.0,1,1,0.19904891304347827,1.0
screening,308,7,FAMILY_A_DECEPTION_ONLY,A1,4082866,13164866,9386693fc5c23105,0.08281249999999996,0.20781249999999996,0.9171875,0,0,0.23924365942028986,1.0
screening,308,7,FAMILY_A_DECEPTION_ONLY,A2,4082866,13164866,9386693fc5c23105,0.043749999999999956,0.16874999999999996,0.95625,0,0,0.19044384057971014,1.0
screening,308,7,FAMILY_A_DECEPTION_ONLY,A3,4082866,13164866,9386693fc5c23105,0.07500000000000007,0.20000000000000007,0.9249999999999999,0,0,0.24954710144927536,1.0
screening,308,7,FAMILY_A_DECEPTION_ONLY,A4,4082866,13164866,9386693fc5c23105,0.012499999999999956,0.13749999999999996,0.9875,0,0,0.20969202898550723,1.0
screening,308,7,FAMILY_B_INTERACTION_DENSITY_ONLY,B1,4082866,13164866,9386693fc5c23105,0.07000000000000006,0.19500000000000006,0.9299999999999999,0,0,0.19904891304347827,1.0
screening,308,7,FAMILY_B_INTERACTION_DENSITY_ONLY,B2,4082866,13164866,9386693fc5c23105,0.07439024390243898,0.19939024390243898,0.925609756097561,0,0,0.19021739130434784,1.0
screening,308,7,FAMILY_B_INTERACTION_DENSITY_ONLY,B3,4082866,13164866,9386693fc5c23105,0.11707317073170731,0.2420731707317073,0.8829268292682927,0,0,0.20708786231884058,1.0
screening,308,7,FAMILY_B_INTERACTION_DENSITY_ONLY,B4,4082866,13164866,9386693fc5c23105,0.11734417344173442,0.24234417344173442,0.8826558265582656,0,0,0.1958786231884058,1.0
screening,308,7,FAMILY_C_CONFLICTING_INTERACTIONS,C1,4082866,13164866,9386693fc5c23105,0.11949494949494954,0.24449494949494954,0.8805050505050505,0,0,0.1958786231884058,1.0
screening,308,7,FAMILY_C_CONFLICTING_INTERACTIONS,C2,4082866,13164866,9386693fc5c23105,0.036743002544529224,0.16174300254452922,0.9632569974554708,0,0,0.263473731884058,1.0
screening,308,7,FAMILY_C_CONFLICTING_INTERACTIONS,C3,4082866,13164866,9386693fc5c23105,0.10851282051282063,0.23351282051282063,0.8914871794871794,0,0,0.2084465579710145,1.0
screening,308,7,FAMILY_C_CONFLICTING_INTERACTIONS,C4,4082866,13164866,9386693fc5c23105,0.07204134366925063,0.19704134366925063,0.9279586563307494,0,0,0.19621829710144928,1.0
screening,308,8,FAMILY_A_DECEPTION_ONLY,A1,4082967,13165077,3194bf31488e5755,0.08281249999999996,0.20781249999999996,0.9171875,0,0,0.1880661231884058,1.0
screening,308,8,FAMILY_A_DECEPTION_ONLY,A2,4082967,13165077,3194bf31488e5755,0.0,0.125,1.0,1,1,0.1852355072463768,1.0
screening,308,8,FAMILY_A_DECEPTION_ONLY,A3,4082967,13165077,3194bf31488e5755,0.050000000000000044,0.17500000000000004,0.95,0,0,0.18704710144927536,1.0
screening,308,8,FAMILY_A_DECEPTION_ONLY,A4,4082967,13165077,3194bf31488e5755,0.06249999999999989,0.1874999999999999,0.9375000000000001,0,0,0.19802989130434784,1.0
screening,308,8,FAMILY_B_INTERACTION_DENSITY_ONLY,B1,4082967,13165077,3194bf31488e5755,0.14,0.265,0.86,0,0,0.3055932971014493,1.0
screening,308,8,FAMILY_B_INTERACTION_DENSITY_ONLY,B2,4082967,13165077,3194bf31488e5755,0.1545731707317073,0.2795731707317073,0.8454268292682927,0,0,0.21365489130434784,1.0
screening,308,8,FAMILY_B_INTERACTION_DENSITY_ONLY,B3,4082967,13165077,3194bf31488e5755,0.14878048780487818,0.2737804878048782,0.8512195121951218,0,0,0.20074728260869565,1.0
screening,308,8,FAMILY_B_INTERACTION_DENSITY_ONLY,B4,4082967,13165077,3194bf31488e5755,0.14742547425474262,0.2724254742547426,0.8525745257452574,0,0,0.20074728260869565,1.0
screening,308,8,FAMILY_C_CONFLICTING_INTERACTIONS,C1,4082967,13165077,3194bf31488e5755,0.04656565656565659,0.1715656565656566,0.9534343434343434,0,0,0.17447916666666666,1.0
screening,308,8,FAMILY_C_CONFLICTING_INTERACTIONS,C2,4082967,13165077,3194bf31488e5755,0.10768447837150141,0.2326844783715014,0.8923155216284986,0,0,0.1955389492753623,1.0
screening,308,8,FAMILY_C_CONFLICTING_INTERACTIONS,C3,4082967,13165077,3194bf31488e5755,0.03958974358974365,0.16458974358974365,0.9604102564102563,0,0,0.17583786231884058,1.0
screening,308,8,FAMILY_C_CONFLICTING_INTERACTIONS,C4,4082967,13165077,3194bf31488e5755,0.14645994832041342,0.2714599483204134,0.8535400516795866,0,0,0.18885869565217392,1.0
screening,308,9,FAMILY_A_DECEPTION_ONLY,A1,4083068,13165288,7bb9adc54f163de1,0.0,0.125,1.0,1,1,0.21965579710144928,1.0
screening,308,9,FAMILY_A_DECEPTION_ONLY,A2,4083068,13165288,7bb9adc54f163de1,0.0,0.125,1.0,1,1,0.21965579710144928,1.0
screening,308,9,FAMILY_A_DECEPTION_ONLY,A3,4083068,13165288,7bb9adc54f163de1,0.07500000000000007,0.20000000000000007,0.9249999999999999,0,0,0.19825634057971014,1.0
screening,308,9,FAMILY_A_DECEPTION_ONLY,A4,4083068,13165288,7bb9adc54f163de1,0.02499999999999991,0.1499999999999999,0.9750000000000001,0,0,0.21524003623188406,1.0
screening,308,9,FAMILY_B_INTERACTION_DENSITY_ONLY,B1,4083068,13165288,7bb9adc54f163de1,0.0,0.125,1.0,1,1,0.21965579710144928,1.0
screening,308,9,FAMILY_B_INTERACTION_DENSITY_ONLY,B2,4083068,13165288,7bb9adc54f163de1,0.0,0.125,1.0,1,1,0.20663496376811594,1.0
screening,308,9,FAMILY_B_INTERACTION_DENSITY_ONLY,B3,4083068,13165288,7bb9adc54f163de1,0.0,0.125,1.0,1,1,0.22565670289855072,1.0
screening,308,9,FAMILY_B_INTERACTION_DENSITY_ONLY,B4,4083068,13165288,7bb9adc54f163de1,0.0,0.125,1.0,1,1,0.22565670289855072,1.0
screening,308,9,FAMILY_C_CONFLICTING_INTERACTIONS,C1,4083068,13165288,7bb9adc54f163de1,0.0,0.125,1.0,1,1,0.22225996376811594,1.0
screening,308,9,FAMILY_C_CONFLICTING_INTERACTIONS,C2,4083068,13165288,7bb9adc54f163de1,0.0,0.125,1.0,1,1,0.215919384057971,1.0
screening,308,9,FAMILY_C_CONFLICTING_INTERACTIONS,C3,4083068,13165288,7bb9adc54f163de1,0.0,0.125,1.0,1,1,0.20663496376811594,1.0
screening,308,9,FAMILY_C_CONFLICTING_INTERACTIONS,C4,4083068,13165288,7bb9adc54f163de1,0.11689922480620152,0.24189922480620152,0.8831007751937985,0,0,0.19667119565217392,1.0
screening,308,10,FAMILY_A_DECEPTION_ONLY,A1,4083169,13165499,52f21a626852a657,0.0,0.125,1.0,1,1,0.208106884057971,1.0
screening,308,10,FAMILY_A_DECEPTION_ONLY,A2,4083169,13165499,52f21a626852a657,0.043749999999999956,0.16874999999999996,0.95625,0,0,0.21761775362318841,1.0
screening,308,10,FAMILY_A_DECEPTION_ONLY,A3,4083169,13165499,52f21a626852a657,0.07500000000000007,0.20000000000000007,0.9249999999999999,0,0,0.1598731884057971,1.0
screening,308,10,FAMILY_A_DECEPTION_ONLY,A4,4083169,13165499,52f21a626852a657,0.025000000000000022,0.15000000000000002,0.975,0,0,0.18172554347826086,1.0
screening,308,10,FAMILY_B_INTERACTION_DENSITY_ONLY,B1,4083169,13165499,52f21a626852a657,0.08281249999999996,0.20781249999999996,0.9171875,0,0,0.2193161231884058,1.0
screening,308,10,FAMILY_B_INTERACTION_DENSITY_ONLY,B2,4083169,13165499,52f21a626852a657,0.0865853658536585,0.2115853658536585,0.9134146341463415,0,0,0.2028985507246377,1.0
screening,308,10,FAMILY_B_INTERACTION_DENSITY_ONLY,B3,4083169,13165499,52f21a626852a657,0.08292682926829265,0.20792682926829265,0.9170731707317074,0,0,0.19180253623188406,1.0
screening,308,10,FAMILY_B_INTERACTION_DENSITY_ONLY,B4,4083169,13165499,52f21a626852a657,0.03685636856368557,0.16185636856368557,0.9631436314363144,0,0,0.21025815217391305,1.0
screening,308,10,FAMILY_C_CONFLICTING_INTERACTIONS,C1,4083169,13165499,52f21a626852a657,0.04404040404040399,0.169040404040404,0.955959595959596,0,0,0.18534873188405798,1.0
screening,308,10,FAMILY_C_CONFLICTING_INTERACTIONS,C2,4083169,13165499,52f21a626852a657,0.0,0.125,1.0,1,1,0.20980525362318841,1.0
screening,308,10,FAMILY_C_CONFLICTING_INTERACTIONS,C3,4083169,13165499,52f21a626852a657,0.0,0.125,1.0,1,1,0.20244565217391305,1.0
screening,308,10,FAMILY_C_CONFLICTING_INTERACTIONS,C4,4083169,13165499,52f21a626852a657,0.0,0.125,1.0,1,1,0.2145606884057971,1.0
screening,308,11,FAMILY_A_DECEPTION_ONLY,A1,4083270,13165710,534b56753f412caf,0.06874999999999998,0.19374999999999998,0.93125,0,0,0.20878623188405798,1.0
screening,308,11,FAMILY_A_DECEPTION_ONLY,A2,4083270,13165710,534b56753f412caf,0.13124999999999998,0.25625,0.86875,0,0,0.20957880434782608,1.0
screening,308,11,FAMILY_A_DECEPTION_ONLY,A3,4083270,13165710,534b56753f412caf,0.10781249999999998,0.23281249999999998,0.8921875,0,0,0.22282608695652173,1.0
screening,308,11,FAMILY_A_DECEPTION_ONLY,A4,4083270,13165710,534b56753f412caf,0.02499999999999991,0.1499999999999999,0.9750000000000001,0,0,0.1877264492753623,1.0
screening,308,11,FAMILY_B_INTERACTION_DENSITY_ONLY,B1,4083270,13165710,534b56753f412caf,0.13187499999999996,0.25687499999999996,0.868125,0,0,0.2469429347826087,1.0
screening,308,11,FAMILY_B_INTERACTION_DENSITY_ONLY,B2,4083270,13165710,534b56753f412caf,0.18323170731707306,0.30823170731707306,0.8167682926829269,0,0,0.1754981884057971,1.0
screening,308,11,FAMILY_B_INTERACTION_DENSITY_ONLY,B3,4083270,13165710,534b56753f412caf,0.07804878048780484,0.20304878048780484,0.9219512195121952,0,0,0.21139039855072464,1.0
screening,308,11,FAMILY_B_INTERACTION_DENSITY_ONLY,B4,4083270,13165710,534b56753f412caf,0.038211382113821024,0.16321138211382102,0.961788617886179,0,0,0.20923913043478262,1.0
screening,308,11,FAMILY_C_CONFLICTING_INTERACTIONS,C1,4083270,13165710,534b56753f412caf,0.11696969696969706,0.24196969696969706,0.8830303030303029,0,0,0.1930480072463768,1.0
screening,308,11,FAMILY_C_CONFLICTING_INTERACTIONS,C2,4083270,13165710,534b56753f412caf,0.08091603053435115,0.20591603053435115,0.9190839694656489,0,0,0.20686141304347827,1.0
screening,308,11,FAMILY_C_CONFLICTING_INTERACTIONS,C3,4083270,13165710,534b56753f412caf,0.03958974358974365,0.16458974358974365,0.9604102564102563,0,0,0.20923913043478262,1.0
screening,308,11,FAMILY_C_CONFLICTING_INTERACTIONS,C4,4083270,13165710,534b56753f412caf,0.0398966408268735,0.1648966408268735,0.9601033591731265,0,0,0.20923913043478262,1.0
screening,308,12,FAMILY_A_DECEPTION_ONLY,A1,4083371,13165921,cf7ffe12d5f47815,0.08281249999999996,0.20781249999999996,0.9171875,0,0,0.20799365942028986,1.0
screening,308,12,FAMILY_A_DECEPTION_ONLY,A2,4083371,13165921,cf7ffe12d5f47815,0.15468749999999998,0.2796875,0.8453125,0,0,0.2168251811594203,1.0
screening,308,12,FAMILY_A_DECEPTION_ONLY,A3,4083371,13165921,cf7ffe12d5f47815,0.15781250000000002,0.2828125,0.8421875,0,0,0.20550271739130435,1.0
screening,308,12,FAMILY_A_DECEPTION_ONLY,A4,4083371,13165921,cf7ffe12d5f47815,0.10781249999999998,0.23281249999999998,0.8921875,0,0,0.21886322463768115,1.0
screening,308,12,FAMILY_B_INTERACTION_DENSITY_ONLY,B1,4083371,13165921,cf7ffe12d5f47815,0.07000000000000006,0.19500000000000006,0.9299999999999999,0,0,0.22056159420289856,1.0
screening,308,12,FAMILY_B_INTERACTION_DENSITY_ONLY,B2,4083371,13165921,cf7ffe12d5f47815,0.12103658536585349,0.2460365853658535,0.8789634146341465,0,0,0.23165760869565216,1.0
screening,308,12,FAMILY_B_INTERACTION_DENSITY_ONLY,B3,4083371,13165921,cf7ffe12d5f47815,0.15121951219512186,0.27621951219512186,0.8487804878048781,0,0,0.2028985507246377,1.0
screening,308,12,FAMILY_B_INTERACTION_DENSITY_ONLY,B4,4083371,13165921,cf7ffe12d5f47815,0.1146341463414634,0.2396341463414634,0.8853658536585366,0,0,0.21954257246376813,1.0
screening,308,12,FAMILY_C_CONFLICTING_INTERACTIONS,C1,4083371,13165921,cf7ffe12d5f47815,0.15161616161616165,0.27661616161616165,0.8483838383838384,0,0,0.2514719202898551,1.0
screening,308,12,FAMILY_C_CONFLICTING_INTERACTIONS,C2,4083371,13165921,cf7ffe12d5f47815,0.039287531806615816,0.16428753180661582,0.9607124681933842,0,0,0.2084465579710145,1.0
screening,308,12,FAMILY_C_CONFLICTING_INTERACTIONS,C3,4083371,13165921,cf7ffe12d5f47815,0.16687179487179482,0.2918717948717948,0.8331282051282052,0,0,0.18670742753623187,1.0
screening,308,12,FAMILY_C_CONFLICTING_INTERACTIONS,C4,4083371,13165921,cf7ffe12d5f47815,0.16299741602067186,0.28799741602067186,0.8370025839793281,0,0,0.18670742753623187,1.0
screening,308,13,FAMILY_A_DECEPTION_ONLY,A1,4083472,13166132,ea59880dfad39e79,0.09687500000000004,0.22187500000000004,0.903125,0,0,0.22022192028985507,1.0
screening,308,13,FAMILY_A_DECEPTION_ONLY,A2,4083472,13166132,ea59880dfad39e79,0.17031249999999998,0.2953125,0.8296875,0,0,0.27117300724637683,1.0
screening,308,13,FAMILY_A_DECEPTION_ONLY,A3,4083472,13166132,ea59880dfad39e79,0.10000000000000009,0.2250000000000001,0.8999999999999999,0,0,0.18478260869565216,1.0
screening,308,13,FAMILY_A_DECEPTION_ONLY,A4,4083472,13166132,ea59880dfad39e79,0.02499999999999991,0.1499999999999999,0.9750000000000001,0,0,0.1838768115942029,1.0
screening,308,13,FAMILY_B_INTERACTION_DENSITY_ONLY,B1,4083472,13166132,ea59880dfad39e79,0.1050000000000001,0.2300000000000001,0.8949999999999999,0,0,0.190330615942029,1.0
screening,308,13,FAMILY_B_INTERACTION_DENSITY_ONLY,B2,4083472,13166132,ea59880dfad39e79,0.12865853658536586,0.25365853658536586,0.8713414634146341,0,0,0.20878623188405798,1.0
screening,308,13,FAMILY_B_INTERACTION_DENSITY_ONLY,B3,4083472,13166132,ea59880dfad39e79,0.11463414634146352,0.23963414634146352,0.8853658536585365,0,0,0.1933876811594203,1.0
screening,308,13,FAMILY_B_INTERACTION_DENSITY_ONLY,B4,4083472,13166132,ea59880dfad39e79,0.15013550135501352,0.2751355013550135,0.8498644986449865,0,0,0.17674365942028986,1.0
screening,308,13,FAMILY_C_CONFLICTING_INTERACTIONS,C1,4083472,13166132,ea59880dfad39e79,0.11696969696969706,0.24196969696969706,0.8830303030303029,0,0,0.19791666666666666,1.0
screening,308,13,FAMILY_C_CONFLICTING_INTERACTIONS,C2,4083472,13166132,ea59880dfad39e79,0.1339440203562342,0.2589440203562342,0.8660559796437658,0,0,0.2134284420289855,1.0
screening,308,13,FAMILY_C_CONFLICTING_INTERACTIONS,C3,4083472,13166132,ea59880dfad39e79,0.10923076923076924,0.23423076923076924,0.8907692307692308,0,0,0.19802989130434784,1.0
screening,308,13,FAMILY_C_CONFLICTING_INTERACTIONS,C4,4083472,13166132,ea59880dfad39e79,0.1448062015503877,0.2698062015503877,0.8551937984496123,0,0,0.19859601449275363,1.0
screening,308,14,FAMILY_A_DECEPTION_ONLY,A1,4083573,13166343,c6cc08c00b8ff3a7,0.13749999999999996,0.26249999999999996,0.8625,0,0,0.20391757246376813,1.0
screening,308,14,FAMILY_A_DECEPTION_ONLY,A2,4083573,13166343,c6cc08c00b8ff3a7,0.08281249999999996,0.20781249999999996,0.9171875,0,0,0.22022192028985507,1.0
screening,308,14,FAMILY_A_DECEPTION_ONLY,A3,4083573,13166343,c6cc08c00b8ff3a7,0.1328125,0.2578125,0.8671875,0,0,0.20471014492753623,1.0
screening,308,14,FAMILY_A_DECEPTION_ONLY,A4,4083573,13166343,c6cc08c00b8ff3a7,0.03749999999999987,0.16249999999999987,0.9625000000000001,0,0,0.17878170289855072,1.0
screening,308,14,FAMILY_B_INTERACTION_DENSITY_ONLY,B1,4083573,13166343,c6cc08c00b8ff3a7,0.13187500000000008,0.2568750000000001,0.8681249999999999,0,0,0.24128170289855072,1.0
screening,308,14,FAMILY_B_INTERACTION_DENSITY_ONLY,B2,4083573,13166343,c6cc08c00b8ff3a7,0.040243902439024315,0.16524390243902431,0.9597560975609757,0,0,0.20720108695652173,1.0
screening,308,14,FAMILY_B_INTERACTION_DENSITY_ONLY,B3,4083573,13166343,c6cc08c00b8ff3a7,0.03902439024390236,0.16402439024390236,0.9609756097560976,0,0,0.21240942028985507,1.0
screening,308,14,FAMILY_B_INTERACTION_DENSITY_ONLY,B4,4083573,13166343,c6cc08c00b8ff3a7,0.0818428184281843,0.2068428184281843,0.9181571815718157,0,0,0.23041213768115942,1.0
screening,308,14,FAMILY_C_CONFLICTING_INTERACTIONS,C1,4083573,13166343,c6cc08c00b8ff3a7,0.04404040404040399,0.169040404040404,0.955959595959596,0,0,0.23482789855072464,1.0
screening,308,14,FAMILY_C_CONFLICTING_INTERACTIONS,C2,4083573,13166343,c6cc08c00b8ff3a7,0.1569465648854962,0.2819465648854962,0.8430534351145038,0,0,0.2107110507246377,1.0
screening,308,14,FAMILY_C_CONFLICTING_INTERACTIONS,C3,4083573,13166343,c6cc08c00b8ff3a7,0.1211282051282051,0.2461282051282051,0.8788717948717949,0,0,0.2821557971014493,1.0
screening,308,14,FAMILY_C_CONFLICTING_INTERACTIONS,C4,4083573,13166343,c6cc08c00b8ff3a7,0.11948320413436686,0.24448320413436686,0.8805167958656331,0,0,0.2821557971014493,1.0
screening,308,15,FAMILY_A_DECEPTION_ONLY,A1,4083674,13166554,852ef8699d0b8554,0.08281249999999996,0.20781249999999996,0.9171875,0,0,0.18263134057971014,1.0
screening,308,15,FAMILY_A_DECEPTION_ONLY,A2,4083674,13166554,852ef8699d0b8554,0.13124999999999987,0.25624999999999987,0.8687500000000001,0,0,0.22395833333333334,1.0
screening,308,15,FAMILY_A_DECEPTION_ONLY,A3,4083674,13166554,852ef8699d0b8554,0.050000000000000044,0.17500000000000004,0.95,0,0,0.21795742753623187,1.0
screening,308,15,FAMILY_A_DECEPTION_ONLY,A4,4083674,13166554,852ef8699d0b8554,0.03749999999999987,0.16249999999999987,0.9625000000000001,0,0,0.21965579710144928,1.0
screening,308,15,FAMILY_B_INTERACTION_DENSITY_ONLY,B1,4083674,13166554,852ef8699d0b8554,0.1050000000000001,0.2300000000000001,0.8949999999999999,0,0,0.21082427536231885,1.0
screening,308,15,FAMILY_B_INTERACTION_DENSITY_ONLY,B2,4083674,13166554,852ef8699d0b8554,0.1890243902439025,0.3140243902439025,0.8109756097560975,0,0,0.2374320652173913,1.0
screening,308,15,FAMILY_B_INTERACTION_DENSITY_ONLY,B3,4083674,13166554,852ef8699d0b8554,0.11463414634146352,0.23963414634146352,0.8853658536585365,0,0,0.21614583333333334,1.0
screening,308,15,FAMILY_B_INTERACTION_DENSITY_ONLY,B4,4083674,13166554,852ef8699d0b8554,0.11192411924119239,0.2369241192411924,0.8880758807588076,0,0,0.2271286231884058,1.0
screening,308,15,FAMILY_C_CONFLICTING_INTERACTIONS,C1,4083674,13166554,852ef8699d0b8554,0.11444444444444457,0.23944444444444457,0.8855555555555554,0,0,0.21614583333333334,1.0
screening,308,15,FAMILY_C_CONFLICTING_INTERACTIONS,C2,4083674,13166554,852ef8699d0b8554,0.1102290076335879,0.2352290076335879,0.8897709923664121,0,0,0.18421648550724637,1.0
screening,308,15,FAMILY_C_CONFLICTING_INTERACTIONS,C3,4083674,13166554,852ef8699d0b8554,0.10851282051282063,0.23351282051282063,0.8914871794871794,0,0,0.21082427536231885,1.0
screening,308,15,FAMILY_C_CONFLICTING_INTERACTIONS,C4,4083674,13166554,852ef8699d0b8554,0.10677002583979334,0.23177002583979334,0.8932299741602067,0,0,0.21082427536231885,1.0
screening,309,0,FAMILY_A_DECEPTION_ONLY,A1,4092166,13183400,6591d6c13cd9cd07,0.08281249999999996,0.20781249999999996,0.9171875,0,0,0.18987771739130435,1.0
screening,309,0,FAMILY_A_DECEPTION_ONLY,A2,4092166,13183400,6591d6c13cd9cd07,0.0,0.125,1.0,1,1,0.16666666666666666,1.0
screening,309,0,FAMILY_A_DECEPTION_ONLY,A3,4092166,13183400,6591d6c13cd9cd07,0.0,0.125,1.0,1,1,0.1665534420289855,1.0
screening,309,0,FAMILY_A_DECEPTION_ONLY,A4,4092166,13183400,6591d6c13cd9cd07,0.14531249999999996,0.27031249999999996,0.8546875,0,0,0.17119565217391305,1.0
screening,309,0,FAMILY_B_INTERACTION_DENSITY_ONLY,B1,4092166,13183400,6591d6c13cd9cd07,0.0,0.125,1.0,1,1,0.16666666666666666,1.0
screening,309,0,FAMILY_B_INTERACTION_DENSITY_ONLY,B2,4092166,13183400,6591d6c13cd9cd07,0.08079268292682917,0.20579268292682917,0.9192073170731708,0,0,0.1911231884057971,1.0
screening,309,0,FAMILY_B_INTERACTION_DENSITY_ONLY,B3,4092166,13183400,6591d6c13cd9cd07,0.0,0.125,1.0,1,1,0.1928215579710145,1.0
screening,309,0,FAMILY_B_INTERACTION_DENSITY_ONLY,B4,4092166,13183400,6591d6c13cd9cd07,0.0,0.125,1.0,1,1,0.1754981884057971,1.0
screening,309,0,FAMILY_C_CONFLICTING_INTERACTIONS,C1,4092166,13183400,6591d6c13cd9cd07,0.0,0.125,1.0,1,1,0.18455615942028986,1.0
screening,309,0,FAMILY_C_CONFLICTING_INTERACTIONS,C2,4092166,13183400,6591d6c13cd9cd07,0.0,0.125,1.0,1,1,0.17368659420289856,1.0
screening,309,0,FAMILY_C_CONFLICTING_INTERACTIONS,C3,4092166,13183400,6591d6c13cd9cd07,0.06635897435897442,0.19135897435897442,0.9336410256410256,0,0,0.20686141304347827,1.0
screening,309,0,FAMILY_C_CONFLICTING_INTERACTIONS,C4,4092166,13183400,6591d6c13cd9cd07,0.06687338501291995,0.19187338501291995,0.93312661498708,0,0,0.20686141304347827,1.0
screening,309,1,FAMILY_A_DECEPTION_ONLY,A1,4092267,13183611,0036be03175048de,0.0,0.125,1.0,1,1,0.17764945652173914,1.0
screening,309,1,FAMILY_A_DECEPTION_ONLY,A2,4092267,13183611,0036be03175048de,0.0,0.125,1.0,1,1,0.17255434782608695,1.0
screening,309,1,FAMILY_A_DECEPTION_ONLY,A3,4092267,13183611,0036be03175048de,0.025000000000000022,0.15000000000000002,0.975,0,0,0.16168478260869565,1.0
screening,309,1,FAMILY_A_DECEPTION_ONLY,A4,4092267,13183611,0036be03175048de,0.012499999999999956,0.13749999999999996,0.9875,0,0,0.1850090579710145,1.0
screening,309,1,FAMILY_B_INTERACTION_DENSITY_ONLY,B1,4092267,13183611,0036be03175048de,0.0,0.125,1.0,1,1,0.17255434782608695,1.0
screening,309,1,FAMILY_B_INTERACTION_DENSITY_ONLY,B2,4092267,13183611,0036be03175048de,0.0,0.125,1.0,1,1,0.17255434782608695,1.0
screening,309,1,FAMILY_B_INTERACTION_DENSITY_ONLY,B3,4092267,13183611,0036be03175048de,0.1539634146341463,0.2789634146341463,0.8460365853658537,0,0,0.20720108695652173,1.0
screening,309,1,FAMILY_B_INTERACTION_DENSITY_ONLY,B4,4092267,13183611,0036be03175048de,0.0,0.125,1.0,1,1,0.17832880434782608,1.0
screening,309,1,FAMILY_C_CONFLICTING_INTERACTIONS,C1,4092267,13183611,0036be03175048de,0.0,0.125,1.0,1,1,0.17255434782608695,1.0
screening,309,1,FAMILY_C_CONFLICTING_INTERACTIONS,C2,4092267,13183611,0036be03175048de,0.036743002544529224,0.16174300254452922,0.9632569974554708,0,0,0.19519927536231885,1.0
screening,309,1,FAMILY_C_CONFLICTING_INTERACTIONS,C3,4092267,13183611,0036be03175048de,0.03446153846153854,0.15946153846153854,0.9655384615384615,0,0,0.19655797101449277,1.0
screening,309,1,FAMILY_C_CONFLICTING_INTERACTIONS,C4,4092267,13183611,0036be03175048de,0.11689922480620152,0.24189922480620152,0.8831007751937985,0,0,0.19848278985507245,1.0
screening,309,2,FAMILY_A_DECEPTION_ONLY,A1,4092368,13183822,d78622eeb21e5871,0.06874999999999998,0.19374999999999998,0.93125,0,0,0.19621829710144928,1.0
screening,309,2,FAMILY_A_DECEPTION_ONLY,A2,4092368,13183822,d78622eeb21e5871,0.27187499999999987,0.39687499999999987,0.7281250000000001,0,0,0.21003170289855072,1.0
screening,309,2,FAMILY_A_DECEPTION_ONLY,A3,4092368,13183822,d78622eeb21e5871,0.0,0.125,1.0,1,1,0.20550271739130435,1.0
screening,309,2,FAMILY_A_DECEPTION_ONLY,A4,4092368,13183822,d78622eeb21e5871,0.07499999999999984,0.19999999999999984,0.9250000000000002,0,0,0.2206748188405797,1.0
screening,309,2,FAMILY_B_INTERACTION_DENSITY_ONLY,B1,4092368,13183822,d78622eeb21e5871,0.18093750000000008,0.3059375000000001,0.8190624999999999,0,0,0.1634963768115942,1.0
screening,309,2,FAMILY_B_INTERACTION_DENSITY_ONLY,B2,4092368,13183822,d78622eeb21e5871,0.10853658536585364,0.23353658536585364,0.8914634146341464,0,0,0.20606884057971014,1.0
screening,309,2,FAMILY_B_INTERACTION_DENSITY_ONLY,B3,4092368,13183822,d78622eeb21e5871,0.0,0.125,1.0,1,1,0.1880661231884058,1.0
screening,309,2,FAMILY_B_INTERACTION_DENSITY_ONLY,B4,4092368,13183822,d78622eeb21e5871,0.0,0.125,1.0,1,1,0.19961503623188406,1.0
screening,309,2,FAMILY_C_CONFLICTING_INTERACTIONS,C1,4092368,13183822,d78622eeb21e5871,0.08030303030303021,0.2053030303030302,0.9196969696969698,0,0,0.17425271739130435,1.0
screening,309,2,FAMILY_C_CONFLICTING_INTERACTIONS,C2,4092368,13183822,d78622eeb21e5871,0.08091603053435115,0.20591603053435115,0.9190839694656489,0,0,0.17425271739130435,1.0
screening,309,2,FAMILY_C_CONFLICTING_INTERACTIONS,C3,4092368,13183822,d78622eeb21e5871,0.08153846153846145,0.20653846153846145,0.9184615384615386,0,0,0.17425271739130435,1.0
screening,309,2,FAMILY_C_CONFLICTING_INTERACTIONS,C4,4092368,13183822,d78622eeb21e5871,0.08217054263565882,0.20717054263565882,0.9178294573643412,0,0,0.17425271739130435,1.0
screening,309,3,FAMILY_A_DECEPTION_ONLY,A1,4092469,13184033,4e8fa80e0b267f1e,0.15156249999999993,0.27656249999999993,0.8484375000000001,0,0,0.18512228260869565,1.0
screening,309,3,FAMILY_A_DECEPTION_ONLY,A2,4092469,13184033,4e8fa80e0b267f1e,0.09687500000000004,0.22187500000000004,0.903125,0,0,0.21048460144927536,1.0
screening,309,3,FAMILY_A_DECEPTION_ONLY,A3,4092469,13184033,4e8fa80e0b267f1e,0.10781250000000009,0.2328125000000001,0.8921874999999999,0,0,0.17481884057971014,1.0
screening,309,3,FAMILY_A_DECEPTION_ONLY,A4,4092469,13184033,4e8fa80e0b267f1e,0.10781249999999998,0.23281249999999998,0.8921875,0,0,0.2193161231884058,1.0
screening,309,3,FAMILY_B_INTERACTION_DENSITY_ONLY,B1,4092469,13184033,4e8fa80e0b267f1e,0.14593750000000005,0.27093750000000005,0.8540625,0,0,0.2103713768115942,1.0
screening,309,3,FAMILY_B_INTERACTION_DENSITY_ONLY,B2,4092469,13184033,4e8fa80e0b267f1e,0.15518292682926815,0.28018292682926815,0.8448170731707318,0,0,0.21308876811594202,1.0
screening,309,3,FAMILY_B_INTERACTION_DENSITY_ONLY,B3,4092469,13184033,4e8fa80e0b267f1e,0.13841463414634148,0.2634146341463415,0.8615853658536585,0,0,0.19870923913043478,1.0
screening,309,3,FAMILY_B_INTERACTION_DENSITY_ONLY,B4,4092469,13184033,4e8fa80e0b267f1e,0.13543360433604335,0.26043360433604335,0.8645663956639567,0,0,0.19870923913043478,1.0
screening,309,3,FAMILY_C_CONFLICTING_INTERACTIONS,C1,4092469,13184033,4e8fa80e0b267f1e,0.13797979797979798,0.262979797979798,0.862020202020202,0,0,0.19870923913043478,1.0
screening,309,3,FAMILY_C_CONFLICTING_INTERACTIONS,C2,4092469,13184033,4e8fa80e0b267f1e,0.1339440203562342,0.2589440203562342,0.8660559796437658,0,0,0.19870923913043478,1.0
screening,309,3,FAMILY_C_CONFLICTING_INTERACTIONS,C3,4092469,13184033,4e8fa80e0b267f1e,0.1324102564102565,0.2574102564102565,0.8675897435897435,0,0,0.19870923913043478,1.0
screening,309,3,FAMILY_C_CONFLICTING_INTERACTIONS,C4,4092469,13184033,4e8fa80e0b267f1e,0.14904392764857888,0.2740439276485789,0.8509560723514211,0,0,0.21886322463768115,1.0
screening,309,4,FAMILY_A_DECEPTION_ONLY,A1,4092570,13184244,bb5b97f57c4a38fe,0.11093750000000002,0.23593750000000002,0.8890625,0,0,0.22033514492753623,1.0
screening,309,4,FAMILY_A_DECEPTION_ONLY,A2,4092570,13184244,bb5b97f57c4a38fe,0.17500000000000004,0.30000000000000004,0.825,0,0,0.22701539855072464,1.0
screening,309,4,FAMILY_A_DECEPTION_ONLY,A3,4092570,13184244,bb5b97f57c4a38fe,0.18281250000000004,0.30781250000000004,0.8171875,0,0,0.21354166666666666,1.0
screening,309,4,FAMILY_A_DECEPTION_ONLY,A4,4092570,13184244,bb5b97f57c4a38fe,0.1328125,0.2578125,0.8671875,0,0,0.20267210144927536,1.0
screening,309,4,FAMILY_B_INTERACTION_DENSITY_ONLY,B1,4092570,13184244,bb5b97f57c4a38fe,0.18781249999999994,0.31281249999999994,0.8121875000000001,0,0,0.19236865942028986,1.0
screening,309,4,FAMILY_B_INTERACTION_DENSITY_ONLY,B2,4092570,13184244,bb5b97f57c4a38fe,0.10243902439024388,0.22743902439024388,0.8975609756097561,0,0,0.20527626811594202,1.0
screening,309,4,FAMILY_B_INTERACTION_DENSITY_ONLY,B3,4092570,13184244,bb5b97f57c4a38fe,0.18384146341463414,0.30884146341463414,0.8161585365853659,0,0,0.21875,1.0
screening,309,4,FAMILY_B_INTERACTION_DENSITY_ONLY,B4,4092570,13184244,bb5b97f57c4a38fe,0.11056910569105682,0.23556910569105682,0.8894308943089432,0,0,0.20516304347826086,1.0
screening,309,4,FAMILY_C_CONFLICTING_INTERACTIONS,C1,4092570,13184244,bb5b97f57c4a38fe,0.11191919191919197,0.23691919191919197,0.888080808080808,0,0,0.20527626811594202,1.0
screening,309,4,FAMILY_C_CONFLICTING_INTERACTIONS,C2,4092570,13184244,bb5b97f57c4a38fe,0.1527735368956743,0.2777735368956743,0.8472264631043257,0,0,0.23256340579710144,1.0
screening,309,4,FAMILY_C_CONFLICTING_INTERACTIONS,C3,4092570,13184244,bb5b97f57c4a38fe,0.1581538461538462,0.2831538461538462,0.8418461538461538,0,0,0.1978034420289855,1.0
screening,309,4,FAMILY_C_CONFLICTING_INTERACTIONS,C4,4092570,13184244,bb5b97f57c4a38fe,0.10677002583979334,0.23177002583979334,0.8932299741602067,0,0,0.20527626811594202,1.0
screening,309,5,FAMILY_A_DECEPTION_ONLY,A1,4092671,13184455,a9c6107540b47e51,0.08281249999999996,0.20781249999999996,0.9171875,0,0,0.1855751811594203,1.0
screening,309,5,FAMILY_A_DECEPTION_ONLY,A2,4092671,13184455,a9c6107540b47e51,0.0,0.125,1.0,1,1,0.20742753623188406,1.0
screening,309,5,FAMILY_A_DECEPTION_ONLY,A3,4092671,13184455,a9c6107540b47e51,0.025000000000000022,0.15000000000000002,0.975,0,0,0.1877264492753623,1.0
screening,309,5,FAMILY_A_DECEPTION_ONLY,A4,4092671,13184455,a9c6107540b47e51,0.012499999999999956,0.13749999999999996,0.9875,0,0,0.2156929347826087,1.0
screening,309,5,FAMILY_B_INTERACTION_DENSITY_ONLY,B1,4092671,13184455,a9c6107540b47e51,0.08281249999999996,0.20781249999999996,0.9171875,0,0,0.22044836956521738,1.0
screening,309,5,FAMILY_B_INTERACTION_DENSITY_ONLY,B2,4092671,13184455,a9c6107540b47e51,0.09451219512195119,0.2195121951219512,0.9054878048780488,0,0,0.2206748188405797,1.0
screening,309,5,FAMILY_B_INTERACTION_DENSITY_ONLY,B3,4092671,13184455,a9c6107540b47e51,0.04146341463414638,0.16646341463414638,0.9585365853658536,0,0,0.19327445652173914,1.0
screening,309,5,FAMILY_B_INTERACTION_DENSITY_ONLY,B4,4092671,13184455,a9c6107540b47e51,0.03956639566395659,0.1645663956639566,0.9604336043360434,0,0,0.1754981884057971,1.0
screening,309,5,FAMILY_C_CONFLICTING_INTERACTIONS,C1,4092671,13184455,a9c6107540b47e51,0.033939393939393936,0.15893939393939394,0.9660606060606061,0,0,0.19157608695652173,1.0
screening,309,5,FAMILY_C_CONFLICTING_INTERACTIONS,C2,4092671,13184455,a9c6107540b47e51,0.08091603053435115,0.20591603053435115,0.9190839694656489,0,0,0.21422101449275363,1.0
screening,309,5,FAMILY_C_CONFLICTING_INTERACTIONS,C3,4092671,13184455,a9c6107540b47e51,0.07661538461538464,0.20161538461538464,0.9233846153846154,0,0,0.20640851449275363,1.0
screening,309,5,FAMILY_C_CONFLICTING_INTERACTIONS,C4,4092671,13184455,a9c6107540b47e51,0.110077519379845,0.235077519379845,0.889922480620155,0,0,0.19440670289855072,1.0
screening,309,6,FAMILY_A_DECEPTION_ONLY,A1,4092772,13184666,e4759b94554dbcde,0.0,0.125,1.0,1,1,0.23324275362318841,1.0
screening,309,6,FAMILY_A_DECEPTION_ONLY,A2,4092772,13184666,e4759b94554dbcde,0.08281249999999996,0.20781249999999996,0.9171875,0,0,0.20074728260869565,1.0
screening,309,6,FAMILY_A_DECEPTION_ONLY,A3,4092772,13184666,e4759b94554dbcde,0.07500000000000007,0.20000000000000007,0.9249999999999999,0,0,0.21105072463768115,1.0
screening,309,6,FAMILY_A_DECEPTION_ONLY,A4,4092772,13184666,e4759b94554dbcde,0.10781249999999987,0.23281249999999987,0.8921875000000001,0,0,0.21546648550724637,1.0
screening,309,6,FAMILY_B_INTERACTION_DENSITY_ONLY,B1,4092772,13184666,e4759b94554dbcde,0.03500000000000003,0.16000000000000003,0.965,0,0,0.22203351449275363,1.0
screening,309,6,FAMILY_B_INTERACTION_DENSITY_ONLY,B2,4092772,13184666,e4759b94554dbcde,0.040243902439024315,0.16524390243902431,0.9597560975609757,0,0,0.19667119565217392,1.0
screening,309,6,FAMILY_B_INTERACTION_DENSITY_ONLY,B3,4092772,13184666,e4759b94554dbcde,0.11737804878048774,0.24237804878048774,0.8826219512195123,0,0,0.2067481884057971,1.0
screening,309,6,FAMILY_B_INTERACTION_DENSITY_ONLY,B4,4092772,13184666,e4759b94554dbcde,0.0,0.125,1.0,1,1,0.2267889492753623,1.0
screening,309,6,FAMILY_C_CONFLICTING_INTERACTIONS,C1,4092772,13184666,e4759b94554dbcde,0.11676767676767674,0.24176767676767674,0.8832323232323233,0,0,0.22259963768115942,1.0
screening,309,6,FAMILY_C_CONFLICTING_INTERACTIONS,C2,4092772,13184666,e4759b94554dbcde,0.0836641221374046,0.2086641221374046,0.9163358778625954,0,0,0.22282608695652173,1.0
screening,309,6,FAMILY_C_CONFLICTING_INTERACTIONS,C3,4092772,13184666,e4759b94554dbcde,0.03446153846153854,0.15946153846153854,0.9655384615384615,0,0,0.22486413043478262,1.0
screening,309,6,FAMILY_C_CONFLICTING_INTERACTIONS,C4,4092772,13184666,e4759b94554dbcde,0.0347286821705427,0.1597286821705427,0.9652713178294573,0,0,0.23301630434782608,1.0
screening,309,7,FAMILY_A_DECEPTION_ONLY,A1,4092873,13184877,59b6458cd623e965,0.0,0.125,1.0,1,1,0.21807065217391305,1.0
screening,309,7,FAMILY_A_DECEPTION_ONLY,A2,4092873,13184877,59b6458cd623e965,0.08281249999999996,0.20781249999999996,0.9171875,0,0,0.2181838768115942,1.0
screening,309,7,FAMILY_A_DECEPTION_ONLY,A3,4092873,13184877,59b6458cd623e965,0.025000000000000022,0.15000000000000002,0.975,0,0,0.21422101449275363,1.0
screening,309,7,FAMILY_A_DECEPTION_ONLY,A4,4092873,13184877,59b6458cd623e965,0.04999999999999993,0.17499999999999993,0.9500000000000001,0,0,0.20493659420289856,1.0
screening,309,7,FAMILY_B_INTERACTION_DENSITY_ONLY,B1,4092873,13184877,59b6458cd623e965,0.03500000000000003,0.16000000000000003,0.965,0,0,0.19010416666666666,1.0
screening,309,7,FAMILY_B_INTERACTION_DENSITY_ONLY,B2,4092873,13184877,59b6458cd623e965,0.04634146341463419,0.1713414634146342,0.9536585365853658,0,0,0.20799365942028986,1.0
screening,309,7,FAMILY_B_INTERACTION_DENSITY_ONLY,B3,4092873,13184877,59b6458cd623e965,0.04878048780487798,0.17378048780487798,0.951219512195122,0,0,0.19825634057971014,1.0
screening,309,7,FAMILY_B_INTERACTION_DENSITY_ONLY,B4,4092873,13184877,59b6458cd623e965,0.04498644986449862,0.16998644986449862,0.9550135501355014,0,0,0.19825634057971014,1.0
screening,309,7,FAMILY_C_CONFLICTING_INTERACTIONS,C1,4092873,13184877,59b6458cd623e965,0.0828282828282827,0.2078282828282827,0.9171717171717173,0,0,0.23516757246376813,1.0
screening,309,7,FAMILY_C_CONFLICTING_INTERACTIONS,C2,4092873,13184877,59b6458cd623e965,0.08346055979643763,0.20846055979643763,0.9165394402035624,0,0,0.23516757246376813,1.0
screening,309,7,FAMILY_C_CONFLICTING_INTERACTIONS,C3,4092873,13184877,59b6458cd623e965,0.1211282051282051,0.2461282051282051,0.8788717948717949,0,0,0.2301856884057971,1.0
screening,309,7,FAMILY_C_CONFLICTING_INTERACTIONS,C4,4092873,13184877,59b6458cd623e965,0.06945736434108529,0.1944573643410853,0.9305426356589147,0,0,0.18240489130434784,1.0
screening,309,8,FAMILY_A_DECEPTION_ONLY,A1,4092974,13185088,2d0d110224dcfd04,0.0,0.125,1.0,1,1,0.21467391304347827,1.0
screening,309,8,FAMILY_A_DECEPTION_ONLY,A2,4092974,13185088,2d0d110224dcfd04,0.0,0.125,1.0,1,1,0.21467391304347827,1.0
screening,309,8,FAMILY_A_DECEPTION_ONLY,A3,4092974,13185088,2d0d110224dcfd04,0.07500000000000007,0.20000000000000007,0.9249999999999999,0,0,0.2128623188405797,1.0
screening,309,8,FAMILY_A_DECEPTION_ONLY,A4,4092974,13185088,2d0d110224dcfd04,0.10781249999999998,0.23281249999999998,0.8921875,0,0,0.2025588768115942,1.0
screening,309,8,FAMILY_B_INTERACTION_DENSITY_ONLY,B1,4092974,13185088,2d0d110224dcfd04,0.09687500000000004,0.22187500000000004,0.903125,0,0,0.208106884057971,1.0
screening,309,8,FAMILY_B_INTERACTION_DENSITY_ONLY,B2,4092974,13185088,2d0d110224dcfd04,0.10243902439024388,0.22743902439024388,0.8975609756097561,0,0,0.21410778985507245,1.0
screening,309,8,FAMILY_B_INTERACTION_DENSITY_ONLY,B3,4092974,13185088,2d0d110224dcfd04,0.03902439024390236,0.16402439024390236,0.9609756097560976,0,0,0.2111639492753623,1.0
screening,309,8,FAMILY_B_INTERACTION_DENSITY_ONLY,B4,4092974,13185088,2d0d110224dcfd04,0.04092140921409204,0.16592140921409204,0.959078590785908,0,0,0.18104619565217392,1.0
screening,309,8,FAMILY_C_CONFLICTING_INTERACTIONS,C1,4092974,13185088,2d0d110224dcfd04,0.11424242424242426,0.23924242424242426,0.8857575757575757,0,0,0.2156929347826087,1.0
screening,309,8,FAMILY_C_CONFLICTING_INTERACTIONS,C2,4092974,13185088,2d0d110224dcfd04,0.0,0.125,1.0,1,1,0.20708786231884058,1.0
screening,309,8,FAMILY_C_CONFLICTING_INTERACTIONS,C3,4092974,13185088,2d0d110224dcfd04,0.08153846153846145,0.20653846153846145,0.9184615384615386,0,0,0.21422101449275363,1.0
screening,309,8,FAMILY_C_CONFLICTING_INTERACTIONS,C4,4092974,13185088,2d0d110224dcfd04,0.037312661498708044,0.16231266149870804,0.962687338501292,0,0,0.17617753623188406,1.0
screening,309,9,FAMILY_A_DECEPTION_ONLY,A1,4093075,13185299,f661b7bcec7ea714,0.13749999999999996,0.26249999999999996,0.8625,0,0,0.21354166666666666,1.0
screening,309,9,FAMILY_A_DECEPTION_ONLY,A2,4093075,13185299,f661b7bcec7ea714,0.043749999999999956,0.16874999999999996,0.95625,0,0,0.19327445652173914,1.0
screening,309,9,FAMILY_A_DECEPTION_ONLY,A3,4093075,13185299,f661b7bcec7ea714,0.050000000000000044,0.17500000000000004,0.95,0,0,0.20165307971014493,1.0
screening,309,9,FAMILY_A_DECEPTION_ONLY,A4,4093075,13185299,f661b7bcec7ea714,0.08281249999999996,0.20781249999999996,0.9171875,0,0,0.1875,1.0
screening,309,9,FAMILY_B_INTERACTION_DENSITY_ONLY,B1,4093075,13185299,f661b7bcec7ea714,0.13187499999999996,0.25687499999999996,0.868125,0,0,0.24343297101449277,1.0
screening,309,9,FAMILY_B_INTERACTION_DENSITY_ONLY,B2,4093075,13185299,f661b7bcec7ea714,0.15518292682926815,0.28018292682926815,0.8448170731707318,0,0,0.2206748188405797,1.0
screening,309,9,FAMILY_B_INTERACTION_DENSITY_ONLY,B3,4093075,13185299,f661b7bcec7ea714,0.08079268292682917,0.20579268292682917,0.9192073170731708,0,0,0.19089673913043478,1.0
screening,309,9,FAMILY_B_INTERACTION_DENSITY_ONLY,B4,4093075,13185299,f661b7bcec7ea714,0.11764905149051474,0.24264905149051474,0.8823509485094853,0,0,0.20018115942028986,1.0
screening,309,9,FAMILY_C_CONFLICTING_INTERACTIONS,C1,4093075,13185299,f661b7bcec7ea714,0.08030303030303021,0.2053030303030302,0.9196969696969698,0,0,0.1872735507246377,1.0
screening,309,9,FAMILY_C_CONFLICTING_INTERACTIONS,C2,4093075,13185299,f661b7bcec7ea714,0.11765903307888037,0.24265903307888037,0.8823409669211196,0,0,0.22395833333333334,1.0
screening,309,9,FAMILY_C_CONFLICTING_INTERACTIONS,C3,4093075,13185299,f661b7bcec7ea714,0.10851282051282063,0.23351282051282063,0.8914871794871794,0,0,0.19825634057971014,1.0
screening,309,9,FAMILY_C_CONFLICTING_INTERACTIONS,C4,4093075,13185299,f661b7bcec7ea714,0.104186046511628,0.229186046511628,0.895813953488372,0,0,0.19825634057971014,1.0
screening,309,10,FAMILY_A_DECEPTION_ONLY,A1,4093176,13185510,c2213d1ab972ebc9,0.0,0.125,1.0,1,1,0.17595108695652173,1.0
screening,309,10,FAMILY_A_DECEPTION_ONLY,A2,4093176,13185510,c2213d1ab972ebc9,0.0,0.125,1.0,1,1,0.17595108695652173,1.0
screening,309,10,FAMILY_A_DECEPTION_ONLY,A3,4093176,13185510,c2213d1ab972ebc9,0.10781249999999998,0.23281249999999998,0.8921875,0,0,0.1819519927536232,1.0
screening,309,10,FAMILY_A_DECEPTION_ONLY,A4,4093176,13185510,c2213d1ab972ebc9,0.012499999999999956,0.13749999999999996,0.9875,0,0,0.17957427536231885,1.0
screening,309,10,FAMILY_B_INTERACTION_DENSITY_ONLY,B1,4093176,13185510,c2213d1ab972ebc9,0.0,0.125,1.0,1,1,0.17595108695652173,1.0
screening,309,10,FAMILY_B_INTERACTION_DENSITY_ONLY,B2,4093176,13185510,c2213d1ab972ebc9,0.08079268292682917,0.20579268292682917,0.9192073170731708,0,0,0.19316123188405798,1.0
screening,309,10,FAMILY_B_INTERACTION_DENSITY_ONLY,B3,4093176,13185510,c2213d1ab972ebc9,0.08079268292682917,0.20579268292682917,0.9192073170731708,0,0,0.1737998188405797,1.0
screening,309,10,FAMILY_B_INTERACTION_DENSITY_ONLY,B4,4093176,13185510,c2213d1ab972ebc9,0.08079268292682917,0.20579268292682917,0.9192073170731708,0,0,0.1777626811594203,1.0
screening,309,10,FAMILY_C_CONFLICTING_INTERACTIONS,C1,4093176,13185510,c2213d1ab972ebc9,0.08030303030303021,0.2053030303030302,0.9196969696969698,0,0,0.1816123188405797,1.0
screening,309,10,FAMILY_C_CONFLICTING_INTERACTIONS,C2,4093176,13185510,c2213d1ab972ebc9,0.07348600508905867,0.19848600508905867,0.9265139949109413,0,0,0.20482336956521738,1.0
screening,309,10,FAMILY_C_CONFLICTING_INTERACTIONS,C3,4093176,13185510,c2213d1ab972ebc9,0.03958974358974365,0.16458974358974365,0.9604102564102563,0,0,0.18580163043478262,1.0
screening,309,10,FAMILY_C_CONFLICTING_INTERACTIONS,C4,4093176,13185510,c2213d1ab972ebc9,0.08217054263565882,0.20717054263565882,0.9178294573643412,0,0,0.2620018115942029,1.0
screening,309,11,FAMILY_A_DECEPTION_ONLY,A1,4093277,13185721,e55bf029758a4229,0.0,0.125,1.0,1,1,0.2290534420289855,1.0
screening,309,11,FAMILY_A_DECEPTION_ONLY,A2,4093277,13185721,e55bf029758a4229,0.21406250000000004,0.33906250000000004,0.7859375,0,0,0.18636775362318841,1.0
screening,309,11,FAMILY_A_DECEPTION_ONLY,A3,4093277,13185721,e55bf029758a4229,0.07500000000000007,0.20000000000000007,0.9249999999999999,0,0,0.18421648550724637,1.0
screening,309,11,FAMILY_A_DECEPTION_ONLY,A4,4093277,13185721,e55bf029758a4229,0.03749999999999998,0.16249999999999998,0.9625,0,0,0.18353713768115942,1.0
screening,309,11,FAMILY_B_INTERACTION_DENSITY_ONLY,B1,4093277,13185721,e55bf029758a4229,0.11781249999999999,0.2428125,0.8821875,0,0,0.21761775362318841,1.0
screening,309,11,FAMILY_B_INTERACTION_DENSITY_ONLY,B2,4093277,13185721,e55bf029758a4229,0.18292682926829285,0.30792682926829285,0.8170731707317072,0,0,0.19146286231884058,1.0
screening,309,11,FAMILY_B_INTERACTION_DENSITY_ONLY,B3,4093277,13185721,e55bf029758a4229,0.18292682926829285,0.30792682926829285,0.8170731707317072,0,0,0.20957880434782608,1.0
screening,309,11,FAMILY_B_INTERACTION_DENSITY_ONLY,B4,4093277,13185721,e55bf029758a4229,0.21880081300813004,0.34380081300813004,0.78119918699187,0,0,0.18342391304347827,1.0
screening,309,11,FAMILY_C_CONFLICTING_INTERACTIONS,C1,4093277,13185721,e55bf029758a4229,0.18232323232323255,0.30732323232323255,0.8176767676767674,0,0,0.20957880434782608,1.0
screening,309,11,FAMILY_C_CONFLICTING_INTERACTIONS,C2,4093277,13185721,e55bf029758a4229,0.16305343511450376,0.28805343511450376,0.8369465648854962,0,0,0.25905797101449274,1.0
screening,309,11,FAMILY_C_CONFLICTING_INTERACTIONS,C3,4093277,13185721,e55bf029758a4229,0.20748717948717954,0.33248717948717954,0.7925128205128205,0,0,0.19361413043478262,1.0
screening,309,11,FAMILY_C_CONFLICTING_INTERACTIONS,C4,4093277,13185721,e55bf029758a4229,0.20392764857881152,0.3289276485788115,0.7960723514211885,0,0,0.19361413043478262,1.0
screening,309,12,FAMILY_A_DECEPTION_ONLY,A1,4093378,13185932,9c57a28b262eb0d9,0.08281249999999996,0.20781249999999996,0.9171875,0,0,0.20380434782608695,1.0
screening,309,12,FAMILY_A_DECEPTION_ONLY,A2,4093378,13185932,9c57a28b262eb0d9,0.08750000000000002,0.21250000000000002,0.9125,0,0,0.1850090579710145,1.0
screening,309,12,FAMILY_A_DECEPTION_ONLY,A3,4093378,13185932,9c57a28b262eb0d9,0.050000000000000044,0.17500000000000004,0.95,0,0,0.184669384057971,1.0
screening,309,12,FAMILY_A_DECEPTION_ONLY,A4,4093378,13185932,9c57a28b262eb0d9,0.10781249999999998,0.23281249999999998,0.8921875,0,0,0.18263134057971014,1.0
screening,309,12,FAMILY_B_INTERACTION_DENSITY_ONLY,B1,4093378,13185932,9c57a28b262eb0d9,0.1050000000000001,0.2300000000000001,0.8949999999999999,0,0,0.17798913043478262,1.0
screening,309,12,FAMILY_B_INTERACTION_DENSITY_ONLY,B2,4093378,13185932,9c57a28b262eb0d9,0.08048780487804885,0.20548780487804885,0.9195121951219511,0,0,0.1850090579710145,1.0
screening,309,12,FAMILY_B_INTERACTION_DENSITY_ONLY,B3,4093378,13185932,9c57a28b262eb0d9,0.03414634146341455,0.15914634146341455,0.9658536585365854,0,0,0.18761322463768115,1.0
screening,309,12,FAMILY_B_INTERACTION_DENSITY_ONLY,B4,4093378,13185932,9c57a28b262eb0d9,0.07371273712737125,0.19871273712737125,0.9262872628726287,0,0,0.20652173913043478,1.0
screening,309,12,FAMILY_C_CONFLICTING_INTERACTIONS,C1,4093378,13185932,9c57a28b262eb0d9,0.11424242424242426,0.23924242424242426,0.8857575757575757,0,0,0.1838768115942029,1.0
screening,309,12,FAMILY_C_CONFLICTING_INTERACTIONS,C2,4093378,13185932,9c57a28b262eb0d9,0.07348600508905867,0.19848600508905867,0.9265139949109413,0,0,0.19259510869565216,1.0
screening,309,12,FAMILY_C_CONFLICTING_INTERACTIONS,C3,4093378,13185932,9c57a28b262eb0d9,0.07148717948717953,0.19648717948717953,0.9285128205128205,0,0,0.19259510869565216,1.0
screening,309,12,FAMILY_C_CONFLICTING_INTERACTIONS,C4,4093378,13185932,9c57a28b262eb0d9,0.06945736434108529,0.1944573643410853,0.9305426356589147,0,0,0.19259510869565216,1.0
screening,309,13,FAMILY_A_DECEPTION_ONLY,A1,4093479,13186143,bc5dea77bf07c280,0.08281249999999996,0.20781249999999996,0.9171875,0,0,0.2086730072463768,1.0
screening,309,13,FAMILY_A_DECEPTION_ONLY,A2,4093479,13186143,bc5dea77bf07c280,0.08281249999999996,0.20781249999999996,0.9171875,0,0,0.21490036231884058,1.0
screening,309,13,FAMILY_A_DECEPTION_ONLY,A3,4093479,13186143,bc5dea77bf07c280,0.16093750000000007,0.28593750000000007,0.8390624999999999,0,0,0.23448822463768115,1.0
screening,309,13,FAMILY_A_DECEPTION_ONLY,A4,4093479,13186143,bc5dea77bf07c280,0.1328125,0.2578125,0.8671875,0,0,0.1749320652173913,1.0
screening,309,13,FAMILY_B_INTERACTION_DENSITY_ONLY,B1,4093479,13186143,bc5dea77bf07c280,0.16562500000000002,0.290625,0.834375,0,0,0.20187952898550723,1.0
screening,309,13,FAMILY_B_INTERACTION_DENSITY_ONLY,B2,4093479,13186143,bc5dea77bf07c280,0.08079268292682917,0.20579268292682917,0.9192073170731708,0,0,0.22112771739130435,1.0
screening,309,13,FAMILY_B_INTERACTION_DENSITY_ONLY,B3,4093479,13186143,bc5dea77bf07c280,0.08079268292682917,0.20579268292682917,0.9192073170731708,0,0,0.231544384057971,1.0
screening,309,13,FAMILY_B_INTERACTION_DENSITY_ONLY,B4,4093479,13186143,bc5dea77bf07c280,0.11764905149051474,0.24264905149051474,0.8823509485094853,0,0,0.21161684782608695,1.0
screening,309,13,FAMILY_C_CONFLICTING_INTERACTIONS,C1,4093479,13186143,bc5dea77bf07c280,0.0,0.125,1.0,1,1,0.20040760869565216,1.0
screening,309,13,FAMILY_C_CONFLICTING_INTERACTIONS,C2,4093479,13186143,bc5dea77bf07c280,0.09720101781170487,0.22220101781170487,0.9027989821882951,0,0,0.2067481884057971,1.0
screening,309,13,FAMILY_C_CONFLICTING_INTERACTIONS,C3,4093479,13186143,bc5dea77bf07c280,0.0,0.125,1.0,1,1,0.190330615942029,1.0
screening,309,13,FAMILY_C_CONFLICTING_INTERACTIONS,C4,4093479,13186143,bc5dea77bf07c280,0.08217054263565882,0.20717054263565882,0.9178294573643412,0,0,0.21173007246376813,1.0
screening,309,14,FAMILY_A_DECEPTION_ONLY,A1,4093580,13186354,e090eb1dd528bdc0,0.11093750000000002,0.23593750000000002,0.8890625,0,0,0.1713088768115942,1.0
screening,309,14,FAMILY_A_DECEPTION_ONLY,A2,4093580,13186354,e090eb1dd528bdc0,0.1265624999999999,0.2515624999999999,0.8734375000000001,0,0,0.16813858695652173,1.0
screening,309,14,FAMILY_A_DECEPTION_ONLY,A3,4093580,13186354,e090eb1dd528bdc0,0.025000000000000022,0.15000000000000002,0.975,0,0,0.15636322463768115,1.0
screening,309,14,FAMILY_A_DECEPTION_ONLY,A4,4093580,13186354,e090eb1dd528bdc0,0.050000000000000044,0.17500000000000004,0.95,0,0,0.20018115942028986,1.0
screening,309,14,FAMILY_B_INTERACTION_DENSITY_ONLY,B1,4093580,13186354,e090eb1dd528bdc0,0.22281250000000008,0.3478125000000001,0.7771874999999999,0,0,0.17844202898550723,1.0
screening,309,14,FAMILY_B_INTERACTION_DENSITY_ONLY,B2,4093580,13186354,e090eb1dd528bdc0,0.1948170731707317,0.3198170731707317,0.8051829268292683,0,0,0.200294384057971,1.0
screening,309,14,FAMILY_B_INTERACTION_DENSITY_ONLY,B3,4093580,13186354,e090eb1dd528bdc0,0.11219512195121939,0.2371951219512194,0.8878048780487806,0,0,0.1771965579710145,1.0
screening,309,14,FAMILY_B_INTERACTION_DENSITY_ONLY,B4,4093580,13186354,e090eb1dd528bdc0,0.16822493224932233,0.29322493224932233,0.8317750677506777,0,0,0.2795516304347826,1.0
screening,309,14,FAMILY_C_CONFLICTING_INTERACTIONS,C1,4093580,13186354,e090eb1dd528bdc0,0.1896969696969697,0.3146969696969697,0.8103030303030303,0,0,0.20923913043478262,1.0
screening,309,14,FAMILY_C_CONFLICTING_INTERACTIONS,C2,4093580,13186354,e090eb1dd528bdc0,0.11277353689567438,0.23777353689567438,0.8872264631043256,0,0,0.190330615942029,1.0
screening,309,14,FAMILY_C_CONFLICTING_INTERACTIONS,C3,4093580,13186354,e090eb1dd528bdc0,0.03446153846153854,0.15946153846153854,0.9655384615384615,0,0,0.15806159420289856,1.0
screening,309,14,FAMILY_C_CONFLICTING_INTERACTIONS,C4,4093580,13186354,e090eb1dd528bdc0,0.1448062015503877,0.2698062015503877,0.8551937984496123,0,0,0.15749547101449277,1.0
screening,309,15,FAMILY_A_DECEPTION_ONLY,A1,4093681,13186565,9a2fd323456ec640,0.15156249999999993,0.27656249999999993,0.8484375000000001,0,0,0.1956521739130435,1.0
screening,309,15,FAMILY_A_DECEPTION_ONLY,A2,4093681,13186565,9a2fd323456ec640,0.13124999999999998,0.25625,0.86875,0,0,0.17832880434782608,1.0
screening,309,15,FAMILY_A_DECEPTION_ONLY,A3,4093681,13186565,9a2fd323456ec640,0.050000000000000044,0.17500000000000004,0.95,0,0,0.23301630434782608,1.0
screening,309,15,FAMILY_A_DECEPTION_ONLY,A4,4093681,13186565,9a2fd323456ec640,0.025000000000000022,0.15000000000000002,0.975,0,0,0.22192028985507245,1.0
screening,309,15,FAMILY_B_INTERACTION_DENSITY_ONLY,B1,4093681,13186565,9a2fd323456ec640,0.07000000000000006,0.19500000000000006,0.9299999999999999,0,0,0.2263360507246377,1.0
screening,309,15,FAMILY_B_INTERACTION_DENSITY_ONLY,B2,4093681,13186565,9a2fd323456ec640,0.1490853658536585,0.2740853658536585,0.8509146341463415,0,0,0.23120471014492755,1.0
screening,309,15,FAMILY_B_INTERACTION_DENSITY_ONLY,B3,4093681,13186565,9a2fd323456ec640,0.10731707317073169,0.2323170731707317,0.8926829268292683,0,0,0.21161684782608695,1.0
screening,309,15,FAMILY_B_INTERACTION_DENSITY_ONLY,B4,4093681,13186565,9a2fd323456ec640,0.07642276422764216,0.20142276422764216,0.9235772357723578,0,0,0.22543025362318841,1.0
screening,309,15,FAMILY_C_CONFLICTING_INTERACTIONS,C1,4093681,13186565,9a2fd323456ec640,0.11191919191919197,0.23691919191919197,0.888080808080808,0,0,0.21161684782608695,1.0
screening,309,15,FAMILY_C_CONFLICTING_INTERACTIONS,C2,4093681,13186565,9a2fd323456ec640,0.12020356234096696,0.24520356234096696,0.879796437659033,0,0,0.22520380434782608,1.0
screening,309,15,FAMILY_C_CONFLICTING_INTERACTIONS,C3,4093681,13186565,9a2fd323456ec640,0.03958974358974365,0.16458974358974365,0.9604102564102563,0,0,0.24932065217391305,1.0
screening,309,15,FAMILY_C_CONFLICTING_INTERACTIONS,C4,4093681,13186565,9a2fd323456ec640,0.037312661498708044,0.16231266149870804,0.962687338501292,0,0,0.2494338768115942,1.0
