split,seed,episode,difficulty,step,gain,score_std,diversity,stagnation,hazard,cumulative_hazard,oracle_value,oracle_action
calibration,100,0,EASY,4,0.0,0.08339273844109513,0.29393115942028986,1,0.1619211846365075,0.6759792158496704,0.21536458333333341,CONTINUE
calibration,100,0,EASY,8,0.0,0.14605870677074587,0.31125452898550726,1,0.14975486512313074,1.3845793690398713,0.08674768518518527,CONTINUE
calibration,100,0,EASY,16,0.05617283950617291,0.16606042576524532,0.20357789855072464,0,0.10122248503100309,3.0439088953065525,0.021836419753086367,CONTINUE
calibration,100,0,EASY,32,0.0,0.20633975047014397,0.15862771739130435,4,0.28777080446969233,7.346713823194167,-0.015625,STOP
calibration,100,0,MEDIUM,4,0.0,0.08066947309917513,0.29393115942028986,1,0.1623651401290277,0.6772418179595028,0.2176675451807229,CONTINUE
calibration,100,0,MEDIUM,8,0.0,0.14795470423930498,0.3233695652173913,1,0.14793180044396054,1.3846453860059218,0.07460466867469884,CONTINUE
calibration,100,0,MEDIUM,16,0.0,0.16844676424640068,0.1949728260869565,3,0.24101754249994145,3.3995693193317424,0.00909262048192775,CONTINUE
calibration,100,0,MEDIUM,32,0.0,0.1907397301156537,0.16542119565217392,12,0.7513249321357391,10.71168711518856,-0.014231927710843369,STOP
calibration,100,0,RUGGED,4,0.0,0.05812692526169613,0.3345788043478261,1,0.16052444589479625,0.7370030269935198,0.2951580668604652,CONTINUE
calibration,100,0,RUGGED,8,0.013081395348837344,0.12086166776506291,0.4020606884057971,0,0.10788765030928105,1.3652539892748345,0.11279978197674423,CONTINUE
calibration,100,0,RUGGED,16,0.07703488372093037,0.18230789535721806,0.20889945652173914,0,0.09006485141532272,2.978176404562815,-0.015625,STOP
calibration,100,0,RUGGED,32,0.0,0.18501715639619332,0.190330615942029,16,0.8896968984779726,13.170612077939449,-0.015625,STOP
calibration,100,1,EASY,4,0.0012345679012345512,0.08558560523095518,0.36843297101449274,0,0.12160604197017788,0.612549421579513,0.21603973765432094,CONTINUE
calibration,100,1,EASY,8,0.0654320987654321,0.12997169473820527,0.24898097826086957,0,0.09690404870748234,1.3407468704261767,0.08219521604938262,CONTINUE
calibration,100,1,EASY,16,0.008024691358024638,0.157521958620165,0.2107110507246377,0,0.12566314353297647,2.974495991784628,0.024980709876543203,CONTINUE
calibration,100,1,EASY,32,0.0,0.17120910166925848,0.2112771739130435,10,0.6418199234191696,9.24779611873804,-0.015625,STOP
calibration,100,1,MEDIUM,4,0.0036144578313254128,0.08317185387678921,0.36345108695652173,0,0.12117717303074492,0.6160965802208174,0.21243411144578295,CONTINUE
calibration,100,1,MEDIUM,8,0.03524096385542175,0.1267927048037136,0.27117300724637683,0,0.10914260130225169,1.3479234109211076,0.11442018072289153,CONTINUE
calibration,100,1,MEDIUM,16,0.0,0.15654062623425236,0.24728260869565216,1,0.15641718719035982,3.134282272166399,-0.01457078313253012,STOP
calibration,100,1,MEDIUM,32,0.0,0.1626842864302751,0.21388134057971014,17,0.9122079889302991,14.025461065959863,0.00037650602409646655,CONTINUE
calibration,100,1,RUGGED,4,0.006976744186046657,0.07872471560297727,0.3506567028985507,0,0.12131776308993698,0.6243487812727297,0.20488735465116265,CONTINUE
calibration,100,1,RUGGED,8,0.06453488372093008,0.1251663550362353,0.33944746376811596,0,0.09010762710259608,1.287993294932586,0.07882449127906982,CONTINUE
calibration,100,1,RUGGED,16,0.0,0.162964113678985,0.20357789855072464,2,0.1979534359596436,3.1055170113362625,0.02291969476744181,CONTINUE
calibration,100,1,RUGGED,32,0.0,0.16453974100464372,0.21229619565217392,10,0.6434239082427778,9.409759937424266,-0.015625,STOP
calibration,100,2,EASY,4,0.020679012345679038,0.08060102007460636,0.3357110507246377,0,0.11549230218914128,0.642182864545708,0.22013888888888888,CONTINUE
calibration,100,2,EASY,8,0.0126543209876544,0.11598070688520294,0.229393115942029,0,0.12654688634942773,1.3478628020676042,0.1288194444444444,CONTINUE
calibration,100,2,EASY,16,0.0,0.18141203359105346,0.20697463768115942,1,0.15780266189879624,3.1508882722394462,0.02956211419753082,CONTINUE
calibration,100,2,EASY,32,0.0,0.14477280706830978,0.23143115942028986,14,0.8312961743658032,11.875162227103736,-0.008680555555555525,STOP
calibration,100,2,MEDIUM,4,0.02018072289156636,0.06816741818098485,0.36186594202898553,0,0.11460215697067593,0.6419947910813962,0.21411897590361428,CONTINUE
calibration,100,2,MEDIUM,8,0.09066265060240952,0.11442426011930307,0.2427536231884058,0,0.08839623990596951,1.3329339732541208,0.05748305722891564,CONTINUE
calibration,100,2,MEDIUM,16,0.07981927710843373,0.16166219149399957,0.19542572463768115,0,0.09207847550922782,3.192120351689578,0.005817018072289071,CONTINUE
calibration,100,2,MEDIUM,32,0.0,0.12743482300283662,0.20923913043478262,2,0.20388932093735712,11.355427365776023,0.01916415662650603,CONTINUE
calibration,100,2,RUGGED,4,0.0,0.06547854880383974,0.39492753623188404,1,0.15142066003736554,0.6982771063443154,0.23388444767441857,CONTINUE
calibration,100,2,RUGGED,8,0.0,0.10909604222491986,0.23312952898550723,2,0.20358370598201922,1.5345012744755828,0.12264716569767453,CONTINUE
calibration,100,2,RUGGED,16,0.0,0.13729875130145353,0.21003170289855072,5,0.34869277967344997,3.8739702092407233,0.06732376453488378,CONTINUE
calibration,100,2,RUGGED,32,0.08401162790697658,0.14658105750278477,0.19202898550724637,0,0.09212298930999355,7.837395260150235,-0.015625,STOP
calibration,100,3,EASY,4,0.055864197530864135,0.08225263603414913,0.23777173913043478,0,0.10757099750113537,0.6173565647852888,0.2131558641975309,CONTINUE
calibration,100,3,EASY,8,0.0,0.10945707640713886,0.20833333333333334,1,0.16942866663290812,1.4775270581806497,0.14122299382716041,CONTINUE
calibration,100,3,EASY,16,0.015123456790123613,0.11602119014505341,0.22475090579710144,0,0.12569250863485504,3.401672130799764,0.07435378086419742,CONTINUE
calibration,100,3,EASY,32,0.0,0.19950521706823368,0.205955615942029,13,0.786614536763881,11.409948172748983,-0.003317901234567839,STOP
calibration,100,3,MEDIUM,4,0.06174698795180722,0.08745532845890652,0.26856884057971014,0,0.10135579179087745,0.608081390448741,0.19013554216867468,CONTINUE
calibration,100,3,MEDIUM,8,0.0,0.12801925082107388,0.20765398550724637,2,0.2040328206640777,1.4732482347935034,0.07932981927710833,CONTINUE
calibration,100,3,MEDIUM,16,0.07620481927710843,0.12229219560750525,0.21365489130434784,0,0.09609129618839982,3.7463769644388494,-0.015625,STOP
calibration,100,3,MEDIUM,32,0.0,0.17337255625140616,0.2349411231884058,16,0.8866542079739584,13.912211485747282,-0.012010542168674698,STOP
calibration,100,3,RUGGED,4,0.0,0.07030206962310688,0.22395833333333334,1,0.17388773092243692,0.7070302446596339,0.2090752180232559,CONTINUE
calibration,100,3,RUGGED,8,0.0,0.10223847997497576,0.2218070652173913,1,0.1687526681620829,1.5058706284660772,0.14405886627906983,CONTINUE
calibration,100,3,RUGGED,16,0.0,0.10391084773317284,0.19802989130434784,1,0.17182856597120788,3.2666134899663684,0.07439135174418599,CONTINUE
calibration,100,3,RUGGED,32,0.0,0.1651202520714452,0.2168251811594203,13,0.791671523767547,11.283581751368235,0.01918604651162792,CONTINUE
calibration,100,4,EASY,4,0.0,0.08545919774144257,0.3901721014492754,1,0.1489673755211859,0.6587063677597845,0.21264467592592595,CONTINUE
calibration,100,4,EASY,8,0.026543209876543128,0.10867064792541135,0.3376358695652174,0,0.10902329605859247,1.476141054352009,0.1278067129629631,CONTINUE
calibration,100,4,EASY,16,0.0,0.11491485099392522,0.25509510869565216,7,0.4643125551821202,4.480879287975276,0.06398533950617283,CONTINUE
calibration,100,4,EASY,32,0.0,0.15341868200936865,0.20584239130434784,3,0.24233049414304725,9.608110681735901,0.021064814814814835,CONTINUE
calibration,100,4,MEDIUM,4,0.0,0.08305875358608163,0.3901721014492754,1,0.14933292762848485,0.6662665518172758,0.20399096385542176,CONTINUE
calibration,100,4,MEDIUM,8,0.023493975903614572,0.09451942005299738,0.32212409420289856,0,0.11374785700194448,1.5394676839083141,0.2047157379518071,CONTINUE
calibration,100,4,MEDIUM,16,0.0,0.13753937010315895,0.22735507246376813,2,0.19902451761875767,3.2329075061069905,0.07789909638554207,CONTINUE
calibration,100,4,MEDIUM,32,0.0,0.16652440877748226,0.18795289855072464,5,0.34574805050181967,7.778802956939016,0.021225527108433784,CONTINUE
calibration,100,4,RUGGED,4,0.0,0.07347180347153513,0.4204030797101449,1,0.14696962247011863,0.6734083248420596,0.20908430232558145,CONTINUE
calibration,100,4,RUGGED,8,0.019186046511627808,0.09100361693245826,0.32212409420289856,0,0.11637051267930514,1.5464368108422424,0.1916515261627907,CONTINUE
calibration,100,4,RUGGED,16,0.0,0.1233560147868011,0.2164855072463768,1,0.16596302338542215,3.2340185204214786,0.08535610465116267,CONTINUE
calibration,100,4,RUGGED,32,0.0,0.1567128303674155,0.22316576086956522,15,0.86280421928211,12.539143409282943,-0.008557412790697647,STOP
calibration,100,5,EASY,4,0.0746913580246914,0.07012212091182185,0.40002264492753625,0,0.08646152466149776,0.620671323076802,0.22716049382716041,CONTINUE
calibration,100,5,EASY,8,0.08179012345679015,0.10643868981223312,0.3172554347826087,0,0.08675370516144468,1.3558457154723458,0.13301504629629624,CONTINUE
calibration,100,5,EASY,16,0.0012345679012345512,0.13336625284149567,0.18149909420289856,0,0.1361418244893085,3.1959266103015307,0.0746527777777777,CONTINUE
calibration,100,5,EASY,32,0.0,0.17045754918904837,0.27660778985507245,13,0.7805446501450718,11.177767438440567,0.0024594907407407968,CONTINUE
calibration,100,5,MEDIUM,4,0.047891566265060304,0.07053152109958691,0.38405797101449274,0,0.09902067644932233,0.6707687728251741,0.28405496987951795,CONTINUE
calibration,100,5,MEDIUM,8,0.08343373493975903,0.09778042343551448,0.2736639492753623,0,0.09044865308536897,1.320327724168626,0.1322948042168675,CONTINUE
calibration,100,5,MEDIUM,16,0.08343373493975903,0.11977128877187883,0.24558423913043478,0,0.0905878370914455,3.303163045561505,0.016763930722891493,CONTINUE
calibration,100,5,MEDIUM,32,0.0,0.17375599181892615,0.1916893115942029,1,0.16108239356875897,8.76397504436646,-0.015625,STOP
calibration,100,5,RUGGED,4,0.0,0.06351652603238489,0.3825860507246377,1,0.15331866251260615,0.7485724247829166,0.3185138081395349,CONTINUE
calibration,100,5,RUGGED,8,0.03313953488372079,0.09264550842916269,0.2156929347826087,0,0.1199857389634031,1.4289137138388945,0.19075218023255824,CONTINUE
calibration,100,5,RUGGED,16,0.0,0.11806868349967298,0.24116847826086957,1,0.1634401909153129,3.011144978094291,0.06876816860465124,CONTINUE
calibration,100,5,RUGGED,32,0.0,0.1774828533405119,0.29562952898550726,1,0.1469646442255346,7.557738913444179,-0.012645348837209306,STOP
calibration,100,6,EASY,4,0.0,0.09127412046767486,0.3688858695652174,1,0.1507904547202636,0.6475118596825741,0.210426311728395,CONTINUE
calibration,100,6,EASY,8,0.0,0.13279149805230733,0.2729846014492754,1,0.15678660334591202,1.4752753412577482,0.12568479938271604,CONTINUE
calibration,100,6,EASY,16,0.0,0.13186412846454257,0.38654891304347827,5,0.3111419758164634,3.80799383838343,0.06105324074074081,CONTINUE
calibration,100,6,EASY,32,0.0,0.1954041514075302,0.2112771739130435,5,0.33275248125169077,7.875281470312766,-0.014467592592592594,STOP
calibration,100,6,MEDIUM,4,0.0,0.09274845318460029,0.2477355072463768,1,0.16672282164497065,0.6665068462163649,0.22402108433734935,CONTINUE
calibration,100,6,MEDIUM,8,0.0662650602409639,0.13080150187831435,0.19927536231884058,0,0.10087295709246398,1.410770126084523,0.1391660391566265,CONTINUE
calibration,100,6,MEDIUM,16,0.07259036144578324,0.17318359646265746,0.24343297101449277,0,0.08995331441624897,3.016648178132118,0.01959713855421681,CONTINUE
calibration,100,6,MEDIUM,32,0.0,0.20544871758580602,0.19769021739130435,5,0.3330930437945662,8.749749516526148,-0.015625,STOP
calibration,100,6,RUGGED,4,0.0,0.08939905360970506,0.23233695652173914,1,0.16943795511334983,0.67774499755676,0.22854287790697675,CONTINUE
calibration,100,6,RUGGED,8,0.06395348837209291,0.14102358055458375,0.22361865942028986,0,0.09862341745824398,1.3656117579183744,0.06061954941860474,CONTINUE
calibration,100,6,RUGGED,16,0.0,0.16462170159232883,0.24830163043478262,3,0.23221471598798274,3.3302418921800734,0.0647438226744186,CONTINUE
calibration,100,6,RUGGED,32,0.0,0.20308962718622145,0.2012001811594203,3,0.23238234079253714,9.527911208718997,-0.015625,STOP
calibration,100,7,EASY,4,0.04845679012345705,0.09768518433868159,0.3825860507246377,0,0.09603375962666563,0.620953712565613,0.16539351851851847,CONTINUE
calibration,100,7,EASY,8,0.0,0.12360160549648341,0.2566802536231884,4,0.28802363349817317,1.8957336168683148,0.19161844135802464,CONTINUE
calibration,100,7,EASY,16,0.0,0.13455379914011156,0.21173007246376813,1,0.16476476256449632,3.8473840959715546,0.014959490740740662,CONTINUE
calibration,100,7,EASY,32,0.0,0.1409984485082792,0.2399230072463768,10,0.6435667703192369,10.32873301331834,-0.01454475308641975,STOP
calibration,100,7,MEDIUM,4,0.030722891566265176,0.09438850751421206,0.24886775362318841,0,0.11755932940838301,0.6815753119986038,0.18949548192771076,CONTINUE
calibration,100,7,MEDIUM,8,0.0,0.12431718269355323,0.263473731884058,1,0.15940600360025672,1.503281916806357,0.13725527108433724,CONTINUE
calibration,100,7,MEDIUM,16,0.0,0.13663154556352175,0.22441123188405798,2,0.19966825053525422,3.548908444350544,0.05453689759036133,CONTINUE
calibration,100,7,MEDIUM,32,0.0,0.15815884301303484,0.1771965579710145,7,0.4707865179769916,10.949702178698598,0.007887801204819276,CONTINUE
calibration,100,7,RUGGED,4,0.03313953488372101,0.09274827318887915,0.24886775362318841,0,0.11651406714055787,0.6845448945337762,0.19968204941860457,CONTINUE
calibration,100,7,RUGGED,8,0.0,0.12382942733639811,0.263473731884058,1,0.15948444779796123,1.500893420560232,0.13548328488372083,CONTINUE
calibration,100,7,RUGGED,16,0.0,0.13479111453047196,0.22441123188405798,2,0.20002140754709694,3.5500082204798518,0.0530886627906976,CONTINUE
calibration,100,7,RUGGED,32,0.0,0.15569848837403608,0.1771965579710145,7,0.47152216760329435,10.959037856882118,0.00728561046511628,CONTINUE
calibration,100,8,EASY,4,0.05987654320987679,0.10423458069074276,0.34125905797101447,0,0.09400180999961062,0.6441649314193,0.13433641975308636,CONTINUE
calibration,100,8,EASY,8,0.0,0.13376606105639594,0.30095108695652173,3,0.229440991057237,1.5945015269122549,0.07195216049382724,CONTINUE
calibration,100,8,EASY,16,0.0,0.11776677508599084,0.21331521739130435,1,0.16733475780787008,3.5512759009257473,-0.00038580246913587357,STOP
calibration,100,8,EASY,32,0.0,0.16760460704316707,0.184669384057971,14,0.8339943892716308,12.246302209074175,0.00682870370370374,CONTINUE
calibration,100,8,MEDIUM,4,0.0560240963855424,0.10163769408213139,0.34125905797101447,0,0.09592507914573055,0.6483455627160707,0.13767884036144565,CONTINUE
calibration,100,8,MEDIUM,8,0.0,0.13055158523278,0.30095108695652173,3,0.23012367748603502,1.6018879481829098,0.07839796686746986,CONTINUE
calibration,100,8,MEDIUM,16,0.0,0.11635106720864781,0.21331521739130435,1,0.1675715988132969,3.5610204756911297,-0.0012707078313253656,STOP
calibration,100,8,MEDIUM,32,0.0,0.1654192941286604,0.184669384057971,14,0.834357133333066,12.266377647472149,0.007944277108433824,CONTINUE
calibration,100,8,RUGGED,4,0.05058139534883721,0.09809154700848621,0.34125905797101447,0,0.09868908784317755,0.6555706248278468,0.13819949127906977,CONTINUE
calibration,100,8,RUGGED,8,0.0,0.12731827825488487,0.2452445652173913,3,0.240849735635146,1.6246698595874005,0.07976017441860478,CONTINUE
calibration,100,8,RUGGED,16,0.0,0.11442952037222184,0.21331521739130435,1,0.16789349242585908,3.587037960449059,0.0014262354651163045,CONTINUE
calibration,100,8,RUGGED,32,0.0,0.15351063342350169,0.1978034420289855,14,0.834516883168245,12.331551558810002,-0.015625,STOP
calibration,100,9,EASY,4,0.0,0.09612415170856939,0.397758152173913,1,0.14640162010964258,0.6273676885183812,0.15344328703703702,CONTINUE
calibration,100,9,EASY,8,0.042592592592592626,0.10433033425796367,0.22871376811594202,0,0.11235851604440285,1.8134026920958262,0.14267939814814815,CONTINUE
calibration,100,9,EASY,16,0.0,0.13655414978607117,0.22792119565217392,4,0.29074136111259197,3.971631553230009,0.10666473765432113,CONTINUE
calibration,100,9,EASY,32,0.0,0.19250736495560278,0.1713088768115942,6,0.4007556116008934,8.924285047610361,0.022598379629629725,CONTINUE
calibration,100,9,MEDIUM,4,0.0,0.09453577605956481,0.397758152173913,1,0.14663997639175821,0.6327882975718682,0.16319653614457832,CONTINUE
calibration,100,9,MEDIUM,8,0.03644578313253022,0.1007629416629645,0.35167572463768115,0,0.10388165471311375,1.6075277806804344,0.14824924698795172,CONTINUE
calibration,100,9,MEDIUM,16,0.0,0.15403300231284606,0.2240715579710145,1,0.15990821481174577,3.236561045933141,-0.013074171686746964,STOP
calibration,100,9,MEDIUM,32,0.0,0.2088974220693028,0.18081974637681159,8,0.5171191427129017,8.934016112770998,-0.015625,STOP
calibration,100,9,RUGGED,4,0.024127906976744162,0.08590481078049972,0.39288949275362317,0,0.1074924077763003,0.6335807434735916,0.21065588662790702,CONTINUE
calibration,100,9,RUGGED,8,0.0,0.09458597141417273,0.2987998188405797,1,0.15945309085594217,1.4346336407843345,0.13534702034883717,CONTINUE
calibration,100,9,RUGGED,16,0.0,0.1627531119913024,0.20527626811594202,4,0.2889313212665411,3.434426635207849,0.008048691860465071,CONTINUE
calibration,100,9,RUGGED,32,0.0,0.19210232215958717,0.17504528985507245,13,0.793217824905628,11.433631865903784,-0.014825581395348834,STOP
calibration,100,10,EASY,4,0.0,0.10996836472419758,0.2871376811594203,1,0.15854424660942582,0.6433832723226047,0.1381558641975309,CONTINUE
calibration,100,10,EASY,8,0.0,0.12551267915967376,0.39662590579710144,3,0.2146296979563018,1.5880356630197514,0.10724344135802483,CONTINUE
calibration,100,10,EASY,16,0.0,0.15509233613717377,0.22610960144927536,1,0.15946415914611453,3.124131747231218,-0.015625,STOP
calibration,100,10,EASY,32,0.0,0.16478490106992968,0.19395380434782608,7,0.46463522897717996,10.070087196331295,-0.014467592592592594,STOP
calibration,100,10,MEDIUM,4,0.05963855421686748,0.10245321969666979,0.364356884057971,0,0.09233152877324746,0.6310041539030872,0.09110504518072288,CONTINUE
calibration,100,10,MEDIUM,8,0.0,0.11495052155180405,0.24422554347826086,4,0.29272909658926816,1.9356509299301567,0.12255271084337349,CONTINUE
calibration,100,10,MEDIUM,16,0.0,0.11942904023933822,0.2115036231884058,2,0.20508372708236833,4.180359636598313,0.06562499999999996,CONTINUE
calibration,100,10,MEDIUM,32,0.0,0.12779258529935222,0.21501358695652173,11,0.707160982994002,11.150028816359848,-0.014683734939759038,STOP
calibration,100,10,RUGGED,4,0.09912790697674434,0.08676756716011687,0.41134510869565216,0,0.07508328551101562,0.6441001267359427,0.16021984011627893,CONTINUE
calibration,100,10,RUGGED,8,0.013081395348837233,0.13671156808185847,0.2648324275362319,0,0.11980339364337812,1.358545132481248,0.11766896802325574,CONTINUE
calibration,100,10,RUGGED,16,0.0,0.16053033153584476,0.176856884057971,2,0.20270172669984116,3.180714564067929,0.040107194767441956,CONTINUE
calibration,100,10,RUGGED,32,0.013081395348837344,0.1525397248627329,0.2006340579710145,0,0.12465275968105366,11.84267893040884,0.003633720930232537,CONTINUE
calibration,100,11,EASY,4,0.06666666666666676,0.11640212266514331,0.23346920289855072,0,0.09916963622120334,0.6188603774132908,0.09031635802469135,CONTINUE
calibration,100,11,EASY,8,0.0,0.13061784913562827,0.21524003623188406,1,0.16493178455312082,1.5808780461837524,0.07336998456790117,CONTINUE
calibration,100,11,EASY,16,0.0,0.12620909605364194,0.21206974637681159,6,0.4101075809981115,4.326530088400802,0.02198109567901234,CONTINUE
calibration,100,11,EASY,32,0.0,0.14509801881575807,0.23086503623188406,1,0.16043666560325873,10.962827747855533,0.02699652777777769,CONTINUE
calibration,100,11,MEDIUM,4,0.06265060240963871,0.11310662081262288,0.23346920289855072,0,0.10133757801079621,0.6264522362290528,0.08821536144578307,CONTINUE
calibration,100,11,MEDIUM,8,0.0,0.1283916671932569,0.21524003623188406,1,0.16530004652077993,1.5909587099944142,0.07003953313252997,CONTINUE
calibration,100,11,MEDIUM,16,0.0,0.12378217116581779,0.21206974637681159,6,0.41081230911240035,4.345754457283094,0.022769201807228884,CONTINUE
calibration,100,11,MEDIUM,32,0.0,0.1402995378932128,0.23086503623188406,1,0.1612137906378367,10.99612658103408,0.026120105421686697,CONTINUE
calibration,100,11,RUGGED,4,0.05697674418604659,0.10858122397467139,0.23346920289855072,0,0.10445740619011111,0.6303257098768323,0.08468386627906976,CONTINUE
calibration,100,11,RUGGED,8,0.0,0.12570115792342446,0.20912590579710144,1,0.16659315424169102,1.503030848420423,0.061900436046511575,CONTINUE
calibration,100,11,RUGGED,16,0.0,0.11950675557544019,0.21614583333333334,3,0.24795405728038203,4.130378979197394,0.06805050872093016,CONTINUE
calibration,100,11,RUGGED,32,0.0,0.15286240794638128,0.2265625,5,0.3407401979534623,9.576125841959138,0.016724200581395246,CONTINUE
calibration,101,0,EASY,4,0.018827160493827155,0.06910197787162127,0.43376358695652173,0,0.10804944404866926,0.719367586119905,0.28386381172839503,CONTINUE
calibration,101,0,EASY,8,0.0,0.09766980385078056,0.2892889492753623,1,0.16023337038325466,1.383417529468533,0.10115740740740728,CONTINUE
calibration,101,0,EASY,16,0.0012345679012345512,0.15373711508953533,0.18738677536231885,0,0.132613687727455,3.2677963055124035,0.08527199074074068,CONTINUE
calibration,101,0,EASY,32,0.0,0.19827796799781888,0.19259510869565216,9,0.5791954057467751,9.121245498503423,-0.012268518518518522,STOP
calibration,101,0,MEDIUM,4,0.025602409638554202,0.06955385598394793,0.43455615942028986,0,0.10470252204246272,0.7172780188726113,0.27855798192771075,CONTINUE
calibration,101,0,MEDIUM,8,0.0,0.09537342014673458,0.2892889492753623,1,0.1606045155593337,1.388972986790108,0.11193524096385532,CONTINUE
calibration,101,0,MEDIUM,16,0.01716867469879524,0.17404610826850578,0.22792119565217392,0,0.11684835935213286,3.102332819471869,0.008989081325301171,CONTINUE
calibration,101,0,MEDIUM,32,0.0,0.16957667434416593,0.17289402173913043,6,0.4069988373169378,9.78344175936334,0.036295180722891576,CONTINUE
calibration,101,0,RUGGED,4,0.035174418604651314,0.0638268146885891,0.44100996376811596,0,0.10033803756917996,0.7130840952437755,0.2711482558139534,CONTINUE
calibration,101,0,RUGGED,8,0.0,0.09226634252167804,0.2892889492753623,1,0.16110779263076286,1.4009137054907024,0.12199309593023247,CONTINUE
calibration,101,0,RUGGED,16,0.020058139534883557,0.1742477141809738,0.20221920289855072,0,0.11798962130711173,3.2286850995063676,0.008920784883720959,CONTINUE
calibration,101,0,RUGGED,32,0.0,0.16735812472003483,0.17289402173913043,6,0.4076415344934692,9.925805620464727,0.03391170058139531,CONTINUE
calibration,101,1,EASY,4,0.06913580246913598,0.08417178413533678,0.45516304347826086,0,0.08303187077897538,0.5771798383146971,0.17035108024691348,CONTINUE
calibration,101,1,EASY,8,0.005555555555555314,0.11456783090597122,0.23256340579710144,0,0.13035511379635314,1.3273110967703659,0.14226466049382724,CONTINUE
calibration,101,1,EASY,16,0.0,0.12818190448971956,0.21999547101449277,1,0.1646795779187057,3.0760147128564603,0.030516975308641905,CONTINUE
calibration,101,1,EASY,32,0.0,0.15935366108719728,0.20176630434782608,15,0.864947976904728,12.488342248036329,-0.015625,STOP
calibration,101,1,MEDIUM,4,0.032228915662650515,0.09782148450988892,0.3431838768115942,0,0.107004157483431,0.5847880183371379,0.19302522590361448,CONTINUE
calibration,101,1,MEDIUM,8,0.009939759036144524,0.11749672999072425,0.24354619565217392,0,0.12628190080042292,1.32526812131686,0.13781061746987944,CONTINUE
calibration,101,1,MEDIUM,16,0.0,0.13702446888440492,0.21705163043478262,5,0.3471748030014524,3.6054036624773307,0.011841114457831339,CONTINUE
calibration,101,1,MEDIUM,32,0.01716867469879524,0.1749829122977615,0.2073143115942029,0,0.11887393155343552,9.681652368060437,0.007925451807228943,CONTINUE
calibration,101,1,RUGGED,4,0.015697674418604812,0.06689552484193595,0.43908514492753625,0,0.10930614592528348,0.6768523877677093,0.2622093023255813,CONTINUE
calibration,101,1,RUGGED,8,0.09011627906976738,0.09997883553182264,0.3443161231884058,0,0.08204563048327544,1.3497797199042463,0.10478742732558141,CONTINUE
calibration,101,1,RUGGED,16,0.006976744186046324,0.11572378060015559,0.1983695652173913,0,0.13329640079506386,3.2757958296567944,0.053797238372093104,CONTINUE
calibration,101,1,RUGGED,32,0.020058139534883668,0.1515170898353528,0.2218070652173913,0,0.11879214216956598,8.081561396220803,0.057430959302325627,CONTINUE
calibration,101,2,EASY,4,0.012654320987654288,0.07598094905751218,0.23120471014492755,0,0.13174085466250915,0.6525381614195667,0.22858796296296308,CONTINUE
calibration,101,2,EASY,8,0.033333333333333326,0.09702048385935275,0.2271286231884058,0,0.11813407012798827,1.4513328216013672,0.15021219135802483,CONTINUE
calibration,101,2,EASY,16,0.0,0.14927639654228558,0.2416213768115942,1,0.1583238032008489,3.179080172348805,0.020978009259259314,CONTINUE
calibration,101,2,EASY,32,0.0,0.16011233146983261,0.18829257246376813,6,0.40602382470024156,9.275481713690613,-0.01462191358024691,STOP
calibration,101,2,MEDIUM,4,0.009939759036144635,0.07448027665698773,0.23120471014492755,0,0.13350934634503578,0.65660903900466,0.21299887048192778,CONTINUE
calibration,101,2,MEDIUM,8,0.02379518072289155,0.09516548982616312,0.24150815217391305,0,0.12188681348429173,1.4517661966138726,0.12338102409638554,CONTINUE
calibration,101,2,MEDIUM,16,0.01957831325301196,0.144241200085258,0.25,0,0.11701759081992912,3.3352432049081298,0.04266754518072298,CONTINUE
calibration,101,2,MEDIUM,32,0.0,0.1558941044487125,0.2151268115942029,6,0.40078394437248044,7.926985067657082,-0.01479668674698795,STOP
calibration,101,2,RUGGED,4,0.06395348837209314,0.07937615496908135,0.22192028985507245,0,0.10555803565035729,0.6187434280239784,0.11150981104651164,CONTINUE
calibration,101,2,RUGGED,8,0.0,0.09178883282514738,0.23528079710144928,2,0.20661894199051956,1.6210317955328208,0.14603015988372103,CONTINUE
calibration,101,2,RUGGED,16,0.0,0.18271245441389408,0.2642663043478261,1,0.15013772727047187,3.4499875755506393,-0.015625,STOP
calibration,101,2,RUGGED,32,0.0,0.1565010822732379,0.24603713768115942,17,0.9102067171058275,14.313213822118064,-0.01315406976744185,STOP
calibration,101,3,EASY,4,0.0,0.09130354770206837,0.3979846014492754,1,0.1470975937917026,0.6968094546351694,0.2164448302469138,CONTINUE
calibration,101,3,EASY,8,0.01388888888888884,0.14147798192383884,0.267776268115942,0,0.11847052001574046,1.3638378139441967,0.06741898148148151,CONTINUE
calibration,101,3,EASY,16,0.012654320987654288,0.15177999297111136,0.22724184782608695,0,0.1221045950012068,3.113396696064669,0.019859182098765332,CONTINUE
calibration,101,3,EASY,32,0.0,0.1816080187786764,0.16802536231884058,15,0.8657677312026986,12.400479422050635,-0.015625,STOP
calibration,101,3,MEDIUM,4,0.0,0.08751647913718089,0.3979846014492754,1,0.14766865891393927,0.6993308339251515,0.2152014307228916,CONTINUE
calibration,101,3,MEDIUM,8,0.013554216867469826,0.14013932482412453,0.267776268115942,0,0.11881347023619362,1.3686518268308001,0.06627447289156632,CONTINUE
calibration,101,3,MEDIUM,16,0.009939759036144524,0.14955657144896553,0.22724184782608695,0,0.12385625303500697,3.1271674226378554,0.02210090361445781,CONTINUE
calibration,101,3,MEDIUM,32,0.0,0.1861794938231632,0.16451539855072464,2,0.19973829973167237,10.488166832451933,-0.015625,STOP
calibration,101,3,RUGGED,4,0.01947674418604639,0.08723329420064309,0.3504302536231884,0,0.11380062622472337,0.6573630931193339,0.197592659883721,CONTINUE
calibration,101,3,RUGGED,8,0.05959302325581395,0.13334646124242844,0.263473731884058,0,0.09784033496543061,1.3785070537470527,0.12519077034883722,CONTINUE
calibration,101,3,RUGGED,16,0.0,0.1321482734518394,0.21637228260869565,6,0.4073454198684605,4.066015007236437,0.0632994186046511,CONTINUE
calibration,101,3,RUGGED,32,0.0,0.1806577680454527,0.19259510869565216,1,0.15984464715232752,8.497364269869232,0.007630813953488413,CONTINUE
calibration,101,4,EASY,4,0.0,0.07567798629436451,0.40806159420289856,3,0.22289491167189446,0.9810465349835465,0.19584297839506176,CONTINUE
calibration,101,4,EASY,8,0.0,0.13476737961668864,0.4010416666666667,2,0.17325060038017015,1.7168832774030829,0.07976466049382719,CONTINUE
calibration,101,4,EASY,16,0.0,0.15372410234429174,0.20142663043478262,3,0.24307473915596306,3.653740812568295,0.028086419753086372,CONTINUE
calibration,101,4,EASY,32,0.0,0.14425411073221026,0.25158514492753625,10,0.6399875069928399,11.41580852214566,0.0023919753086418805,CONTINUE
calibration,101,4,MEDIUM,4,0.0,0.07367608395627104,0.40806159420289856,3,0.22331129471066077,0.9826174970100434,0.21755459337349392,CONTINUE
calibration,101,4,MEDIUM,8,0.0,0.12438946070069741,0.40658967391304346,1,0.14113958738937765,1.6579566190560395,0.0988987198795181,CONTINUE
calibration,101,4,MEDIUM,16,0.0,0.12267081089842138,0.15794836956521738,1,0.17434321120106736,3.591127392532479,0.05797251506024098,CONTINUE
calibration,101,4,MEDIUM,32,0.0,0.16355548035732967,0.23822463768115942,3,0.23424562511174032,9.137702545369171,0.016133283132530166,CONTINUE
calibration,101,4,RUGGED,4,0.000581395348837277,0.07701944743050729,0.4407835144927536,0,0.1154630391974826,0.8381834583790562,0.22099382267441847,CONTINUE
calibration,101,4,RUGGED,8,0.0840116279069767,0.11573837670101364,0.3127264492753623,0,0.08535861790230931,1.4594727612506195,0.06553415697674411,CONTINUE
calibration,101,4,RUGGED,16,0.0,0.150845594328192,0.1333786231884058,1,0.17301713544685277,3.8157193740429705,0.007658066860465076,CONTINUE
calibration,101,4,RUGGED,32,0.0,0.16019191166356297,0.22339221014492755,11,0.6972797319204037,11.1880096090786,0.005886627906976749,CONTINUE
calibration,101,5,EASY,4,0.04012345679012341,0.06490570937123824,0.2845335144927536,0,0.1127416134791447,0.6376513342893363,0.2475501543209876,CONTINUE
calibration,101,5,EASY,8,0.011419753086419737,0.10121935095389441,0.3713768115942029,0,0.11405856553013706,1.3262573577838583,0.19840856481481495,CONTINUE
calibration,101,5,EASY,16,0.0,0.18086556363513065,0.21920289855072464,1,0.15627074928530485,3.0280833961699223,0.06929012345679006,CONTINUE
calibration,101,5,EASY,32,0.08179012345679004,0.19242925627324936,0.1949728260869565,0,0.08827845411363755,7.540198091545505,-0.015625,STOP
calibration,101,5,MEDIUM,4,0.029518072289156594,0.06005171154007346,0.4310461956521739,0,0.10426595861051478,0.6211506808488173,0.22246799698795183,CONTINUE
calibration,101,5,MEDIUM,8,0.0,0.10637380810241243,0.33061594202898553,1,0.15338895208015077,1.3348682139018797,0.13621046686747,CONTINUE
calibration,101,5,MEDIUM,16,0.013554216867470048,0.16216790421782187,0.24320652173913043,0,0.11861839658166859,2.8487448679592045,0.0766001506024096,CONTINUE
calibration,101,5,MEDIUM,32,0.0,0.1573562969864667,0.1916893115942029,1,0.1637595677948255,7.372036304631503,-0.011869352409638559,STOP
calibration,101,5,RUGGED,4,0.07761627906976742,0.06048949145933193,0.4132699275362319,0,0.08518171025911174,0.6129461834406073,0.15569585755813956,CONTINUE
calibration,101,5,RUGGED,8,0.0,0.09715205554174056,0.3117074275362319,1,0.15732204789347212,1.392291353550617,0.12928779069767432,CONTINUE
calibration,101,5,RUGGED,16,0.0,0.14784396446276635,0.22169384057971014,2,0.19795791913115274,3.079181113115054,0.02570857558139529,CONTINUE
calibration,101,5,RUGGED,32,0.0,0.16407867321795133,0.17764945652173914,13,0.7982602441900666,11.498557032003571,-0.015625,STOP
calibration,101,6,EASY,4,0.0,0.07742279554554413,0.27004076086956524,1,0.16617970873345847,0.7029608080407997,0.18951581790123462,CONTINUE
calibration,101,6,EASY,8,0.0342592592592591,0.09747817517686166,0.2914402173913043,0,0.11108456749368166,1.6691680897569687,0.13018904320987656,CONTINUE
calibration,101,6,EASY,16,0.061111111111111116,0.08881421900017396,0.20640851449275363,0,0.10730773939985422,3.5289143672259815,0.016097608024691262,CONTINUE
calibration,101,6,EASY,32,0.0,0.12062752540208106,0.2103713768115942,7,0.4737430744727728,9.663037834616768,0.02527970679012341,CONTINUE
calibration,101,6,MEDIUM,4,0.0,0.07973026213879239,0.3119338768115942,1,0.16008306122123192,0.6980059432674478,0.2225056475903614,CONTINUE
calibration,101,6,MEDIUM,8,0.0,0.10873644551196848,0.22565670289855072,1,0.1671251528280427,1.5280438805741656,0.19751506024096377,CONTINUE
calibration,101,6,MEDIUM,16,0.0,0.12668651862143557,0.21671195652173914,1,0.16537929553809153,3.333801217428179,0.009986822289156608,CONTINUE
calibration,101,6,MEDIUM,32,0.0,0.16232107955474123,0.20244565217391305,7,0.4632586092375948,10.228365064399192,-0.010504518072289151,STOP
calibration,101,6,RUGGED,4,0.0,0.07185753654506563,0.25373641304347827,1,0.16938875696197148,0.7064594252524476,0.1970839389534884,CONTINUE
calibration,101,6,RUGGED,8,0.08866279069767435,0.09205922314261103,0.3294836956521739,0,0.08445747058486777,1.8401424669343283,0.08135901162790704,CONTINUE
calibration,101,6,RUGGED,16,0.0,0.10486744569602797,0.19134963768115942,1,0.17261726672923577,3.602671994043226,0.007512718023255892,CONTINUE
calibration,101,6,RUGGED,32,0.0,0.1382976406647242,0.17753623188405798,15,0.8706261735394156,13.029456372401508,-0.01460755813953488,STOP
calibration,101,7,EASY,4,0.0,0.08762667952757906,0.39311594202898553,3,0.22300010767849282,0.9670500310545889,0.20778356481481491,CONTINUE
calibration,101,7,EASY,8,0.0,0.13715188727598562,0.38383152173913043,1,0.1420442633426702,1.6388621649172144,0.09145447530864206,CONTINUE
calibration,101,7,EASY,16,0.0,0.1664069267747726,0.2717391304347826,2,0.1867257466797987,3.499830985146945,0.052256944444444536,CONTINUE
calibration,101,7,EASY,32,0.0,0.18286100406564193,0.19667119565217392,1,0.1589442547551646,9.038620206763687,-0.015625,STOP
calibration,101,7,MEDIUM,4,0.0,0.08926495369236616,0.377151268115942,3,0.22543508728040243,0.9781134693887279,0.1909262048192772,CONTINUE
calibration,101,7,MEDIUM,8,0.031024096385542266,0.14498131027601288,0.2930253623188406,0,0.10696506487109839,1.6685718877012556,0.1316923945783132,CONTINUE
calibration,101,7,MEDIUM,16,0.0,0.1687472049763839,0.2421875,7,0.451482110208787,4.575810294580331,0.07492469879518082,CONTINUE
calibration,101,7,MEDIUM,32,0.0,0.1604734452461129,0.1930480072463768,12,0.7529454945120612,12.647726011566052,-0.015625,STOP
calibration,101,7,RUGGED,4,0.008430232558139683,0.09449370002884593,0.38790760869565216,0,0.11471577426333722,0.8358250685269097,0.1768895348837209,CONTINUE
calibration,101,7,RUGGED,8,0.013953488372092981,0.13230306383392407,0.2505661231884058,0,0.12141510535642715,1.6512615925813905,0.11696947674418598,CONTINUE
calibration,101,7,RUGGED,16,0.006976744186046435,0.16139149819826099,0.23086503623188406,0,0.12352998702785169,3.260352339098682,0.02136627906976743,CONTINUE
calibration,101,7,RUGGED,32,0.0,0.16111158579414567,0.20074728260869565,1,0.16191049968756466,10.644085140426123,0.007539970930232516,CONTINUE
calibration,101,8,EASY,4,0.0,0.11476339754266711,0.22033514492753623,2,0.20455721233003105,0.8135727514832182,0.14054783950617292,CONTINUE
calibration,101,8,EASY,8,0.09320987654321,0.12352428643496373,0.24128170289855072,0,0.08662482935686712,1.6462491081792603,0.012895447530864135,CONTINUE
calibration,101,8,EASY,16,0.0,0.15616781939747731,0.21139039855072464,5,0.3432618581573033,4.1083066601099585,0.039679783950617234,CONTINUE
calibration,101,8,EASY,32,0.0,0.18613819244568383,0.22758152173913043,2,0.18985581033509677,11.068556208634051,-0.015625,STOP
calibration,101,8,MEDIUM,4,0.0,0.11268628988580182,0.22033514492753623,2,0.2049630792959071,0.8158807559545423,0.1373023343373495,CONTINUE
calibration,101,8,MEDIUM,8,0.08614457831325306,0.11929044953883693,0.24128170289855072,0,0.089875736406023,1.6531472708702457,0.014533132530120424,CONTINUE
calibration,101,8,MEDIUM,16,0.0,0.15364201197135294,0.21139039855072464,5,0.3439454632772384,4.121653941995401,0.044145331325301115,CONTINUE
calibration,101,8,MEDIUM,32,0.0,0.1823678881250966,0.22758152173913043,2,0.19055268224140762,11.09033539885678,-0.015625,STOP
calibration,101,8,RUGGED,4,0.0,0.10987105237801269,0.22033514492753623,2,0.20551413041972194,0.8211573863112032,0.12705305232558137,CONTINUE
calibration,101,8,RUGGED,8,0.07616279069767451,0.11337387816519272,0.24128170289855072,0,0.09464926489274733,1.6720086108957921,0.017514534883720928,CONTINUE
calibration,101,8,RUGGED,16,0.0,0.1502058590861238,0.21139039855072464,5,0.34487649008054416,4.147451761395557,0.050972020348837216,CONTINUE
calibration,101,8,RUGGED,32,0.0,0.1658701315212599,0.2262228260869565,3,0.23590427203896103,12.385988943941289,0.013481104651162777,CONTINUE
calibration,101,9,EASY,4,0.0126543209876544,0.09576907004974357,0.3860960144927536,0,0.112616350124496,0.6171037966503038,0.2133969907407406,CONTINUE
calibration,101,9,EASY,8,0.0,0.11178763446583953,0.2949501811594203,3,0.2352148950446648,1.5612406766956213,0.09281442901234555,CONTINUE
calibration,101,9,EASY,16,0.012654320987654288,0.11737592054984436,0.23482789855072464,0,0.12576318849680454,3.4244996438949453,0.013020833333333315,CONTINUE
calibration,101,9,EASY,32,0.01388888888888895,0.15386632913089124,0.19293478260869565,0,0.12487878930160748,8.782657243573514,0.009895833333333305,CONTINUE
calibration,101,9,MEDIUM,4,0.06445783132530114,0.09528261887267017,0.3482789855072464,0,0.09238067068739757,0.5956448752596831,0.19354292168674703,CONTINUE
calibration,101,9,MEDIUM,8,0.0,0.09891631028572226,0.33718297101449274,1,0.15369853180505022,1.3478528720996534,0.1720914909638554,CONTINUE
calibration,101,9,MEDIUM,16,0.0,0.12490153475651167,0.2134284420289855,4,0.2966481968108282,3.357730409166052,0.08263365963855428,CONTINUE
calibration,101,9,MEDIUM,32,0.0,0.19323046221491025,0.21524003623188406,3,0.23198855605792043,7.555477210048188,-0.015625,STOP
calibration,101,9,RUGGED,4,0.006104651162790797,0.08994235359855558,0.35280797101449274,0,0.12012340755469415,0.643481930354043,0.2580668604651163,CONTINUE
calibration,101,9,RUGGED,8,0.006104651162790686,0.1026033509243177,0.3446557971014493,0,0.11938120352439485,1.3509138383861676,0.16232739825581396,CONTINUE
calibration,101,9,RUGGED,16,0.0,0.13818887765662732,0.22305253623188406,2,0.19958674815761532,2.9258957382523616,-0.006231831395348851,STOP
calibration,101,9,RUGGED,32,0.0,0.17450523686637331,0.20301177536231885,5,0.3401966373652609,10.934368923836985,-0.015625,STOP
calibration,101,10,EASY,4,0.01388888888888895,0.056994811155596674,0.3351449275362319,0,0.12206882840813257,0.6770028658595513,0.28202160493827155,CONTINUE
calibration,101,10,EASY,8,0.06790123456790131,0.12934116052687286,0.2616621376811594,0,0.09480075527220226,1.320929683685145,0.07165316358024687,CONTINUE
calibration,101,10,EASY,16,0.0,0.16672434794724725,0.18308423913043478,1,0.1633988271020014,3.2747209620686273,0.01689814814814814,CONTINUE
calibration,101,10,EASY,32,0.008024691358024638,0.155021831068539,0.20833333333333334,0,0.1262552109586143,10.387690749027712,0.017544367283950653,CONTINUE
calibration,101,10,MEDIUM,4,0.013554216867469937,0.05782844369459295,0.3351449275362319,0,0.12214097095223723,0.679485522922638,0.2761954066265059,CONTINUE
calibration,101,10,MEDIUM,8,0.06626506024096379,0.12690132982232782,0.252151268115942,0,0.09658503597208719,1.3176716156325488,0.06621799698795186,CONTINUE
calibration,101,10,MEDIUM,16,0.0,0.1443004640434411,0.22271286231884058,1,0.16166744900821411,3.2850609649210494,0.019135918674698778,CONTINUE
calibration,101,10,MEDIUM,32,0.0,0.15988621229862657,0.17538496376811594,8,0.5331392419671022,9.116197139119514,-0.0074548192771084,STOP
calibration,101,10,RUGGED,4,0.04534883720930227,0.05946983687357032,0.27445652173913043,0,0.11179214258246685,0.7032676419694441,0.22189316860465108,CONTINUE
calibration,101,10,RUGGED,8,0.07761627906976742,0.10753780227866742,0.330955615942029,0,0.08721831630726111,1.3969961917220313,0.14306867732558143,CONTINUE
calibration,101,10,RUGGED,16,0.09098837209302324,0.162232342021865,0.23562047101449277,0,0.08430507894695298,2.9325642617901724,-0.015625,STOP
calibration,101,10,RUGGED,32,0.0,0.14956976630874547,0.21557971014492755,16,0.8913820622120269,13.037365014143937,-0.015625,STOP
calibration,101,11,EASY,4,0.0830246913580247,0.0738767438690099,0.36684782608695654,0,0.0854404160628266,0.6834774622151804,0.22350501543209877,CONTINUE
calibration,101,11,EASY,8,0.0,0.10417902113902758,0.22667572463768115,2,0.20559412499146076,1.5239925090473323,0.10750385802469131,CONTINUE
calibration,101,11,EASY,16,0.0,0.12889330358982115,0.24060235507246377,5,0.34405524740780513,4.1918787604931005,0.06756365740740736,CONTINUE
calibration,101,11,EASY,32,0.0,0.15899924041472993,0.25622735507246375,3,0.23200461798182623,8.355922449197822,0.03614004629629636,CONTINUE
calibration,101,11,MEDIUM,4,0.08343373493975892,0.07277275681246756,0.36684782608695654,0,0.08538413795122576,0.6865785049010926,0.21669804216867472,CONTINUE
calibration,101,11,MEDIUM,8,0.0,0.10183024429830441,0.22667572463768115,2,0.20605484427032753,1.5289482534319414,0.11180346385542173,CONTINUE
calibration,101,11,MEDIUM,16,0.0,0.14814127740491556,0.2189764492753623,2,0.19833298271813443,3.463070095906012,0.008273719879517957,CONTINUE
calibration,101,11,MEDIUM,32,0.0,0.14915845966802166,0.2168251811594203,8,0.5260226326309387,9.674445007687414,0.019521837349397678,CONTINUE
calibration,101,11,RUGGED,4,0.027034883720930214,0.07351872285526875,0.4157608695652174,0,0.10534874500157505,0.691441135828685,0.26873183139534884,CONTINUE
calibration,101,11,RUGGED,8,0.0,0.07950408583210164,0.2675498188405797,3,0.24732044753900506,1.6840928830701782,0.17835210755813952,CONTINUE
calibration,101,11,RUGGED,16,0.07703488372093026,0.1328714957853251,0.2929121376811594,0,0.08806188293016672,3.6965864373713817,0.05865734011627907,CONTINUE
calibration,101,11,RUGGED,32,0.0,0.17820865979579104,0.23063858695652173,2,0.19085116685697262,9.056706923365548,-0.015625,STOP
calibration,102,0,EASY,4,0.07499999999999996,0.08919637296720695,0.35314764492753625,0,0.08825071139773401,0.6354483655506608,0.22005208333333337,CONTINUE
calibration,102,0,EASY,8,0.08179012345679015,0.11467017453922225,0.20176630434782608,0,0.09549437909541288,1.4733240228433522,0.13774112654320986,CONTINUE
calibration,102,0,EASY,16,0.08179012345679015,0.13138578847587676,0.22735507246376813,0,0.09162370934703139,3.5662937658813116,0.06754436728395058,CONTINUE
calibration,102,0,EASY,32,0.0,0.1846809904206078,0.21976902173913043,4,0.280620419636445,8.03576869134866,0.009394290123456796,CONTINUE
calibration,102,0,MEDIUM,4,0.017168674698795017,0.08583093982149699,0.3351449275362319,0,0.11670751746631178,0.6074723482776279,0.20480045180722894,CONTINUE
calibration,102,0,MEDIUM,8,0.06626506024096368,0.11405010430293966,0.32608695652173914,0,0.09159843198519162,1.4103818526482321,0.12431287650602418,CONTINUE
calibration,102,0,MEDIUM,16,0.06265060240963849,0.13588343686179105,0.2368659420289855,0,0.09857323053492438,4.018917477673972,0.016660391566265045,CONTINUE
calibration,102,0,MEDIUM,32,0.0,0.18403770393244506,0.16326992753623187,1,0.16326740347120614,8.217913912478252,-0.015625,STOP
calibration,102,0,RUGGED,4,0.08401162790697692,0.09251282853835202,0.3367300724637681,0,0.0856610115464189,0.5701220910809417,0.14382267441860458,CONTINUE
calibration,102,0,RUGGED,8,0.0,0.11943572332411605,0.20980525362318841,1,0.1675448706839079,1.507411984338963,0.11361736918604654,CONTINUE
calibration,102,0,RUGGED,16,0.013081395348837233,0.1484619965617538,0.22995923913043478,0,0.12201124089396888,3.2675188098380947,0.014126090116279154,CONTINUE
calibration,102,0,RUGGED,32,0.0,0.18495070155920237,0.19089673913043478,7,0.4593803213215693,8.547918730202975,-0.015625,STOP
calibration,102,1,EASY,4,0.0,0.07090505945284237,0.365036231884058,2,0.18998274414349034,0.8261466940263975,0.24456018518518507,CONTINUE
calibration,102,1,EASY,8,0.0,0.11091191608552706,0.294044384057971,1,0.15747472622306347,1.5393036289184274,0.13453896604938265,CONTINUE
calibration,102,1,EASY,16,0.0,0.1309270573172459,0.20403079710144928,4,0.29710054000351455,3.652195320046857,0.004918981481481496,CONTINUE
calibration,102,1,EASY,32,0.0,0.1648660179044344,0.26098278985507245,6,0.38726531268995157,8.528062868891965,-0.005979938271604954,STOP
calibration,102,1,MEDIUM,4,0.0,0.07011992054477477,0.365036231884058,2,0.19012777586814592,0.8266511442448723,0.22975338855421668,CONTINUE
calibration,102,1,MEDIUM,8,0.0,0.11241441494976058,0.3086503623188406,1,0.1553098578307922,1.538041484434934,0.1301769578313252,CONTINUE
calibration,102,1,MEDIUM,16,0.0,0.1294741975279976,0.20403079710144928,4,0.29746475275422124,3.6571276199786613,0.005101656626505968,CONTINUE
calibration,102,1,MEDIUM,32,0.0,0.16428719980989592,0.26098278985507245,6,0.3874301435033003,8.535969116431483,-0.0052334337349397506,STOP
calibration,102,1,RUGGED,4,0.07703488372093048,0.08229021901317411,0.35190217391304346,0,0.08819910326705233,0.7158271090219309,0.22009447674418586,CONTINUE
calibration,102,1,RUGGED,8,0.0,0.12212093566963046,0.3085371376811594,1,0.15380265768609222,1.4983046704635232,0.13354832848837206,CONTINUE
calibration,102,1,RUGGED,16,0.0,0.13754180608258032,0.20187952898550723,1,0.16562873796566696,3.152323997404397,0.0023528343023256904,CONTINUE
calibration,102,1,RUGGED,32,0.0,0.15332436940313635,0.22894021739130435,10,0.6426927094554332,10.234780627898196,-0.015625,STOP
calibration,102,2,EASY,4,0.061111111111111116,0.08228270893786567,0.32189764492753625,0,0.09742293242590044,0.7303443147067569,0.21304012345679008,CONTINUE
calibration,102,2,EASY,8,0.07499999999999984,0.11266949882604786,0.20957880434782608,0,0.09798805290905131,1.6036894100098111,0.13779899691358036,CONTINUE
calibration,102,2,EASY,16,0.05154320987654304,0.15522893058135395,0.18682065217391305,0,0.10613798561761177,3.410458546843258,0.028877314814814953,CONTINUE
calibration,102,2,EASY,32,0.0,0.1552573822845082,0.19372735507246377,10,0.6502103122624393,9.785410143419798,-0.0007330246913580113,STOP
calibration,102,2,MEDIUM,4,0.05722891566265065,0.08031336145498545,0.32189764492753625,0,0.09935442922715214,0.7326992153254326,0.19900225903614444,CONTINUE
calibration,102,2,MEDIUM,8,0.0731927710843373,0.11187709869173429,0.20957880434782608,0,0.09887432093048826,1.6052945227271955,0.1335090361445783,CONTINUE
calibration,102,2,MEDIUM,16,0.04548192771084314,0.15302514134602066,0.18682065217391305,0,0.10930494710825713,3.4195218920611365,0.0345914909638555,CONTINUE
calibration,102,2,MEDIUM,32,0.0,0.15568790273701505,0.19372735507246377,10,0.6500928036811722,9.795423842131235,-0.00020707831325300283,STOP
calibration,102,2,RUGGED,4,0.051744186046511764,0.07764725610536341,0.32189764492753625,0,0.10212848674862762,0.7361386239236595,0.20018168604651154,CONTINUE
calibration,102,2,RUGGED,8,0.0,0.10619255135283855,0.2210144927536232,1,0.16819898222120255,1.7033119147260045,0.21138263081395348,CONTINUE
calibration,102,2,RUGGED,16,0.0,0.15134627493340364,0.2034646739130435,2,0.20019433592832328,3.4719158772818117,0.05457848837209306,CONTINUE
calibration,102,2,RUGGED,32,0.0,0.14555901662113893,0.15613677536231885,9,0.6032899832594228,10.347611853220503,0.0014898255813953765,CONTINUE
calibration,102,3,EASY,4,0.03024691358024678,0.11001928410311441,0.317481884057971,0,0.10902495746342526,0.6904723679519207,0.2045428240740742,CONTINUE
calibration,102,3,EASY,8,0.0,0.11763855516958899,0.283401268115942,2,0.19394653678795126,1.586735779184581,0.18864776234567898,CONTINUE
calibration,102,3,EASY,16,0.0,0.15771751689751165,0.2675498188405797,4,0.27751717215227656,3.507699674173729,0.07931134259259254,CONTINUE
calibration,102,3,EASY,32,0.0,0.16124230228963393,0.22950634057971014,10,0.6403774817193016,11.434027819888586,-0.0035976080246914385,STOP
calibration,102,3,MEDIUM,4,0.034337349397590367,0.10650862023373414,0.317481884057971,0,0.1074574746491331,0.6901049610108053,0.2116152108433736,CONTINUE
calibration,102,3,MEDIUM,8,0.0,0.1132073720797374,0.27898550724637683,3,0.23778996797382268,1.7563273884502029,0.2048381024096385,CONTINUE
calibration,102,3,MEDIUM,16,0.0030120481927710108,0.13853168606096752,0.317481884057971,0,0.1193310581316667,3.7338874284435093,0.09064382530120488,CONTINUE
calibration,102,3,MEDIUM,32,0.0,0.15272859703879246,0.22894021739130435,5,0.3402423228312254,8.774732661750306,0.07360692771084332,CONTINUE
calibration,102,3,RUGGED,4,0.039244186046511476,0.10202271235918402,0.3207653985507246,0,0.10532463554617172,0.6918012230924706,0.21922238372093034,CONTINUE
calibration,102,3,RUGGED,8,0.0,0.11031354350185246,0.27921195652173914,3,0.23837881914267298,1.7562715258847548,0.20370639534883717,CONTINUE
calibration,102,3,RUGGED,16,0.013081395348837233,0.13147400901693407,0.25769927536231885,0,0.12122558658504119,3.555299424857844,0.12262899709302319,CONTINUE
calibration,102,3,RUGGED,32,0.0,0.16185811650833928,0.19995471014492755,3,0.24155291955963776,9.341884305998247,0.0015897529069768199,CONTINUE
calibration,102,4,EASY,4,0.061111111111111116,0.08597045720339874,0.389945652173913,0,0.09123352279390522,0.6237200405821248,0.22057291666666667,CONTINUE
calibration,102,4,EASY,8,0.09691358024691354,0.12855762391719125,0.2764945652173913,0,0.0820110307326572,1.2740899733878472,0.04818672839506176,CONTINUE
calibration,102,4,EASY,16,0.0,0.18238072060310961,0.2959692028985507,7,0.43417772613514766,4.243748078101111,0.07074652777777782,CONTINUE
calibration,102,4,EASY,32,0.0,0.1762233346779954,0.1949728260869565,7,0.46096936273929123,9.779280521832407,-0.015625,STOP
calibration,102,4,MEDIUM,4,0.05963855421686737,0.08673084840283975,0.389945652173913,0,0.09176973014512578,0.6227888555996681,0.21405308734939765,CONTINUE
calibration,102,4,MEDIUM,8,0.09698795180722886,0.1283359135509163,0.2764945652173913,0,0.0820030655048055,1.2736461201876987,0.04805158132530128,CONTINUE
calibration,102,4,MEDIUM,16,0.0,0.1917673163200944,0.26403985507246375,1,0.148785227344734,3.5521398091312624,0.029838102409638544,CONTINUE
calibration,102,4,MEDIUM,32,0.0,0.1810010718633099,0.19146286231884058,8,0.5228181022302165,9.594602174565004,0.021065512048192833,CONTINUE
calibration,102,4,RUGGED,4,0.05697674418604659,0.08155195916461937,0.3930027173913043,0,0.09315145038725622,0.6403388228506808,0.2108194040697675,CONTINUE
calibration,102,4,RUGGED,8,0.006104651162790686,0.09823715905193543,0.26120923913043476,0,0.1290238766735105,1.4167367056382023,0.13879905523255814,CONTINUE
calibration,102,4,RUGGED,16,0.0,0.15255471257258912,0.2246376811594203,1,0.16007053768711313,3.2910404321345674,0.0730922965116279,CONTINUE
calibration,102,4,RUGGED,32,0.0,0.16357025372752995,0.1796875,11,0.7055831898387398,10.227402170551388,-0.015625,STOP
calibration,102,5,EASY,4,0.06666666666666665,0.08696892491475404,0.3836050724637681,0,0.0893741096485959,0.6094270927189248,0.20648148148148138,CONTINUE
calibration,102,5,EASY,8,0.06234567901234578,0.11666138189233856,0.358695652173913,0,0.09026383841048731,1.3420644621034465,0.12904128086419753,CONTINUE
calibration,102,5,EASY,16,0.0,0.18633844386078213,0.2181838768115942,2,0.19126830838383,2.9935134085231114,0.009336419753086383,CONTINUE
calibration,102,5,EASY,32,0.0,0.17921535888891518,0.22305253623188406,1,0.1560244279231405,10.50580720333125,-0.015625,STOP
calibration,102,5,MEDIUM,4,0.03734939759036149,0.08725032103822798,0.2583786231884058,0,0.11406996455753497,0.6412975073288552,0.21039156626506006,CONTINUE
calibration,102,5,MEDIUM,8,0.037349397590361266,0.1170299488820693,0.29846014492753625,0,0.10662931976925066,1.4144258784000054,0.12246799698795185,CONTINUE
calibration,102,5,MEDIUM,16,0.0,0.17765135778556737,0.20822010869565216,2,0.19444192933891719,3.091787109043875,0.004574548192770991,CONTINUE
calibration,102,5,MEDIUM,32,0.0,0.18403626739290777,0.21274909420289856,3,0.23440684945588613,8.539385881219925,-0.015625,STOP
calibration,102,5,RUGGED,4,0.10465116279069786,0.07788846603238235,0.33412590579710144,0,0.0793765675386554,0.6313325788163133,0.19728379360465098,CONTINUE
calibration,102,5,RUGGED,8,0.07063953488372088,0.11227542775445466,0.22259963768115942,0,0.09880906257214876,1.3849315255877281,0.07288335755813946,CONTINUE
calibration,102,5,RUGGED,16,0.0,0.1810297055530563,0.22995923913043478,2,0.19043365126496223,3.187264585654212,0.008993459302325549,CONTINUE
calibration,102,5,RUGGED,32,0.0,0.1733284117702256,0.20935235507246377,8,0.520651632048845,10.5341425598589,0.0004360465116278814,CONTINUE
calibration,102,6,EASY,4,0.01388888888888884,0.07178764607897219,0.2050498188405797,0,0.13462853758865903,0.740681622704739,0.2842013888888889,CONTINUE
calibration,102,6,EASY,8,0.0830246913580246,0.1096395131698991,0.2349411231884058,0,0.09265565903183783,1.4807961275184387,0.13972800925925938,CONTINUE
calibration,102,6,EASY,16,0.0981481481481482,0.1656054585916925,0.25577445652173914,0,0.07978720803844984,3.217848679139832,-0.005160108024691367,STOP
calibration,102,6,EASY,32,0.0,0.18428084763861527,0.2366394927536232,16,0.8851594841879253,13.276895586596488,0.007089120370370336,CONTINUE
calibration,102,6,MEDIUM,4,0.013554216867469826,0.07051168681289623,0.2050498188405797,0,0.13500231229484064,0.7412519727534245,0.27449171686746987,CONTINUE
calibration,102,6,MEDIUM,8,0.08343373493975903,0.10958183881494295,0.2349411231884058,0,0.09248966848267476,1.4812220419867468,0.12967808734939762,CONTINUE
calibration,102,6,MEDIUM,16,0.10060240963855416,0.16404310532522068,0.25577445652173914,0,0.07902721270718994,3.220863904045131,-0.005713478915662637,STOP
calibration,102,6,MEDIUM,32,0.0,0.18300608137972502,0.2366394927536232,16,0.8853148919039857,13.283014498044116,0.006165286144578362,CONTINUE
calibration,102,6,RUGGED,4,0.013081395348837122,0.06881030403213431,0.2050498188405797,0,0.13551763101266165,0.74154441437227,0.2693768168604651,CONTINUE
calibration,102,6,RUGGED,8,0.0840116279069768,0.10954239261236107,0.2349411231884058,0,0.09225138954936807,1.4812753888321046,0.1261082848837209,CONTINUE
calibration,102,6,RUGGED,16,0.10406976744186047,0.1601602387531466,0.24150815217391305,0,0.07914293729121824,3.2283954943288613,-0.006495276162790716,STOP
calibration,102,6,RUGGED,32,0.0,0.1812358812641282,0.2366394927536232,16,0.8855303947054617,13.295360822325511,0.007267441860465074,CONTINUE
calibration,102,7,EASY,4,0.054012345679012475,0.08680963543986367,0.40251358695652173,0,0.09306717182709033,0.6363384309524936,0.15204475308641963,CONTINUE
calibration,102,7,EASY,8,0.01388888888888895,0.13008021945070367,0.17651721014492755,0,0.12987573592224524,1.377977968657444,0.06251929012345664,CONTINUE
calibration,102,7,EASY,16,0.0,0.1679797635689699,0.19769021739130435,2,0.19793262252071095,3.233541863136128,0.03654513888888884,CONTINUE
calibration,102,7,EASY,32,0.0,0.188518598508017,0.18399003623188406,15,0.8629235907036379,12.569044431903095,-0.014506172839506174,STOP
calibration,102,7,MEDIUM,4,0.052710843373494076,0.08630158973884171,0.40251358695652173,0,0.0936696433870345,0.641732945477396,0.1452748493975902,CONTINUE
calibration,102,7,MEDIUM,8,0.013554216867469937,0.12924891124382748,0.17651721014492755,0,0.13017787095629507,1.3862451491708927,0.05900790662650593,CONTINUE
calibration,102,7,MEDIUM,16,0.0,0.16569629693611634,0.19769021739130435,2,0.19836799752875314,3.2465997574562317,0.032840737951807156,CONTINUE
calibration,102,7,MEDIUM,32,0.0,0.18550090351810952,0.18399003623188406,15,0.8633513710096594,12.594658545215774,-0.014457831325301207,STOP
calibration,102,7,RUGGED,4,0.043604651162790664,0.07854706446168035,0.24286684782608695,0,0.11353337995141417,0.7140347626204749,0.13568313953488376,CONTINUE
calibration,102,7,RUGGED,8,0.0,0.1227218682104934,0.23765851449275363,1,0.16315683539916812,1.4985690111531813,0.05887536337209308,CONTINUE
calibration,102,7,RUGGED,16,0.0,0.1588761300193112,0.1794610507246377,1,0.165189368509757,3.60194228783741,-0.013590116279069767,STOP
calibration,102,7,RUGGED,32,0.0,0.16602877676482838,0.22995923913043478,17,0.910585605109827,14.501886214075103,-0.0074127906976743825,STOP
calibration,102,8,EASY,4,0.0,0.10260441871816763,0.4455389492753623,1,0.139594229365982,0.6199103516385067,0.08109567901234566,CONTINUE
calibration,102,8,EASY,8,0.0,0.12764514694088416,0.21161684782608695,2,0.2034627386169918,1.5090937105368716,0.07119984567901236,CONTINUE
calibration,102,8,EASY,16,0.01388888888888884,0.15972977604766092,0.19010416666666666,0,0.12441991747305713,3.5697414990302274,0.013888888888888846,CONTINUE
calibration,102,8,EASY,32,0.0,0.20035177342951702,0.19610507246376813,5,0.3348060595202942,10.377391271117112,-0.015625,STOP
calibration,102,8,MEDIUM,4,0.0,0.09312998595058801,0.4427083333333333,1,0.14130849501206622,0.6241427769080862,0.06725338855421675,CONTINUE
calibration,102,8,MEDIUM,8,0.0,0.10642880479680282,0.23165760869565216,5,0.3522024267130454,2.083972765105488,0.11242469879518058,CONTINUE
calibration,102,8,MEDIUM,16,0.04096385542168657,0.15546703880967008,0.2318840579710145,0,0.106856181976144,3.9893096780506725,0.007181852409638586,CONTINUE
calibration,102,8,MEDIUM,32,0.0,0.19643572653442729,0.21478713768115942,5,0.33169916185615206,8.977328762074913,-0.014570783132530116,STOP
calibration,102,8,RUGGED,4,0.0,0.08994036029977148,0.4427083333333333,1,0.14177356950873582,0.6265015689152754,0.07427325581395341,CONTINUE
calibration,102,8,RUGGED,8,0.0,0.10298584750628104,0.21659873188405798,1,0.1693583276751004,1.644294722823183,0.09159702034883727,CONTINUE
calibration,102,8,RUGGED,16,0.0,0.139548021695232,0.16304347826086957,3,0.2534111990404243,3.590378048409489,0.06272710755813948,CONTINUE
calibration,102,8,RUGGED,32,0.0,0.1936376922278396,0.19610507246376813,5,0.3366028005547959,8.531679597892929,-0.015625,STOP
calibration,102,9,EASY,4,0.005555555555555758,0.08419268320901793,0.33061594202898553,0,0.12352929576053692,0.6750983293963865,0.2819637345679011,CONTINUE
calibration,102,9,EASY,8,0.15555555555555556,0.12626727918307853,0.34748641304347827,0,0.05859164326472259,1.3426669537067355,0.08213734567901235,CONTINUE
calibration,102,9,EASY,16,0.0,0.16431465554003277,0.2034646739130435,2,0.1977142141699234,3.7731219831140295,0.06960841049382713,CONTINUE
calibration,102,9,EASY,32,0.0,0.1743998501292334,0.2111639492753623,2,0.19459202397161984,8.315557832886443,0.01833526234567901,CONTINUE
calibration,102,9,MEDIUM,4,0.003012048192771233,0.08707137570954145,0.3498641304347826,0,0.12245227036190424,0.6767318308999486,0.279988704819277,CONTINUE
calibration,102,9,MEDIUM,8,0.013554216867469826,0.11903136509046,0.33276721014492755,0,0.11472341951702704,1.3199716671633133,0.10104480421686746,CONTINUE
calibration,102,9,MEDIUM,16,0.0,0.1653584034554067,0.21875,3,0.2373650754927808,3.2329860243526336,0.01628388554216871,CONTINUE
calibration,102,9,MEDIUM,32,0.0,0.1588971714966929,0.2324501811594203,7,0.4568260866556822,8.682134934013167,-0.010353915662650596,STOP
calibration,102,9,RUGGED,4,0.08924418604651152,0.09255762711490445,0.24207427536231885,0,0.0911756182828795,0.6786452576933821,0.19821947674418605,CONTINUE
calibration,102,9,RUGGED,8,0.08372093023255833,0.11199213581661233,0.348731884057971,0,0.08304109139770974,1.454243720882318,0.11340843023255792,CONTINUE
calibration,102,9,RUGGED,16,0.0,0.17039933209046335,0.20482336956521738,2,0.19634408299451994,3.0854359679455454,0.01255450581395351,CONTINUE
calibration,102,9,RUGGED,32,0.0,0.15580411561657256,0.19089673913043478,4,0.29362108767335143,11.46120756475477,0.007231104651162799,CONTINUE
calibration,102,10,EASY,4,0.03580246913580254,0.07929804969030198,0.4134963768115942,0,0.10086353252022862,0.6048585809276907,0.20743634259259258,CONTINUE
calibration,102,10,EASY,8,0.006790123456790087,0.12370374605726091,0.343070652173913,0,0.1165550008325861,1.2737022815867785,0.10549768518518515,CONTINUE
calibration,102,10,EASY,16,0.0,0.1562761858021818,0.22169384057971014,1,0.1598660235103937,3.108006114245593,0.008535879629629602,CONTINUE
calibration,102,10,EASY,32,0.0,0.1872482602762364,0.22327898550724637,10,0.6346048386754477,9.588997180319026,0.0020061728395061977,CONTINUE
calibration,102,10,MEDIUM,4,0.0,0.06860365318415639,0.413383152173913,1,0.1485894215195232,0.6964947888230043,0.3085090361445783,CONTINUE
calibration,102,10,MEDIUM,8,0.0,0.1024682501371167,0.21184329710144928,1,0.17011602504850257,1.5621677715522653,0.2145613704819278,CONTINUE
calibration,102,10,MEDIUM,16,0.05602409638554218,0.1260321033832584,0.22418478260869565,0,0.10381431220579193,3.5996420881123665,0.07760730421686748,CONTINUE
calibration,102,10,MEDIUM,32,0.0,0.17130728773363946,0.20742753623188406,8,0.521737219428324,8.9148173709581,0.015399096385542113,CONTINUE
calibration,102,10,RUGGED,4,0.04999999999999993,0.07147312927531978,0.39572010869565216,0,0.09695828938477993,0.6184604188069353,0.21986736918604655,CONTINUE
calibration,102,10,RUGGED,8,0.0,0.11933592389027693,0.3511096014492754,1,0.14876596829252953,1.3819836688553166,0.12252906976744182,CONTINUE
calibration,102,10,RUGGED,16,0.0,0.13084272401103167,0.20765398550724637,1,0.16594191145831064,3.1437868617076505,-9.084302325660515e-06,STOP
calibration,102,10,RUGGED,32,0.0,0.18579588102534783,0.15964673913043478,7,0.46689804000064467,9.605680474657845,-0.011682412790697663,STOP
calibration,102,11,EASY,4,0.05740740740740735,0.0836384151808784,0.4249320652173913,0,0.09010650452134959,0.5977159138569831,0.1579957561728395,CONTINUE
calibration,102,11,EASY,8,0.0,0.11713117712162553,0.34035326086956524,4,0.2727111235245387,1.8031758636948436,0.14713541666666663,CONTINUE
calibration,102,11,EASY,16,0.044753086419753174,0.1729785840601286,0.22554347826086957,0,0.10368976258707464,3.3430829390903174,-0.00605709876543209,STOP
calibration,102,11,EASY,32,0.0,0.18021701388630793,0.1642889492753623,15,0.8663946984528449,12.668065616263762,-0.010841049382716059,STOP
calibration,102,11,MEDIUM,4,0.048795180722891573,0.08232535219018558,0.4249320652173913,0,0.09383373276005141,0.6056950389959077,0.15083772590361438,CONTINUE
calibration,102,11,MEDIUM,8,0.0,0.11428748420673937,0.34035326086956524,4,0.2733884690886272,1.8129909664256652,0.1420651355421686,CONTINUE
calibration,102,11,MEDIUM,16,0.03885542168674705,0.16976100639887765,0.22554347826086957,0,0.1068304152540013,3.362831982333588,-0.004480421686747005,STOP
calibration,102,11,MEDIUM,32,0.0,0.17874461741709194,0.1642889492753623,15,0.8665990906528345,12.693527534292175,-0.010052710843373475,STOP
calibration,102,11,RUGGED,4,0.03662790697674423,0.08054746240601299,0.39741847826086957,0,0.10181533391748825,0.620792531681446,0.14791061046511628,CONTINUE
calibration,102,11,RUGGED,8,0.0,0.11043562554716249,0.37228260869565216,4,0.267997680048255,1.8174895227693122,0.1379451308139535,CONTINUE
calibration,102,11,RUGGED,16,0.029941860465116488,0.1278691726601857,0.24569746376811594,0,0.11416865689402722,4.16353594423441,0.0907885174418604,CONTINUE
calibration,102,11,RUGGED,32,0.0,0.1834869642830184,0.2563405797101449,1,0.1510326183428958,7.998561513042293,0.02048510174418601,CONTINUE
calibration,103,0,EASY,4,0.0,0.07562221676857352,0.4308197463768116,1,0.14534763913798882,0.6921688087295648,0.2548418209876543,CONTINUE
calibration,103,0,EASY,8,0.0,0.11313401719477378,0.20448369565217392,1,0.16934949798708357,1.5315056443501716,0.13847415123456785,CONTINUE
calibration,103,0,EASY,16,0.0,0.15398291963099314,0.22543025362318841,1,0.1597338415475254,3.127488764587803,-0.015625,STOP
calibration,103,0,EASY,32,0.0,0.1737383221639669,0.20199275362318841,12,0.748291560982777,10.816373323237242,-0.011304012345679001,STOP
calibration,103,0,MEDIUM,4,0.0,0.07342066017807534,0.4308197463768116,1,0.14567612404966412,0.6951535248764134,0.2554687499999999,CONTINUE
calibration,103,0,MEDIUM,8,0.0,0.1104778572603925,0.20448369565217392,1,0.1697983418534783,1.540712190250296,0.13809299698795174,CONTINUE
calibration,103,0,MEDIUM,16,0.0,0.1499271334891536,0.22543025362318841,1,0.1603881598308101,3.141051167524685,-0.015625,STOP
calibration,103,0,MEDIUM,32,0.0,0.17121539955256018,0.20199275362318841,12,0.748861367128366,10.837801405870154,-0.011408132530120477,STOP
calibration,103,0,RUGGED,4,0.030813953488372015,0.07435688051460075,0.40047554347826086,0,0.1049144947569745,0.6449924725844769,0.20654069767441857,CONTINUE
calibration,103,0,RUGGED,8,0.0,0.1035569742558068,0.330955615942029,1,0.1537842135074985,1.415616056398403,0.15639534883720918,CONTINUE
calibration,103,0,RUGGED,16,0.0,0.13020183190907883,0.18365036231884058,3,0.25163851047056074,3.345107864377302,0.07064861918604648,CONTINUE
calibration,103,0,RUGGED,32,0.0,0.1725978218478577,0.19825634057971014,6,0.40002193171504563,7.904254112062304,0.03335755813953483,CONTINUE
calibration,103,1,EASY,4,0.0,0.09271564522107052,0.4070425724637681,1,0.1457537002650823,0.677414424692598,0.14663387345679013,CONTINUE
calibration,103,1,EASY,8,0.041975308641975295,0.10640499476430752,0.2218070652173913,0,0.11310905326024816,1.8523354146616873,0.1474826388888889,CONTINUE
calibration,103,1,EASY,16,0.0,0.17795267175588972,0.2206748188405797,1,0.1565377403728193,3.5465155537897086,0.01357060185185183,CONTINUE
calibration,103,1,EASY,32,0.0,0.20449962326640986,0.1958786231884058,7,0.45232572490118217,10.457251679206543,-0.015625,STOP
calibration,103,1,MEDIUM,4,0.0,0.09088970750403183,0.4070425724637681,1,0.1460267281196906,0.6834567100756507,0.1673851656626506,CONTINUE
calibration,103,1,MEDIUM,8,0.0,0.12615837398942648,0.21240942028985507,1,0.166061775292262,1.5092043851570212,0.06632153614457842,CONTINUE
calibration,103,1,MEDIUM,16,0.0,0.15896174059240728,0.23539402173913043,3,0.23574548290457253,3.5228456415814793,0.005506400602409721,CONTINUE
calibration,103,1,MEDIUM,32,0.0,0.1877727743321879,0.20199275362318841,14,0.8281653161145138,12.388888040014532,0.03675640060240956,CONTINUE
calibration,103,1,RUGGED,4,0.013372093023255704,0.06316956263669485,0.359375,0,0.11898901252991363,0.713912659841455,0.24364098837209314,CONTINUE
calibration,103,1,RUGGED,8,0.0,0.095504432798725,0.358695652173913,1,0.151446466115745,1.4030059993250596,0.14650254360465115,CONTINUE
calibration,103,1,RUGGED,16,0.0,0.14103967137848325,0.22995923913043478,2,0.19794200336248538,3.1911248388867217,0.06637899709302325,CONTINUE
calibration,103,1,RUGGED,32,0.0,0.18573482575477807,0.19802989130434784,2,0.1945187003678036,7.446274085677625,0.01561591569767445,CONTINUE
calibration,103,2,EASY,4,0.0,0.07918705299621012,0.3666213768115942,3,0.22940996801596944,0.9867458215867425,0.2382908950617284,CONTINUE
calibration,103,2,EASY,8,0.016975308641975273,0.08997987671234219,0.357223731884058,0,0.11404468928101477,1.8995397266197793,0.16485339506172847,CONTINUE
calibration,103,2,EASY,16,0.06234567901234578,0.10767157342609615,0.22758152173913043,0,0.10261362357945909,3.384300781114207,0.016415895061728275,CONTINUE
calibration,103,2,EASY,32,0.0,0.18275549384393983,0.22543025362318841,7,0.451469059231761,8.574648832856424,0.006442901234567918,CONTINUE
calibration,103,2,MEDIUM,4,0.0063253012048192225,0.07832192504245387,0.364356884057971,0,0.12026006808359269,0.8427328022107279,0.22632718373493976,CONTINUE
calibration,103,2,MEDIUM,8,0.0,0.09004284809194002,0.3598278985507246,1,0.15214452282150176,1.599763193311817,0.19253576807228917,CONTINUE
calibration,103,2,MEDIUM,16,0.0,0.09046003309427839,0.354393115942029,2,0.18801728457881992,3.081156096580333,0.0318335843373493,CONTINUE
calibration,103,2,MEDIUM,32,0.0,0.17358936715658693,0.20991847826086957,4,0.28531955420800287,10.127700135455969,0.0018542921686747205,CONTINUE
calibration,103,2,RUGGED,4,0.0,0.07926461350376666,0.33944746376811596,3,0.23423239006076502,1.0002656718210263,0.2266533430232558,CONTINUE
calibration,103,2,RUGGED,8,0.0,0.07956734768423906,0.23109148550724637,1,0.17128147546731343,1.8131193878358012,0.17814316860465113,CONTINUE
calibration,103,2,RUGGED,16,0.006104651162790797,0.10116382326316717,0.2090126811594203,0,0.1345943956071727,3.3178477414273586,0.054305959302325485,CONTINUE
calibration,103,2,RUGGED,32,0.0,0.15434829473179812,0.1928215579710145,10,0.6506642996242012,9.793859619924032,0.006949491279069714,CONTINUE
calibration,103,3,EASY,4,0.0024691358024691024,0.08598278245360072,0.3730751811594203,0,0.12040503334975856,0.6323392912482264,0.21393711419753092,CONTINUE
calibration,103,3,EASY,8,0.0,0.0864429430951607,0.3101222826086957,1,0.15924534630532572,1.5234547960738432,0.1310570987654322,CONTINUE
calibration,103,3,EASY,16,0.07160493827160486,0.14228558194610222,0.20097373188405798,0,0.09711133726706288,3.1898702031111963,0.015721450617284055,CONTINUE
calibration,103,3,EASY,32,0.0,0.18274219082539775,0.2027853260869565,11,0.6959158011973824,9.890314672438846,-0.0008101851851851777,STOP
calibration,103,3,MEDIUM,4,0.013554216867469937,0.09260165726434912,0.3554121376811594,0,0.11564788419784655,0.6763163694179533,0.198484563253012,CONTINUE
calibration,103,3,MEDIUM,8,0.0731927710843373,0.08422340082436369,0.26528532608695654,0,0.09688569368212595,1.505538098696619,0.06978539156626501,CONTINUE
calibration,103,3,MEDIUM,16,0.0,0.15887117074573553,0.184669384057971,3,0.2450267760735633,3.269930727535541,-0.015625,STOP
calibration,103,3,MEDIUM,32,0.0,0.1637804724641927,0.16757246376811594,19,0.947144553847976,15.407482982148341,0.008471385542168697,CONTINUE
calibration,103,3,RUGGED,4,0.027034883720930214,0.09033095259447575,0.29789402173913043,0,0.11491758115910315,0.6848483165594924,0.21051962209302338,CONTINUE
calibration,103,3,RUGGED,8,0.07063953488372099,0.10110463676813772,0.323143115942029,0,0.09131641702905084,1.3518825417680644,0.04090661337209303,CONTINUE
calibration,103,3,RUGGED,16,0.0,0.15357021174838154,0.184669384057971,3,0.24620542450696137,3.2899330131139863,-0.015625,STOP
calibration,103,3,RUGGED,32,0.0,0.15916416659275995,0.16757246376811594,19,0.9474211883297503,15.442489509411232,0.019122456395348784,CONTINUE
calibration,103,4,EASY,4,0.07716049382716061,0.0932510310766783,0.35144927536231885,0,0.08713312150904326,0.6868323228005442,0.16733217592592575,CONTINUE
calibration,103,4,EASY,8,0.01388888888888884,0.12599150091913222,0.4102128623188406,0,0.1061345996948695,1.3214443808320337,0.06978202160493813,CONTINUE
calibration,103,4,EASY,16,0.018209876543209824,0.14942471576179814,0.18319746376811594,0,0.12416607502088665,3.103779703403443,0.07507716049382723,CONTINUE
calibration,103,4,EASY,32,0.0,0.18953979623162162,0.2012001811594203,3,0.23529538790764218,7.823935627063683,0.02872299382716051,CONTINUE
calibration,103,4,MEDIUM,4,0.010843373493976016,0.07142164796160651,0.36163949275362317,0,0.11903898414276268,0.7507901213247983,0.21440135542168665,CONTINUE
calibration,103,4,MEDIUM,8,0.013554216867469937,0.10287384134550288,0.19938858695652173,0,0.13117512919507804,1.5065775995183341,0.13398908132530113,CONTINUE
calibration,103,4,MEDIUM,16,0.017168674698795017,0.14649220530117835,0.21750452898550723,0,0.12141069904358939,3.2897628028324415,0.07219503012048206,CONTINUE
calibration,103,4,MEDIUM,32,0.0,0.16163096750901002,0.19825634057971014,12,0.7517162160577335,10.673380811113123,0.01095632530120481,CONTINUE
calibration,103,4,RUGGED,4,0.07645348837209309,0.07749421129544744,0.42062952898550726,0,0.08348664006989129,0.7113005337856876,0.1659974563953488,CONTINUE
calibration,103,4,RUGGED,8,0.0,0.10509819239958862,0.22588315217391305,1,0.167702135655879,1.520621230560765,0.07049418604651153,CONTINUE
calibration,103,4,RUGGED,16,0.07703488372093026,0.14343391966634397,0.18432971014492755,0,0.09607434202816101,4.184615161320432,0.00814861918604648,CONTINUE
calibration,103,4,RUGGED,32,0.014534883720930147,0.147283417044875,0.1922554347826087,0,0.12546450925931976,9.423860846325999,0.007721656976744221,CONTINUE
calibration,103,5,EASY,4,0.05493827160493825,0.04862094739847736,0.3506567028985507,0,0.1012244327814385,0.7153354866277541,0.27363040123456794,CONTINUE
calibration,103,5,EASY,8,0.013888888888888729,0.09712564113099344,0.27072010869565216,0,0.12382296488222953,1.3971655728665189,0.14247685185185188,CONTINUE
calibration,103,5,EASY,16,0.06790123456790109,0.15911129906214738,0.21229619565217392,0,0.09597789331876924,3.0389270013155985,0.006336805555555672,CONTINUE
calibration,103,5,EASY,32,0.0,0.1669258022677064,0.2162590579710145,10,0.6418562620607221,9.810601161417582,0.02527006172839502,CONTINUE
calibration,103,5,MEDIUM,4,0.0731927710843372,0.05226742035641342,0.3426177536231884,0,0.09352772628731028,0.6421853057262281,0.15356739457831323,CONTINUE
calibration,103,5,MEDIUM,8,0.013554216867469826,0.1002691897882877,0.22803442028985507,0,0.12829390757855774,1.5063982946243022,0.06282944277108435,CONTINUE
calibration,103,5,MEDIUM,16,0.0,0.1353552067504004,0.23143115942028986,4,0.2903144358253298,3.689187412567255,0.011370481927710785,CONTINUE
calibration,103,5,MEDIUM,32,0.0,0.12761810397277282,0.21535326086956522,15,0.8677838998863224,13.131195979062554,-0.007614834337349389,STOP
calibration,103,5,RUGGED,4,0.03866279069767442,0.04494527305343901,0.34001358695652173,0,0.11034107896767116,0.6829046741874215,0.26268168604651165,CONTINUE
calibration,103,5,RUGGED,8,0.0,0.08242163420005502,0.2909873188405797,2,0.1994247946543207,1.5304310164803496,0.1925599563953489,CONTINUE
calibration,103,5,RUGGED,16,0.013081395348837233,0.12156945232202182,0.22078804347826086,0,0.12652071518148786,3.2978807762068936,0.06457122093023254,CONTINUE
calibration,103,5,RUGGED,32,0.0,0.16090267273088288,0.1983695652173913,6,0.4033676242741234,8.208422432881806,-0.015625,STOP
calibration,103,6,EASY,4,0.0,0.11614433447583652,0.20233242753623187,1,0.169144062202106,0.6753917474622609,0.12955246913580243,CONTINUE
calibration,103,6,EASY,8,0.08179012345679015,0.16499855858679852,0.23980978260869565,0,0.08732375566225516,1.4611166222093728,-0.0015721450617283902,STOP
calibration,103,6,EASY,16,0.0,0.156820768637087,0.20606884057971014,8,0.526411951725799,4.9254688171233605,0.01920331790123453,CONTINUE
calibration,103,6,EASY,32,0.0,0.1723056768233378,0.18263134057971014,13,0.7958574962489766,13.390071463625484,0.002266589506172822,CONTINUE
calibration,103,6,MEDIUM,4,0.0,0.11442615350999538,0.20233242753623187,1,0.16943401602658936,0.6863933755208264,0.13205007530120483,CONTINUE
calibration,103,6,MEDIUM,8,0.07981927710843373,0.16371883518472158,0.23980978260869565,0,0.08823578851884543,1.4745401736744266,-0.00048004518072292807,STOP
calibration,103,6,MEDIUM,16,0.0,0.15435374771673885,0.20606884057971014,8,0.5271499345931129,4.944146718730387,0.021225527108433756,CONTINUE
calibration,103,6,MEDIUM,32,0.0,0.17052092597429772,0.18263134057971014,13,0.7962052343892589,13.411550886533137,0.0018354668674699023,CONTINUE
calibration,103,6,RUGGED,4,0.0,0.11205202831607841,0.20233242753623187,1,0.16983531542679908,0.6892646122552395,0.13206758720930234,CONTINUE
calibration,103,6,RUGGED,8,0.07703488372093015,0.1619681339776231,0.23980978260869565,0,0.08953336032925359,1.4807921798963894,0.0010628633720930585,CONTINUE
calibration,103,6,RUGGED,16,0.0,0.1509604402449834,0.20606884057971014,8,0.5281648117084459,4.95768414581825,0.02167514534883723,CONTINUE
calibration,103,6,RUGGED,32,0.0,0.1680584468150032,0.18263134057971014,13,0.796684296236567,13.428869135190448,0.0012263808139534697,CONTINUE
calibration,103,7,EASY,4,0.01265432098765451,0.08849726630302111,0.366508152173913,0,0.11547706782692548,0.6707686877807164,0.2158564814814814,CONTINUE
calibration,103,7,EASY,8,0.030246913580247003,0.12722900460129838,0.2949501811594203,0,0.10920771587658007,1.3867898195590431,0.13456790123456785,CONTINUE
calibration,103,7,EASY,16,0.0,0.15659132381437518,0.2788722826086957,2,0.18743224655441143,3.2555389459948745,0.05708912037037034,CONTINUE
calibration,103,7,EASY,32,0.0,0.20253309284811502,0.19972826086956522,6,0.3910816148677599,8.353391934433244,-0.015625,STOP
calibration,103,7,MEDIUM,4,0.009939759036144746,0.08589289855680475,0.366508152173913,0,0.1171936238215316,0.6736461200079148,0.20756777108433727,CONTINUE
calibration,103,7,MEDIUM,8,0.034337349397590367,0.12727131779233472,0.2949501811594203,0,0.10722908281517006,1.3893708421405757,0.12914156626506018,CONTINUE
calibration,103,7,MEDIUM,16,0.0,0.153455167641042,0.2788722826086957,2,0.18800609006614719,3.264129677567465,0.06362010542168667,CONTINUE
calibration,103,7,MEDIUM,32,0.0,0.19864287830405022,0.19972826086956522,6,0.39219386220325486,8.375633095500445,-0.015625,STOP
calibration,103,7,RUGGED,4,0.0,0.0776954673616124,0.2532835144927536,1,0.16846882461457377,0.7451296110076393,0.1994276889534884,CONTINUE
calibration,103,7,RUGGED,8,0.07005813953488371,0.12574584194153152,0.2650588768115942,0,0.09395742144673343,1.499827116811355,0.10533248546511625,CONTINUE
calibration,103,7,RUGGED,16,0.0,0.15898672531782218,0.19689764492753623,2,0.19977811571497192,3.4494619199384715,0.0126998546511628,CONTINUE
calibration,103,7,RUGGED,32,0.0,0.1854868844199217,0.2090126811594203,12,0.7442931029214354,11.42967602527778,0.023782703488372088,CONTINUE
calibration,103,8,EASY,4,0.0737654320987654,0.0662253384812113,0.2608695652173913,0,0.09893029281867702,0.7106397259332391,0.2044077932098765,CONTINUE
calibration,103,8,EASY,8,0.0,0.11180964396337789,0.23052536231884058,2,0.20347798765063754,1.507209727533863,0.0844232253086421,CONTINUE
calibration,103,8,EASY,16,0.0,0.14183802845523483,0.17821557971014493,3,0.25003582823855003,3.491711357154107,0.030082947530864143,CONTINUE
calibration,103,8,EASY,32,0.0,0.17478524576107107,0.2340353260869565,7,0.4517066173639372,10.772736548558484,-0.00833333333333331,STOP
calibration,103,8,MEDIUM,4,0.069578313253012,0.06520625886262577,0.2608695652173913,0,0.10092319867567395,0.7108054078257549,0.21257530120481916,CONTINUE
calibration,103,8,MEDIUM,8,0.0,0.11233420439918705,0.3986639492753623,2,0.17748728126063668,1.4738647767300384,0.10553463855421691,CONTINUE
calibration,103,8,MEDIUM,16,0.0,0.11854463154045321,0.17096920289855072,6,0.4223282950745112,4.162118260591851,0.004979292168674543,CONTINUE
calibration,103,8,MEDIUM,32,0.0,0.16138392564099777,0.22305253623188406,3,0.23744959406609917,10.830890845418114,-0.006287650602409628,STOP
calibration,103,8,RUGGED,4,0.06366279069767433,0.06414062190925511,0.2608695652173913,0,0.1037577150928744,0.7105864236468308,0.17951489825581396,CONTINUE
calibration,103,8,RUGGED,8,0.0,0.10528955799211122,0.39266304347826086,2,0.17960727260342452,1.496015540806137,0.10828488372093031,CONTINUE
calibration,103,8,RUGGED,16,0.0,0.11797757125418772,0.361526268115942,3,0.2221640870159498,3.78193575734503,0.04004360465116284,CONTINUE
calibration,103,8,RUGGED,32,0.0,0.18200524286468386,0.18591485507246377,7,0.461496097315264,10.35391969726685,-0.014389534883720929,STOP
calibration,103,9,EASY,4,0.06790123456790131,0.09771512312202944,0.39809782608695654,0,0.08668007827410489,0.621315932169783,0.16872106481481475,CONTINUE
calibration,103,9,EASY,8,0.0,0.11950288135597316,0.19350090579710144,2,0.20801959581180302,1.4796937521445115,0.09505208333333337,CONTINUE
calibration,103,9,EASY,16,0.01388888888888895,0.15486754849401665,0.22644927536231885,0,0.12113403100632737,3.4424018084344414,0.07754629629629622,CONTINUE
calibration,103,9,EASY,32,0.0,0.1859512720346236,0.1640625,5,0.34587884621583104,8.408976538088684,-0.015625,STOP
calibration,103,9,MEDIUM,4,0.0662650602409639,0.09547043256578695,0.38292572463768115,0,0.08876442160385063,0.6269926704264861,0.1699924698795179,CONTINUE
calibration,103,9,MEDIUM,8,0.0,0.11887564974309543,0.19350090579710144,2,0.20814362482915597,1.4856619638856063,0.08836596385542173,CONTINUE
calibration,103,9,MEDIUM,16,0.013554216867469826,0.15432166199232963,0.24841485507246377,0,0.11905895300953533,3.4380159667521575,0.06714984939759035,CONTINUE
calibration,103,9,MEDIUM,32,0.0,0.18304768264982704,0.1640625,5,0.34666758188830304,8.406960024485478,-0.015625,STOP
calibration,103,9,RUGGED,4,0.06395348837209291,0.0930848068330447,0.38292572463768115,0,0.0899377749406083,0.6336218050200149,0.18616460755813954,CONTINUE
calibration,103,9,RUGGED,8,0.0,0.1180763121003897,0.2132019927536232,2,0.2050714849066148,1.4780343750798393,0.06893168604651173,CONTINUE
calibration,103,9,RUGGED,16,0.0,0.15890168100195637,0.2349411231884058,4,0.28381352748275573,3.4951259032409894,-0.014171511627906978,STOP
calibration,103,9,RUGGED,32,0.0,0.17241164009042187,0.16247735507246377,9,0.5940247231855347,11.471727136126791,-0.01359011627906976,STOP
calibration,103,10,EASY,4,0.01388888888888884,0.0704193577065434,0.33752264492753625,0,0.12010139672083944,0.7180653640427881,0.29511959876543215,CONTINUE
calibration,103,10,EASY,8,0.07376543209876552,0.10731442719932459,0.2441123188405797,0,0.09606635617740003,1.3411312319694533,0.06296296296296294,CONTINUE
calibration,103,10,EASY,16,0.0,0.1636389797495733,0.1699501811594203,5,0.3506195648360993,3.7416312677863446,0.013994984567901297,CONTINUE
calibration,103,10,EASY,32,0.0,0.2234908113177668,0.20187952898550723,5,0.32737789837836306,9.887827323547949,-0.015625,STOP
calibration,103,10,MEDIUM,4,0.013554216867469826,0.06577515581158552,0.32382246376811596,0,0.12233264364259536,0.7331977573909474,0.29679028614457836,CONTINUE
calibration,103,10,MEDIUM,8,0.10692771084337349,0.09353012877543886,0.23573369565217392,0,0.08450854286956727,1.4663324832755444,0.11958772590361455,CONTINUE
calibration,103,10,MEDIUM,16,0.0,0.17461675557687556,0.18761322463768115,1,0.16149405623365767,3.244201645460519,-0.015625,STOP
calibration,103,10,MEDIUM,32,0.0,0.22457050874181614,0.19746376811594202,17,0.9074636207311784,14.033788801548907,-0.015625,STOP
calibration,103,10,RUGGED,4,0.057267441860465174,0.07362110212483144,0.34341032608695654,0,0.09813746946124789,0.69260435260712,0.196938590116279,CONTINUE
calibration,103,10,RUGGED,8,0.07703488372093015,0.10691319004813044,0.24388586956521738,0,0.09471682743137501,1.3075154351991167,0.01935864825581389,CONTINUE
calibration,103,10,RUGGED,16,0.0,0.1417003570131833,0.23482789855072464,3,0.23960098700863885,3.346814402143962,0.021747819767441938,CONTINUE
calibration,103,10,RUGGED,32,0.0,0.19253533037716358,0.22112771739130435,1,0.15418204822517825,8.659792868454772,0.026108284883720884,CONTINUE
calibration,103,11,EASY,4,0.08179012345678993,0.07776086731270512,0.41870471014492755,0,0.08158766514311613,0.5987839612072003,0.14479166666666682,CONTINUE
calibration,103,11,EASY,8,0.0,0.1084518296620615,0.35382699275362317,3,0.2254874800539654,1.5452049342310668,0.10690586419753095,CONTINUE
calibration,103,11,EASY,16,0.0,0.14976945050166243,0.21557971014492755,2,0.19856250436710238,3.9988601661756116,0.07387152777777775,CONTINUE
calibration,103,11,EASY,32,0.0,0.1484878186248652,0.24365942028985507,1,0.1581783737262997,9.863586024103954,0.01046489197530865,CONTINUE
calibration,103,11,MEDIUM,4,0.07981927710843362,0.07703214699159272,0.41870471014492755,0,0.08239519561260515,0.6013859100431718,0.14091679216867475,CONTINUE
calibration,103,11,MEDIUM,8,0.0,0.10557551095228705,0.3511096014492754,3,0.22656667152077858,1.5565989323718534,0.11458960843373506,CONTINUE
calibration,103,11,MEDIUM,16,0.0,0.14538167994830326,0.21557971014492755,2,0.19940173416274584,4.032854203101326,0.0724679969879519,CONTINUE
calibration,103,11,MEDIUM,32,0.0,0.15093065331347805,0.2156929347826087,2,0.19832284898450436,9.77399034142216,0.016302710843373466,CONTINUE
calibration,103,11,RUGGED,4,0.07703488372093015,0.07172668129224063,0.43342391304347827,0,0.08281725162114367,0.6062376289885434,0.14613008720930243,CONTINUE
calibration,103,11,RUGGED,8,0.0,0.10144436895387969,0.2572463768115942,3,0.24434945765636756,1.6235910933255495,0.08164970930232568,CONTINUE
calibration,103,11,RUGGED,16,0.0,0.13108681481640824,0.22531702898550723,6,0.40549484975049727,4.464923939679616,-0.002243822674418708,STOP
calibration,103,11,RUGGED,32,0.0,0.15971278915970766,0.22271286231884058,2,0.1955459891850594,11.747545871397929,-0.015625,STOP
calibration,104,0,EASY,4,0.029012345679012452,0.06836663112991145,0.46875,0,0.10012362811445476,0.7958223145365695,0.2739101080246913,CONTINUE
calibration,104,0,EASY,8,0.0,0.11248193151523983,0.36752717391304346,1,0.1477314608877723,1.5237111168343336,0.13523341049382723,CONTINUE
calibration,104,0,EASY,16,0.03456790123456788,0.12328868817319406,0.25317028985507245,0,0.11165402787355329,3.2692015079148473,0.01865354938271605,CONTINUE
calibration,104,0,EASY,32,0.0,0.1745535917601888,0.1743659420289855,6,0.40520341999543646,8.48571800832169,-0.015625,STOP
calibration,104,0,MEDIUM,4,0.028313253012048234,0.06878087943466873,0.440330615942029,0,0.10299010880947379,0.8060209852391416,0.27395519578313254,CONTINUE
calibration,104,0,MEDIUM,8,0.07620481927710843,0.11772515895401103,0.383491847826087,0,0.0827325375899456,1.4096778492261115,0.06831701807228907,CONTINUE
calibration,104,0,MEDIUM,16,0.03463855421686757,0.13365120785297338,0.2212409420289855,0,0.11356673935444457,3.2194041266174875,0.01110692771084329,CONTINUE
calibration,104,0,MEDIUM,32,0.0,0.1743173824017914,0.18534873188405798,6,0.4026273711454279,8.90580078486942,-0.015625,STOP
calibration,104,0,RUGGED,4,0.005813953488372103,0.06006356407528458,0.37318840579710144,0,0.12192408568165516,0.8357420499084524,0.24825581395348834,CONTINUE
calibration,104,0,RUGGED,8,0.0587209302325582,0.1037141531080357,0.327445652173913,0,0.0957377022359128,1.6389857677241095,0.11365370639534883,CONTINUE
calibration,104,0,RUGGED,16,0.0,0.10329261927845572,0.22192028985507245,6,0.41438394455665745,4.315022339031692,0.07966933139534882,CONTINUE
calibration,104,0,RUGGED,32,0.023546511627906885,0.18144989821150048,0.19542572463768115,0,0.11599679152910662,7.9846147056727546,-0.011409883720930235,STOP
calibration,104,1,EASY,4,0.00802469135802475,0.11129278688166065,0.203125,0,0.1327568876133955,0.6680962104358772,0.15053047839506162,CONTINUE
calibration,104,1,EASY,8,0.009259259259259411,0.12059818218840318,0.21490036231884058,0,0.12944053550240733,1.489253122239492,0.07480709876543207,CONTINUE
calibration,104,1,EASY,16,0.0,0.1291347807637256,0.21795742753623187,4,0.29464724785946783,3.5832930404887255,0.0576195987654321,CONTINUE
calibration,104,1,EASY,32,0.0,0.1615765915148593,0.18738677536231885,1,0.16365526946177064,7.9676493770999475,0.01213348765432097,CONTINUE
calibration,104,1,MEDIUM,4,0.010240963855421725,0.10774441753205789,0.203125,0,0.1319732684788084,0.6685376783557014,0.14156626506024095,CONTINUE
calibration,104,1,MEDIUM,8,0.013855421686747138,0.11603209268177654,0.21490036231884058,0,0.12748112396398367,1.493620521915293,0.07577183734939746,CONTINUE
calibration,104,1,MEDIUM,16,0.0,0.12034055499948398,0.267776268115942,4,0.2865529403059994,3.5757020700586093,0.06541792168674693,CONTINUE
calibration,104,1,MEDIUM,32,0.0,0.15981212178453763,0.18738677536231885,1,0.1639452841631591,8.02346345210468,0.011615210843373455,CONTINUE
calibration,104,1,RUGGED,4,0.013372093023255927,0.10285556887868788,0.203125,0,0.13085590782199621,0.6729072627659389,0.15462390988372093,CONTINUE
calibration,104,1,RUGGED,8,0.020348837209302473,0.11094960116342482,0.20754076086956522,0,0.1253817449351271,1.507990366472706,0.07162972383720922,CONTINUE
calibration,104,1,RUGGED,16,0.006976744186046435,0.12023825280112854,0.21274909420289856,0,0.13102585313271953,3.4555714585341506,0.06493459302325588,CONTINUE
calibration,104,1,RUGGED,32,0.0,0.15736823384339998,0.18738677536231885,1,0.16434765275820076,7.26870998377963,0.009929142441860626,CONTINUE
calibration,104,2,EASY,4,0.047222222222222276,0.0922623058292254,0.37398097826086957,0,0.097897524785577,0.6499162328985014,0.1955729166666666,CONTINUE
calibration,104,2,EASY,8,0.0,0.09890295848642679,0.20074728260869565,1,0.1722975461575197,1.3886133692173763,0.06325231481481486,CONTINUE
calibration,104,2,EASY,16,0.0,0.1349609435863342,0.24116847826086957,2,0.19732122621627962,3.5926921200327047,0.07654320987654334,CONTINUE
calibration,104,2,EASY,32,0.0,0.16592156135050998,0.23120471014492755,2,0.19305029629790357,7.721982857435902,0.0034529320987654807,CONTINUE
calibration,104,2,MEDIUM,4,0.04367469879518082,0.09086771714326448,0.37398097826086957,0,0.09962522185402589,0.6519133062893103,0.19317582831325292,CONTINUE
calibration,104,2,MEDIUM,8,0.0,0.09564863567884108,0.20074728260869565,1,0.17285518215086376,1.3973327247038043,0.07005835843373498,CONTINUE
calibration,104,2,MEDIUM,16,0.0,0.13540349471243582,0.23165760869565216,2,0.19874736482570782,3.6045211859360355,0.08479856927710844,CONTINUE
calibration,104,2,MEDIUM,32,0.0,0.1748488769165985,0.1947463768115942,1,0.16049292694078657,8.207707847169528,-0.011784638554216874,STOP
calibration,104,2,RUGGED,4,0.03866279069767453,0.08898195637542841,0.37398097826086957,0,0.10210299773512216,0.6547039269210583,0.17751635174418595,CONTINUE
calibration,104,2,RUGGED,8,0.0,0.07950878018212668,0.3395606884057971,1,0.1564383183753227,1.386953993444149,0.08990734011627904,CONTINUE
calibration,104,2,RUGGED,16,0.0,0.15483323069533575,0.21206974637681159,2,0.1981543877064378,3.4623646056496193,0.07501816860465124,CONTINUE
calibration,104,2,RUGGED,32,0.07063953488372099,0.17477045657103255,0.18342391304347827,0,0.09566510608973619,7.712948978939822,-0.015625,STOP
calibration,104,3,EASY,4,0.07376543209876552,0.08580817040374064,0.21263586956521738,0,0.10115716191970314,0.6641400709423224,0.21227816358024681,CONTINUE
calibration,104,3,EASY,8,0.0,0.08546302550625597,0.2246376811594203,1,0.17119334487215943,1.4094799630079327,0.08524305555555547,CONTINUE
calibration,104,3,EASY,16,0.0,0.14950741211728066,0.2056159420289855,1,0.1631431712380003,3.5394219230320885,0.017409336419753035,CONTINUE
calibration,104,3,EASY,32,0.0,0.14180762783909026,0.2056159420289855,15,0.8669452241863912,12.853113393644609,-0.010802469135802458,STOP
calibration,104,3,MEDIUM,4,0.005722891566265043,0.08613092998573775,0.31408514492753625,0,0.12498396982165189,0.6447034192381491,0.20176957831325298,CONTINUE
calibration,104,3,MEDIUM,8,0.010240963855421725,0.08488529803421617,0.1956521739130435,0,0.13602333001783626,1.3529049070632369,0.13974962349397585,CONTINUE
calibration,104,3,MEDIUM,16,0.0,0.14065061721315542,0.1877264492753623,4,0.2980696099586732,3.4005032028838524,0.011445783132530158,CONTINUE
calibration,104,3,MEDIUM,32,0.0,0.14114944538254298,0.23822463768115942,4,0.2874903887789815,9.502809025959193,0.0019201807228916186,CONTINUE
calibration,104,3,RUGGED,4,0.03837209302325573,0.077997089718765,0.311820652173913,0,0.10936170335473329,0.668762733853522,0.2306413517441861,CONTINUE
calibration,104,3,RUGGED,8,0.0,0.06985517533435125,0.21025815217391305,2,0.2151622924299535,1.5047206491356644,0.13916242732558143,CONTINUE
calibration,104,3,RUGGED,16,0.02005813953488389,0.14283060573715553,0.18840579710144928,0,0.12345695919757523,3.6892281416314066,0.047656250000000025,CONTINUE
calibration,104,3,RUGGED,32,0.0,0.15835259368111387,0.20686141304347827,7,0.4633447482321894,8.425754624060358,-0.015625,STOP
calibration,104,4,EASY,4,0.0830246913580247,0.11193990588745162,0.310348731884058,0,0.08628995602054454,0.5734895471072525,0.08670910493827155,CONTINUE
calibration,104,4,EASY,8,0.015123456790123502,0.12542371155851767,0.237205615942029,0,0.12310697068170574,1.4990297385566564,0.06562499999999999,CONTINUE
calibration,104,4,EASY,16,0.0,0.1605050113327695,0.20629528985507245,2,0.19799051587632852,3.2281953076685865,0.018846450617283975,CONTINUE
calibration,104,4,EASY,32,0.0,0.1477275801935382,0.19972826086956522,12,0.7545445101953336,11.193857621414503,-0.01450617283950617,STOP
calibration,104,4,MEDIUM,4,0.08343373493975903,0.10694310509012214,0.3832653985507246,0,0.08100529785696534,0.5666365860650944,0.1041698042168675,CONTINUE
calibration,104,4,MEDIUM,8,0.07981927710843373,0.1517587613836748,0.343070652173913,0,0.08134004742642585,1.2276076555477602,0.0020425451807229156,CONTINUE
calibration,104,4,MEDIUM,16,0.0,0.1766361465403236,0.23788496376811594,4,0.2789153231281575,3.5166734255712218,0.02026543674698792,CONTINUE
calibration,104,4,MEDIUM,32,0.0,0.14877116869307802,0.21331521739130435,7,0.4645991768786308,11.822510518685105,0.011812876506024222,CONTINUE
calibration,104,4,RUGGED,4,0.0840116279069767,0.104320711964934,0.3832653985507246,0,0.08102446217983171,0.5735772055877809,0.10768531976744189,CONTINUE
calibration,104,4,RUGGED,8,0.07703488372093015,0.15672596245099965,0.23335597826086957,0,0.09057769712181087,1.2469122966280792,-0.0029978197674417617,STOP
calibration,104,4,RUGGED,16,0.0,0.17400921915231854,0.23788496376811594,4,0.2795497628606008,3.5423639744218676,0.01936773255813949,CONTINUE
calibration,104,4,RUGGED,32,0.0,0.13927834386994703,0.19870923913043478,20,0.9582798947546892,16.25671810760771,0.016215479651162823,CONTINUE
calibration,104,5,EASY,4,0.008024691358024638,0.08412619503183627,0.2895153985507246,0,0.1266852584125404,0.6945495885413008,0.23100887345679016,CONTINUE
calibration,104,5,EASY,8,0.01388888888888884,0.0851180121414635,0.24094202898550723,0,0.12869710092692793,1.4905252801546987,0.14831211419753082,CONTINUE
calibration,104,5,EASY,16,0.0,0.1431867320679849,0.22667572463768115,2,0.1980542779542873,3.642623227071297,0.06953124999999999,CONTINUE
calibration,104,5,EASY,32,0.0,0.17897803405621082,0.17730978260869565,4,0.290680069154437,8.65125575160948,-0.015625,STOP
calibration,104,5,MEDIUM,4,0.010240963855421503,0.08339541763477723,0.2895153985507246,0,0.12556057428298664,0.694983983751693,0.2274472891566265,CONTINUE
calibration,104,5,MEDIUM,8,0.07891566265060224,0.0728757460660101,0.24014945652173914,0,0.09777644223176503,1.5053315704170365,0.14500188253012047,CONTINUE
calibration,104,5,MEDIUM,16,0.0,0.12853767331214075,0.24173460144927536,3,0.24122415317442178,3.4175167673647207,0.08247364457831324,CONTINUE
calibration,104,5,MEDIUM,32,0.0,0.16562776830561668,0.18625452898550723,2,0.2002059210742879,8.450815620682194,-0.015625,STOP
calibration,104,5,RUGGED,4,0.013372093023255816,0.08344656019610207,0.29393115942028986,0,0.12336670619141119,0.6910963652977385,0.20592296511627906,CONTINUE
calibration,104,5,RUGGED,8,0.06947674418604644,0.07051208910991802,0.25033967391304346,0,0.10134780162390833,1.4571340111116962,0.13333938953488372,CONTINUE
calibration,104,5,RUGGED,16,0.0,0.12854008089583013,0.20889945652173914,2,0.20372921855467513,3.6507165241385753,0.04246002906976748,CONTINUE
calibration,104,5,RUGGED,32,0.0,0.17069176248921447,0.16859148550724637,3,0.24537716349201,7.974214690290672,-0.015625,STOP
calibration,104,6,EASY,4,0.05401234567901225,0.08887520074070601,0.3098958333333333,0,0.10095957575126822,0.6588707968572688,0.23360339506172834,CONTINUE
calibration,104,6,EASY,8,0.011419753086419737,0.09873768525282196,0.25769927536231885,0,0.12638761769895424,1.388939196346392,0.20397376543209877,CONTINUE
calibration,104,6,EASY,16,0.0,0.14489718962732032,0.2686820652173913,1,0.1554396434274503,3.389737172269194,0.07243441358024694,CONTINUE
calibration,104,6,EASY,32,0.0,0.17789130124913072,0.18172554347826086,4,0.290038904717322,7.836541937571633,0.03159722222222215,CONTINUE
calibration,104,6,MEDIUM,4,0.017168674698795183,0.0710690368218138,0.258491847826087,0,0.12679286051899072,0.7641467540131439,0.2864175451807227,CONTINUE
calibration,104,6,MEDIUM,8,0.07620481927710843,0.10439220439641321,0.22112771739130435,0,0.09731482928280874,1.4337591826862184,0.13979668674698786,CONTINUE
calibration,104,6,MEDIUM,16,0.0,0.15354758064332696,0.20199275362318841,2,0.2000071218110515,3.425244143841464,0.06525790662650602,CONTINUE
calibration,104,6,MEDIUM,32,0.0,0.18717633203620543,0.245018115942029,2,0.18699890208138703,7.197567102461859,0.0007530120481928498,CONTINUE
calibration,104,6,RUGGED,4,0.020058139534883668,0.06862440688972045,0.2519248188405797,0,0.12624618556435688,0.7859829253055879,0.26639716569767435,CONTINUE
calibration,104,6,RUGGED,8,0.0700581395348836,0.09955099075233088,0.2109375,0,0.10149804119530106,1.4521777009762098,0.14398619186046524,CONTINUE
calibration,104,6,RUGGED,16,0.0,0.14563661554772658,0.18840579710144928,1,0.1661490024161929,3.505263869480219,0.07350109011627903,CONTINUE
calibration,104,6,RUGGED,32,0.0,0.1925342167231858,0.21693840579710144,9,0.5749363787234438,9.46912336967247,-0.015625,STOP
calibration,104,7,EASY,4,0.0805555555555556,0.08548861178151729,0.21354166666666666,0,0.09806554419569347,0.705069116742998,0.14216820987654316,CONTINUE
calibration,104,7,EASY,8,0.0,0.13748422829494503,0.2103713768115942,2,0.20175645382046142,1.5375217494138838,0.0731963734567902,CONTINUE
calibration,104,7,EASY,16,0.0,0.1362024910291649,0.2162590579710145,4,0.2932395258502988,3.8895455013531457,0.013117283950617273,CONTINUE
calibration,104,7,EASY,32,0.0,0.18820979216955053,0.2145606884057971,3,0.23318517949798226,9.223733141165955,-0.015625,STOP
calibration,104,7,MEDIUM,4,0.08042168674698791,0.08396134144052388,0.2838541666666667,0,0.09222911045470018,0.6993093983612988,0.14021084337349393,CONTINUE
calibration,104,7,MEDIUM,8,0.0,0.13488633949072212,0.2494338768115942,2,0.19602948970134282,1.511260092411338,0.08421498493975901,CONTINUE
calibration,104,7,MEDIUM,16,0.02018072289156636,0.1385511588590712,0.20516304347826086,0,0.12213905122474945,3.9224616679003477,0.014796686746987895,CONTINUE
calibration,104,7,MEDIUM,32,0.0,0.15985505968332428,0.20708786231884058,8,0.525250018958641,10.46323477330969,-0.0054122740963855435,STOP
calibration,104,7,RUGGED,4,0.006976744186046213,0.06914081272263077,0.3735280797101449,0,0.12011085965252975,0.6703333778642583,0.12556322674418616,CONTINUE
calibration,104,7,RUGGED,8,0.013081395348837233,0.12198768642586383,0.3555253623188406,0,0.11231419880455268,1.3450185156938694,0.05168059593023254,CONTINUE
calibration,104,7,RUGGED,16,0.0,0.1267585108391466,0.25181159420289856,3,0.2397734781727495,3.6458524629904923,0.019304142441860503,CONTINUE
calibration,104,7,RUGGED,32,0.0,0.13930542945542826,0.19802989130434784,15,0.8681619034329994,13.204222024974175,0.011564316860465093,CONTINUE
calibration,104,8,EASY,4,0.0,0.08601914775430708,0.4526721014492754,1,0.14113497481913564,0.6722944677231287,0.22352430555555558,CONTINUE
calibration,104,8,EASY,8,0.0,0.11235012754706522,0.22033514492753623,2,0.20502882160022629,1.4997551000359501,0.10027970679012352,CONTINUE
calibration,104,8,EASY,16,0.0024691358024691024,0.10950777441790163,0.23596014492753623,0,0.13242159505360354,3.9956614327476645,0.12254050925925924,CONTINUE
calibration,104,8,EASY,32,0.0,0.1453121692361898,0.2385643115942029,6,0.39820763434587164,8.562109816986924,0.06908757716049374,CONTINUE
calibration,104,8,MEDIUM,4,0.0,0.0846945417147637,0.36379076086956524,1,0.15246149352186109,0.6896863668677287,0.2395896084337349,CONTINUE
calibration,104,8,MEDIUM,8,0.0,0.10927562682198083,0.22033514492753623,2,0.2056308188921749,1.5080713739124545,0.10938441265060245,CONTINUE
calibration,104,8,MEDIUM,16,0.0,0.1283248544264372,0.252151268115942,2,0.19684342077774,3.212486601795609,0.019164156626505988,CONTINUE
calibration,104,8,MEDIUM,32,0.0,0.15376578956856585,0.19882246376811594,3,0.24354498256519605,10.212731362242168,-0.015625,STOP
calibration,104,8,RUGGED,4,0.0,0.08967233313697809,0.429008152173913,1,0.1434882418935563,0.6600157342473557,0.20744912790697678,CONTINUE
calibration,104,8,RUGGED,8,0.006395348837209269,0.11592704253005306,0.234375,0,0.12949128430629403,1.3877968727062922,0.12316497093023265,CONTINUE
calibration,104,8,RUGGED,16,0.0,0.11873936410732579,0.2516983695652174,6,0.40271010852151923,4.070018382548772,0.09245094476744181,CONTINUE
calibration,104,8,RUGGED,32,0.0,0.2000009297744213,0.1794610507246377,2,0.19474591277034903,9.976453429465831,-0.015625,STOP
calibration,104,9,EASY,4,0.055555555555555414,0.07124823572081815,0.3804347826086957,0,0.09589337162473484,0.6322868342011337,0.27239583333333345,CONTINUE
calibration,104,9,EASY,8,0.0,0.09789997449876434,0.3423913043478261,1,0.15318041289674114,1.4217118291247957,0.1726466049382716,CONTINUE
calibration,104,9,EASY,16,0.0,0.15899487644095564,0.18342391304347827,3,0.24522976986065262,3.1307201110241936,0.024855324074074092,CONTINUE
calibration,104,9,EASY,32,0.0,0.1618118638436475,0.24298007246376813,6,0.3924192489374244,11.298300340984195,0.006635802469135754,CONTINUE
calibration,104,9,MEDIUM,4,0.023493975903614406,0.0629580507442829,0.3828125,0,0.11146810578759608,0.6502087509372846,0.2879235692771084,CONTINUE
calibration,104,9,MEDIUM,8,0.0036144578313251907,0.088814258838449,0.353713768115942,0,0.12149343332289106,1.3984139126324076,0.21645331325301198,CONTINUE
calibration,104,9,MEDIUM,16,0.0,0.15989668972057122,0.19689764492753623,3,0.2425455873276289,3.068129532190682,0.022985692771084365,CONTINUE
calibration,104,9,MEDIUM,32,0.0,0.16687173959274249,0.21297554347826086,5,0.34001628858197347,11.553508785411449,0.035146837349397594,CONTINUE
calibration,104,9,RUGGED,4,0.049709302325581406,0.053762895640295905,0.3965126811594203,0,0.09889396976755509,0.698755873976501,0.3017896075581395,CONTINUE
calibration,104,9,RUGGED,8,0.07063953488372077,0.10582614768516714,0.3323143115942029,0,0.0900927182569503,1.3265537794896094,0.1534792877906977,CONTINUE
calibration,104,9,RUGGED,16,0.0,0.17855411021444645,0.19882246376811594,2,0.1957475496185682,3.019326640461933,-0.015625,STOP
calibration,104,9,RUGGED,32,0.0,0.17798921742905657,0.22384510869565216,18,0.9284133088322967,14.530186376775319,-0.015625,STOP
calibration,104,10,EASY,4,0.0,0.13758479783399274,0.22248641304347827,1,0.16279350784920069,0.6520533090098286,0.14673996913580256,CONTINUE
calibration,104,10,EASY,8,0.0,0.15700413015791295,0.21206974637681159,2,0.19774079411883644,1.4816018819561148,0.016174768518518595,CONTINUE
calibration,104,10,EASY,16,0.0,0.18330991198198712,0.20765398550724637,2,0.19346886919550513,3.652857247823408,0.01494984567901246,CONTINUE
calibration,104,10,EASY,32,0.0,0.17516302068337622,0.2164855072463768,10,0.63952863337989,9.95545640897735,0.0011188271604938432,CONTINUE
calibration,104,10,MEDIUM,4,0.0,0.13447953262633705,0.22248641304347827,1,0.1633020127700959,0.6583427104906469,0.14435240963855428,CONTINUE
calibration,104,10,MEDIUM,8,0.0,0.1582494607362608,0.19995471014492755,2,0.19943105587685642,1.4949447431904186,0.021460843373493993,CONTINUE
calibration,104,10,MEDIUM,16,0.0,0.18619647604205833,0.18885869565217392,2,0.19587241092069022,3.8372429786538134,0.03762236445783125,CONTINUE
calibration,104,10,MEDIUM,32,0.0,0.16678112904318423,0.1899909420289855,11,0.7026338487525193,11.434946346514067,-0.015625,STOP
calibration,104,10,RUGGED,4,0.0,0.1308380095371359,0.23109148550724637,1,0.16272415725174175,0.6732489871792235,0.12207485465116288,CONTINUE
calibration,104,10,RUGGED,8,0.0,0.154166350247892,0.2156929347826087,1,0.16101537074637376,1.4130478652761456,0.019930959302325538,CONTINUE
calibration,104,10,RUGGED,16,0.0,0.18841516026343513,0.17515851449275363,3,0.240259615286201,3.2908429810889572,-0.015625,STOP
calibration,104,10,RUGGED,32,0.0,0.15801580006328397,0.18183876811594202,19,0.9467754540324073,15.484691227393334,-0.01228197674418604,STOP
calibration,104,11,EASY,4,0.0,0.09357552178147276,0.2265625,1,0.16954531523768104,0.6681564893243489,0.13828124999999997,CONTINUE
calibration,104,11,EASY,8,0.058641975308642014,0.13290294164376498,0.27162590579710144,0,0.09758776497125726,1.4543632777352848,0.08473186728395052,CONTINUE
calibration,104,11,EASY,16,0.0,0.1953491181654857,0.1950860507246377,7,0.45524386521824106,4.358179712800874,-0.015625,STOP
calibration,104,11,EASY,32,0.0,0.15953879497414777,0.21297554347826086,23,0.9790732435761952,18.450583953596684,-0.015625,STOP
calibration,104,11,MEDIUM,4,0.0,0.09212266546469815,0.2265625,1,0.1697909307629733,0.6739914184172378,0.13080760542168668,CONTINUE
calibration,104,11,MEDIUM,8,0.052409638554216986,0.13081822615974398,0.26687047101449274,0,0.10102379023143872,1.4630723364064673,0.08192771084337334,CONTINUE
calibration,104,11,MEDIUM,16,0.0,0.19093328866697906,0.1950860507246377,7,0.45655830824957916,4.375665776604835,-0.015625,STOP
calibration,104,11,MEDIUM,32,0.0,0.15438306756262346,0.21297554347826086,23,0.9791996303372623,18.474573123655613,-0.015625,STOP
calibration,104,11,RUGGED,4,0.0,0.09017307143791295,0.2265625,1,0.17012096791454562,0.6814604104491631,0.13545603197674416,CONTINUE
calibration,104,11,RUGGED,8,0.0,0.1191840351464177,0.25158514492753625,1,0.16183929912008824,1.552680515687373,0.12375545058139531,CONTINUE
calibration,104,11,RUGGED,16,0.0,0.15699423843729263,0.19644474637681159,2,0.20023314641304146,3.482840962792307,0.06537063953488365,CONTINUE
calibration,104,11,RUGGED,32,0.0,0.14993712389980535,0.19418025362318841,7,0.46901356031913866,10.346276058732698,0.022301962209302445,CONTINUE
calibration,105,0,EASY,4,0.0,0.0649610697493492,0.309669384057971,1,0.16278880620365396,0.726685855129811,0.2104359567901234,CONTINUE
calibration,105,0,EASY,8,0.0,0.10803208565227994,0.20629528985507245,1,0.16995675314752703,1.5401059854818224,0.14895833333333325,CONTINUE
calibration,105,0,EASY,16,0.004938271604938205,0.15436264655473725,0.2896286231884058,0,0.11924963558762637,3.213626836173217,0.07755594135802465,CONTINUE
calibration,105,0,EASY,32,0.0,0.16181070482147106,0.19882246376811594,1,0.16205790226471362,8.684949926328091,-0.015625,STOP
calibration,105,0,MEDIUM,4,0.0,0.06424896679910319,0.309669384057971,1,0.1629053015914666,0.727736926181385,0.19710090361445765,CONTINUE
calibration,105,0,MEDIUM,8,0.0075301204819276935,0.10529596335258255,0.20629528985507245,0,0.13350689258107729,1.4942112342406606,0.13334902108433733,CONTINUE
calibration,105,0,MEDIUM,16,0.0,0.15116544633346907,0.21229619565217392,1,0.16196294664621136,3.3614936516195772,0.06219879518072288,CONTINUE
calibration,105,0,MEDIUM,32,0.0,0.1529265811522172,0.19418025362318841,4,0.29365625008808693,9.441113029423466,0.01783697289156619,CONTINUE
calibration,105,0,RUGGED,4,0.0,0.06799236281799634,0.38711503623188404,1,0.15203793067224167,0.7113670247844242,0.19596656976744176,CONTINUE
calibration,105,0,RUGGED,8,0.0,0.11069028837888346,0.25939764492753625,1,0.1621623991492488,1.4423290097919255,0.08868095930232556,CONTINUE
calibration,105,0,RUGGED,16,0.03953488372093028,0.13408633909767936,0.22610960144927536,0,0.11059403532558185,3.7118444424309223,0.05301598837209301,CONTINUE
calibration,105,0,RUGGED,32,0.0,0.13941390859558045,0.1989356884057971,6,0.40945172443208566,8.514329227459935,-0.015625,STOP
calibration,105,1,EASY,4,0.037345679012345534,0.08660881912467226,0.31906702898550726,0,0.10815509262357272,0.838661802546225,0.19470486111111124,CONTINUE
calibration,105,1,EASY,8,0.0,0.1403339409728866,0.190330615942029,1,0.16676482413150873,1.54104155663962,0.07042824074074067,CONTINUE
calibration,105,1,EASY,16,0.0,0.17697669375683117,0.17878170289855072,3,0.24210859676668178,3.4185162091896983,-0.015625,STOP
calibration,105,1,EASY,32,0.0,0.20787729993297244,0.2139945652173913,19,0.9419448154655056,15.538321599858502,-7.716049382719067e-05,STOP
calibration,105,1,MEDIUM,4,0.04126506024096377,0.0845327120276616,0.31906702898550726,0,0.1065161555181068,0.8380580030193461,0.19439947289156634,CONTINUE
calibration,105,1,MEDIUM,8,0.0,0.13897689530979862,0.190330615942029,1,0.16699122776613567,1.542242924979295,0.07104668674698789,CONTINUE
calibration,105,1,MEDIUM,16,0.0,0.1744039804966619,0.17878170289855072,3,0.24267553453542315,3.426266749142882,-0.015625,STOP
calibration,105,1,MEDIUM,32,0.0,0.20621031879244703,0.2139945652173913,19,0.9420541090038945,15.553871380575625,0.0024849397590362074,CONTINUE
calibration,105,1,RUGGED,4,0.04680232558139541,0.08423965105270932,0.31736865942028986,0,0.10410083521139532,0.8338666688134871,0.18636446220930236,CONTINUE
calibration,105,1,RUGGED,8,0.0,0.13712753153504284,0.190330615942029,1,0.16730016319767263,1.5451819199593542,0.06755087209302327,CONTINUE
calibration,105,1,RUGGED,16,0.0,0.17081906949005388,0.17878170289855072,3,0.24346702914065002,3.4384615342870615,-0.015625,STOP
calibration,105,1,RUGGED,32,0.0,0.2136890817152408,0.19576539855072464,1,0.15417915539420862,14.046036352705817,-0.015625,STOP
calibration,105,2,EASY,4,0.006790123456790087,0.0798603117525583,0.3317481884057971,0,0.12330143430787963,0.7038096488725211,0.28396990740740746,CONTINUE
calibration,105,2,EASY,8,0.017592592592592493,0.1083469497537436,0.2586050724637681,0,0.1216834166788633,1.3939695478063057,0.13318865740740737,CONTINUE
calibration,105,2,EASY,16,0.0,0.14354355834836707,0.20391757246376813,2,0.2016248443324607,3.225778657898281,0.08112461419753078,CONTINUE
calibration,105,2,EASY,32,0.0,0.16126619303644946,0.234375,9,0.5798373094104592,9.34804520942548,-0.015625,STOP
calibration,105,2,MEDIUM,4,0.0066265060240964235,0.07670814145513208,0.3317481884057971,0,0.12379962325629197,0.7063183328351376,0.28386671686746984,CONTINUE
calibration,105,2,MEDIUM,8,0.02439759036144573,0.10553091253097818,0.2586050724637681,0,0.11844589342824938,1.39762148070645,0.12951807228915663,CONTINUE
calibration,105,2,MEDIUM,16,0.0,0.14222310553899198,0.20391757246376813,2,0.2018800324668573,3.231318549390311,0.08069465361445777,CONTINUE
calibration,105,2,MEDIUM,32,0.0,0.15899839243702973,0.234375,9,0.5805001592241331,9.364522857376127,-0.015625,STOP
calibration,105,2,RUGGED,4,0.006395348837209269,0.07231091260553998,0.3317481884057971,0,0.12449906348835858,0.70977652589132,0.28175872093023246,CONTINUE
calibration,105,2,RUGGED,8,0.006104651162790686,0.10509622201801064,0.2703804347826087,0,0.12708088158989786,1.446231231415219,0.13838117732558142,CONTINUE
calibration,105,2,RUGGED,16,0.0,0.15010031435190285,0.1721014492753623,2,0.20550736773400943,3.0548896505950216,0.010374273255814019,CONTINUE
calibration,105,2,RUGGED,32,0.0,0.18940775335157575,0.20414402173913043,6,0.3937841186012642,8.769224226311835,-0.015625,STOP
calibration,105,3,EASY,4,0.0,0.10967326702146567,0.1899909420289855,1,0.17198858069005282,0.7801526224364996,0.23373842592592592,CONTINUE
calibration,105,3,EASY,8,0.07746913580246906,0.13350620723136228,0.24705615942028986,0,0.09157040266207049,1.4536158302847344,0.06738040123456801,CONTINUE
calibration,105,3,EASY,16,0.0,0.14607498205552275,0.21490036231884058,1,0.1624391645423576,3.7598599601057363,0.01379243827160493,CONTINUE
calibration,105,3,EASY,32,0.0,0.16019054914142772,0.21773097826086957,13,0.7924965790046665,11.771931258298844,0.028616898148148155,CONTINUE
calibration,105,3,MEDIUM,4,0.0,0.10839986734969552,0.1899909420289855,1,0.1722063013133037,0.782899945956268,0.22409638554216865,CONTINUE
calibration,105,3,MEDIUM,8,0.08042168674698791,0.13302406772578032,0.24705615942028986,0,0.09039730301340712,1.4574789637627306,0.06690512048192776,CONTINUE
calibration,105,3,MEDIUM,16,0.0,0.1508998897452327,0.21795742753623187,7,0.46280949071139366,4.455146143923599,0.015239081325301228,CONTINUE
calibration,105,3,MEDIUM,32,0.0,0.1565283297681984,0.20686141304347827,6,0.40258748948123746,9.86069550786635,-0.015625,STOP
calibration,105,3,RUGGED,4,0.0,0.1066531586333455,0.1899909420289855,1,0.17250530133765088,0.7819276982813423,0.21785973837209305,CONTINUE
calibration,105,3,RUGGED,8,0.02587209302325566,0.12727280453378206,0.2427536231884058,0,0.11661930148304102,1.499655661971644,0.13453851744186046,CONTINUE
calibration,105,3,RUGGED,16,0.0,0.14514805607030828,0.2050498188405797,1,0.16393621536359132,3.140175659107088,0.05534156976744187,CONTINUE
calibration,105,3,RUGGED,32,0.0,0.15565834241582954,0.21252264492753623,11,0.7007113087202457,9.754267023870849,-0.015625,STOP
calibration,105,4,EASY,4,0.04351851851851851,0.06275531345191245,0.23222373188405798,0,0.1165903307678038,0.6455891000695717,0.1897955246913579,CONTINUE
calibration,105,4,EASY,8,0.0,0.1172766510243307,0.3314085144927536,2,0.18661748715538568,1.4830123754965945,0.13443287037037033,CONTINUE
calibration,105,4,EASY,16,0.0,0.18931256356090595,0.2105978260869565,3,0.23365748701102695,3.2110322149073847,-0.015625,STOP
calibration,105,4,EASY,32,0.0,0.1666423810728985,0.1878396739130435,19,0.9459453624155114,15.378460204424414,-0.015625,STOP
calibration,105,4,MEDIUM,4,0.035240963855421636,0.06039854384664236,0.23222373188405798,0,0.12122220527469575,0.6510503344266725,0.17630835843373482,CONTINUE
calibration,105,4,MEDIUM,8,0.0,0.11485847166122583,0.3314085144927536,2,0.1870583583637041,1.4917069777649543,0.12988516566265051,CONTINUE
calibration,105,4,MEDIUM,16,0.0,0.18395501083677898,0.2105978260869565,3,0.23481065642725027,3.245210170527621,-0.015625,STOP
calibration,105,4,MEDIUM,32,0.0,0.16343628364454857,0.1878396739130435,19,0.9461417490654223,15.423000144543984,-0.015625,STOP
calibration,105,4,RUGGED,4,0.023546511627906774,0.057288218497197535,0.23222373188405798,0,0.12800636311409974,0.6589703220501264,0.16130087209302324,CONTINUE
calibration,105,4,RUGGED,8,0.0,0.10629057059967345,0.22135416666666666,1,0.1681350123799073,1.4065287859253264,0.06659702034883735,CONTINUE
calibration,105,4,RUGGED,16,0.0,0.1430567805101715,0.19044384057971014,2,0.20389726505555988,3.50403049398361,0.005259811046511742,CONTINUE
calibration,105,4,RUGGED,32,0.0,0.14823390263979438,0.1833106884057971,6,0.41067119910287525,8.54523505359662,-0.015625,STOP
calibration,105,5,EASY,4,0.0,0.08189253559329963,0.37069746376811596,1,0.15200407424959106,0.6868405500380856,0.21055169753086428,CONTINUE
calibration,105,5,EASY,8,0.0012345679012345512,0.14195162501139547,0.34692028985507245,0,0.1167642632379519,1.404269534993883,0.12547260802469146,CONTINUE
calibration,105,5,EASY,16,0.0830246913580247,0.17081945764714113,0.205955615942029,0,0.08898736104932667,3.550530507708493,0.004147376543209888,CONTINUE
calibration,105,5,EASY,32,0.0,0.1633930493625182,0.21184329710144928,11,0.6989041684957298,10.343639708219065,-0.015625,STOP
calibration,105,5,MEDIUM,4,0.0,0.08145826724298151,0.3580163043478261,2,0.18911572429807041,0.7785995759823678,0.21637801204819268,CONTINUE
calibration,105,5,MEDIUM,8,0.07259036144578301,0.14561230606415007,0.3077445652173913,0,0.08742961558602236,1.5686319045401775,0.06192582831325302,CONTINUE
calibration,105,5,MEDIUM,16,0.0,0.17432002802767038,0.2641530797101449,3,0.22734971385824262,3.4907402393920925,0.08389495481927722,CONTINUE
calibration,105,5,MEDIUM,32,0.0,0.137298194144045,0.2307518115942029,9,0.5877060532283657,9.722730278980318,-0.011464608433734869,STOP
calibration,105,5,RUGGED,4,0.06395348837209291,0.07882660740814065,0.25158514492753625,0,0.10285064040383736,0.6660232593010095,0.12158430232558143,CONTINUE
calibration,105,5,RUGGED,8,0.0,0.10496799380305935,0.3363903985507246,4,0.27640753428062553,1.9294619090847203,0.15468750000000006,CONTINUE
calibration,105,5,RUGGED,16,0.0,0.1622134193326923,0.22576992753623187,1,0.15836738615427495,3.794680123596387,0.05622274709302327,CONTINUE
calibration,105,5,RUGGED,32,0.05755813953488376,0.15584540593474072,0.2132019927536232,0,0.10083262995902299,12.420530904467567,-0.015625,STOP
calibration,105,6,EASY,4,0.01388888888888884,0.08904813442382009,0.34725996376811596,0,0.11675115702250195,0.6114835577961614,0.19130979938271614,CONTINUE
calibration,105,6,EASY,8,0.0,0.11562618859675973,0.31850090579710144,3,0.23018758016286342,1.6059388299633883,0.11827739197530862,CONTINUE
calibration,105,6,EASY,16,0.0,0.13754692672216315,0.19451992753623187,1,0.1666474554457409,4.009071002696315,0.06361882716049391,CONTINUE
calibration,105,6,EASY,32,0.0,0.19068644008851648,0.19678442028985507,8,0.5185893906556674,9.113258769122671,-0.015625,STOP
calibration,105,6,MEDIUM,4,0.013554216867469826,0.0839560032462298,0.3485054347826087,0,0.11742709513978017,0.6136130474652367,0.19105798192771084,CONTINUE
calibration,105,6,MEDIUM,8,0.0,0.11900124954019918,0.3504302536231884,3,0.22387395334215715,1.5757245013779384,0.1190323795180723,CONTINUE
calibration,105,6,MEDIUM,16,0.0,0.15069091222750364,0.2229393115942029,2,0.19721880317182658,3.6793034326976244,0.011069277108433723,CONTINUE
calibration,105,6,MEDIUM,32,0.0,0.17824054410030957,0.23947010869565216,3,0.23087825045333274,9.451857705035108,-0.00410391566265059,STOP
calibration,105,6,RUGGED,4,0.07703488372093015,0.07986782214962174,0.34884510869565216,0,0.08867990296468126,0.6311250515541782,0.17501816860465114,CONTINUE
calibration,105,6,RUGGED,8,0.0,0.10724340857616553,0.229393115942029,1,0.16685462725102612,1.5007948827393192,0.11155523255813954,CONTINUE
calibration,105,6,RUGGED,16,0.002034883720930414,0.1198969034332959,0.26460597826086957,0,0.12801143873255727,3.4610434827690706,0.042332848837209114,CONTINUE
calibration,105,6,RUGGED,32,0.0,0.1686027155165721,0.19078351449275363,9,0.5882881644015774,9.523112855976093,-0.015625,STOP
calibration,105,7,EASY,4,0.026543209876543128,0.10031351879566237,0.29528985507246375,0,0.11421596044842669,0.7004661723121823,0.20007716049382723,CONTINUE
calibration,105,7,EASY,8,0.0,0.1286810320853559,0.3235960144927536,1,0.1508418829157511,1.387458030531913,0.07362075617283953,CONTINUE
calibration,105,7,EASY,16,0.0,0.15063625445180637,0.22033514492753623,3,0.24028846731033895,3.269578035692177,0.010792824074074156,CONTINUE
calibration,105,7,EASY,32,0.0,0.23089226564776544,0.18908514492753623,9,0.5704884121166875,9.37775008303737,-0.015625,STOP
calibration,105,7,MEDIUM,4,0.02349397590361435,0.09796814724115659,0.29528985507246375,0,0.11605593513407138,0.7027297923485576,0.20184487951807223,CONTINUE
calibration,105,7,MEDIUM,8,0.0,0.12894330568267479,0.30785778985507245,1,0.1528281140646885,1.394911617770953,0.08376317771084338,CONTINUE
calibration,105,7,MEDIUM,16,0.0,0.14873592172810124,0.22033514492753623,3,0.24070500052349786,3.256151832014721,0.01060805722891571,CONTINUE
calibration,105,7,MEDIUM,32,0.0,0.2296238626811418,0.18908514492753623,9,0.5708613302754689,9.369974220085759,-0.015625,STOP
calibration,105,7,RUGGED,4,0.0,0.09451351835979727,0.29393115942028986,1,0.1601184008742326,0.7633323251310933,0.2203579215116277,CONTINUE
calibration,105,7,RUGGED,8,0.07063953488372088,0.11042111439075275,0.2983469202898551,0,0.09245258183076903,1.4498872814976362,0.08812681686046517,CONTINUE
calibration,105,7,RUGGED,16,0.0,0.1362457927463961,0.21614583333333334,4,0.29325222268671963,3.486407030732914,0.07173873546511633,CONTINUE
calibration,105,7,RUGGED,32,0.0,0.19319669133888873,0.20437047101449277,14,0.826897021716955,12.164872074845375,0.03020530523255808,CONTINUE
calibration,105,8,EASY,4,0.032098765432098775,0.05728015061177111,0.3275588768115942,0,0.11336819755070025,0.6645434817009506,0.29158950617283946,CONTINUE
calibration,105,8,EASY,8,0.02067901234567915,0.07873929938042547,0.20572916666666666,0,0.12970028228776526,1.371525337020591,0.21447723765432086,CONTINUE
calibration,105,8,EASY,16,0.0012345679012345512,0.13968189013359733,0.20652173913043478,0,0.13235294344706697,3.0832976866698076,0.14552469135802462,CONTINUE
calibration,105,8,EASY,32,0.0,0.15624917441228825,0.21942934782608695,2,0.19671898717152259,7.144733953904694,0.005536265432098703,CONTINUE
calibration,105,8,MEDIUM,4,0.0406626506024097,0.05750763852615596,0.35054347826086957,0,0.10689416115923044,0.6650729999104097,0.28548569277108427,CONTINUE
calibration,105,8,MEDIUM,8,0.0,0.08321485289478392,0.27547554347826086,1,0.16447064646803314,1.3683338328870331,0.1904461596385542,CONTINUE
calibration,105,8,MEDIUM,16,0.0,0.15743829437903994,0.18602807971014493,1,0.16452278119956454,2.997010570090047,0.05353915662650595,CONTINUE
calibration,105,8,MEDIUM,32,0.0,0.16399471767368043,0.200294384057971,5,0.3436460393644356,8.572941427217302,0.015634412650602503,CONTINUE
calibration,105,8,RUGGED,4,0.027034883720930325,0.060694282647937234,0.2698143115942029,0,0.12155121945440622,0.7102648161830413,0.27654433139534873,CONTINUE
calibration,105,8,RUGGED,8,0.0,0.07374843397267018,0.284080615942029,1,0.16484953785607065,1.6515024122411452,0.1952125726744186,CONTINUE
calibration,105,8,RUGGED,16,0.0779069767441859,0.1389747716087958,0.2458106884057971,0,0.09094792439957182,3.3243533913689625,0.07474563953488375,CONTINUE
calibration,105,8,RUGGED,32,0.0,0.16903973907688657,0.22837409420289856,12,0.74436449741902,10.629767607695722,0.018068677325581345,CONTINUE
calibration,105,9,EASY,4,0.011419753086419737,0.0750249177828829,0.37839673913043476,0,0.11654885972521602,0.6950947924245976,0.2807773919753087,CONTINUE
calibration,105,9,EASY,8,0.0,0.08530284725836035,0.24354619565217392,1,0.16855407960978866,1.4915606641299786,0.2243730709876543,CONTINUE
calibration,105,9,EASY,16,0.0,0.16104490010907072,0.21807065217391305,4,0.28672887345492465,3.4315837234074187,0.07744984567901236,CONTINUE
calibration,105,9,EASY,32,0.0,0.16576042483750644,0.20267210144927536,4,0.28872496815895293,8.362593088993647,0.011583719135802473,CONTINUE
calibration,105,9,MEDIUM,4,0.0063253012048192225,0.07338912321890903,0.37839673913043476,0,0.11940358537588411,0.6982958521120524,0.26854292168674704,CONTINUE
calibration,105,9,MEDIUM,8,0.0,0.0835825499631002,0.2494338768115942,1,0.16801894394590555,1.4984580761226087,0.22124435240963836,CONTINUE
calibration,105,9,MEDIUM,16,0.0,0.15770624476203005,0.21807065217391305,4,0.28754894088880556,3.4409045034047407,0.07719314759036144,CONTINUE
calibration,105,9,MEDIUM,32,0.03734939759036149,0.17265399690051617,0.229393115942029,0,0.10685034909043188,9.77166469669892,0.008763177710843294,CONTINUE
calibration,105,9,RUGGED,4,0.02005813953488389,0.06074271491891196,0.2916666666666667,0,0.12294327269587302,0.6762027709257534,0.26118277616279056,CONTINUE
calibration,105,9,RUGGED,8,0.0,0.07336664831843993,0.23369565217391305,1,0.1719691046794097,1.5993526746589937,0.21343568313953487,CONTINUE
calibration,105,9,RUGGED,16,0.0,0.17035193590312983,0.19044384057971014,2,0.19863203773974225,3.0998696700065818,-0.015625,STOP
calibration,105,9,RUGGED,32,0.0,0.16662642988179804,0.21410778985507245,18,0.9299512341767121,14.619105268664171,-0.013590116279069774,STOP
calibration,105,10,EASY,4,0.025308641975308577,0.0963801997745945,0.3212182971014493,0,0.11270359761252353,0.8255053319359769,0.2124324845679012,CONTINUE
calibration,105,10,EASY,8,0.0,0.10161860945799212,0.24547101449275363,2,0.20303808080549585,1.811102112964686,0.16506558641975316,CONTINUE
calibration,105,10,EASY,16,0.0,0.14264794179067403,0.26437952898550726,2,0.1922343064498188,3.601263966782137,0.13064236111111124,CONTINUE
calibration,105,10,EASY,32,0.0,0.17268424232060425,0.25101902173913043,4,0.2772306919920029,9.428145130259049,0.006278935185185148,CONTINUE
calibration,105,10,MEDIUM,4,0.01987951807228916,0.09468969315325627,0.3194067028985507,0,0.11583960957686414,0.8303423922922644,0.19878576807228898,CONTINUE
calibration,105,10,MEDIUM,8,0.026204819277108493,0.10423676694819906,0.24818840579710144,0,0.1187525417971248,1.6983337457267742,0.11423192771084334,CONTINUE
calibration,105,10,MEDIUM,16,0.0,0.14539108361756153,0.27377717391304346,5,0.3322011216568824,4.0351643211376205,0.014533132530120563,CONTINUE
calibration,105,10,MEDIUM,32,0.0,0.15833311000406358,0.17787590579710144,9,0.5943853709158461,10.560336201716456,-0.007191265060240953,STOP
calibration,105,10,RUGGED,4,0.012209302325581373,0.09396138758543186,0.31046195652173914,0,0.12086522483924914,0.8347785530625235,0.18486555232558144,CONTINUE
calibration,105,10,RUGGED,8,0.0822674418604653,0.10686130687445598,0.24592391304347827,0,0.09233143056752298,1.659076734343742,0.06653343023255809,CONTINUE
calibration,105,10,RUGGED,16,0.0,0.14459976095789026,0.23675271739130435,2,0.1961910904737055,3.81621227077819,0.01982194767441864,CONTINUE
calibration,105,10,RUGGED,32,0.0,0.15253029090993378,0.18104619565217392,5,0.3511284776953748,9.01944742217911,-0.015625,STOP
calibration,105,11,EASY,4,0.08302469135802493,0.09272087592623854,0.35144927536231885,0,0.08487836313355825,0.6085606798128547,0.2258391203703703,CONTINUE
calibration,105,11,EASY,8,0.0,0.12317599172525036,0.22792119565217392,1,0.16441582062842783,1.3666438422030112,0.13597608024691357,CONTINUE
calibration,105,11,EASY,16,0.0830246913580247,0.14759956758367063,0.2112771739130435,0,0.09083184617964297,3.038276640203844,0.0076967592592592365,CONTINUE
calibration,105,11,EASY,32,0.0,0.18091620051066165,0.1760643115942029,16,0.8915658524397351,13.16300792823721,0.027536651234567847,CONTINUE
calibration,105,11,MEDIUM,4,0.08975903614457825,0.09115836949539631,0.28872282608695654,0,0.08731185106089699,0.6203381285002084,0.2000847138554217,CONTINUE
calibration,105,11,MEDIUM,8,0.0036144578313253017,0.1240223695769166,0.296195652173913,0,0.12313251096489067,1.4070142865182338,0.14562311746987955,CONTINUE
calibration,105,11,MEDIUM,16,0.0,0.13137940320664449,0.21784420289855072,5,0.3485317146140178,3.6780531414827022,0.019333584337349455,CONTINUE
calibration,105,11,MEDIUM,32,0.0,0.17641460811916734,0.2128623188405797,1,0.15781717913681778,12.512153392241467,0.016876882530120582,CONTINUE
calibration,105,11,RUGGED,4,0.08313953488372094,0.08272355885667086,0.32914402173913043,0,0.08753508373737759,0.6081433891050267,0.20177143895348842,CONTINUE
calibration,105,11,RUGGED,8,0.0,0.11473412443880214,0.265625,1,0.1606626415141851,1.4453218670292087,0.12899709302325593,CONTINUE
calibration,105,11,RUGGED,16,0.029941860465116044,0.1193335929453845,0.19350090579710144,0,0.12063713000422252,3.5134236533993937,0.08583757267441874,CONTINUE
calibration,105,11,RUGGED,32,0.0,0.18554849212972518,0.18229166666666666,2,0.19703181857627572,8.401791625297342,-0.015625,STOP
validation,106,0,EASY,4,0.06790123456790109,0.06677065201486809,0.38813405797101447,0,0.0904819045157785,0.6497609055403282,0.20991512345679025,CONTINUE
validation,106,0,EASY,8,0.0830246913580247,0.09617620428206855,0.1644021739130435,0,0.10020606359296695,1.5105495956210606,0.1419174382716049,CONTINUE
validation,106,0,EASY,16,0.0,0.14618820669135174,0.2301856884057971,1,0.16035197592389255,3.4681306835194903,0.02239583333333331,CONTINUE
validation,106,0,EASY,32,0.0,0.17943664267959267,0.24128170289855072,5,0.3303492954720506,9.754132143726382,0.006510416666666685,CONTINUE
validation,106,0,MEDIUM,4,0.06867469879518073,0.06190290208490779,0.3873414855072464,0,0.09070983574517082,0.6557708325862658,0.1866340361445783,CONTINUE
validation,106,0,MEDIUM,8,0.07981927710843373,0.10272077310187823,0.29585597826086957,0,0.08962540894933463,1.4038305301135008,0.14986822289156632,CONTINUE
validation,106,0,MEDIUM,16,0.009939759036144524,0.14691698778743545,0.28679800724637683,0,0.11786583345121021,3.07815923164104,0.07789909638554215,CONTINUE
validation,106,0,MEDIUM,32,0.0,0.1691629327004999,0.245018115942029,7,0.4506577094109087,8.091600644142222,0.01012801204819265,CONTINUE
validation,106,0,RUGGED,4,0.07063953488372088,0.06370866119105444,0.34035326086956524,0,0.09363809946941841,0.6984132505222209,0.17852470930232553,CONTINUE
validation,106,0,RUGGED,8,0.0,0.10388171714018173,0.2112771739130435,2,0.20817930250682368,1.5400206439187523,0.018377543604651117,CONTINUE
validation,106,0,RUGGED,16,0.0,0.14520329387433206,0.2374320652173913,7,0.4596688091536498,4.545296461204125,-0.014462209302325585,STOP
validation,106,0,RUGGED,32,0.0,0.14972959804476602,0.2425271739130435,9,0.5812233317327252,13.648113723985926,-0.014026162790697676,STOP
validation,106,1,EASY,4,0.01388888888888895,0.10118325097512042,0.2682291666666667,0,0.12356518381674074,0.681772547862938,0.19354745370370363,CONTINUE
validation,106,1,EASY,8,0.04969135802469138,0.13928757696814234,0.25747282608695654,0,0.10219458106811923,1.4190805394659203,0.05812114197530857,CONTINUE
validation,106,1,EASY,16,0.0,0.14636445829744216,0.2608695652173913,5,0.3348105773174663,3.8045966451104936,0.05038580246913575,CONTINUE
validation,106,1,EASY,32,0.0,0.18314435979542928,0.22644927536231885,3,0.23214789301431668,10.863308336804504,0.02058256172839506,CONTINUE
validation,106,1,MEDIUM,4,0.013554216867469937,0.10002923463890465,0.2682291666666667,0,0.12389675643215027,0.6764300894228875,0.18056287650602393,CONTINUE
validation,106,1,MEDIUM,8,0.050903614457831314,0.13834026856186032,0.25747282608695654,0,0.1017436372149046,1.4163038972506954,0.06089984939759033,CONTINUE
validation,106,1,MEDIUM,16,0.0,0.15986228631064417,0.24569746376811594,2,0.19192779131240664,3.4754330298907767,0.00777484939759044,CONTINUE
validation,106,1,MEDIUM,32,0.0,0.1828263819990529,0.1911231884057971,15,0.8628878060223844,12.79907421527159,-0.015625,STOP
validation,106,1,RUGGED,4,0.013081395348837233,0.09530586095894437,0.2664175724637681,0,0.1249692214809342,0.6696667864894227,0.18035065406976747,CONTINUE
validation,106,1,RUGGED,8,0.0526162790697674,0.13718636511119472,0.25747282608695654,0,0.1010894410995574,1.4131784905707363,0.05265261627906981,CONTINUE
validation,106,1,RUGGED,16,0.07703488372093015,0.16360852284978686,0.23788496376811594,0,0.08952980234878474,3.4633878564734877,-0.013154069767441861,STOP
validation,106,1,RUGGED,32,0.0,0.18933100850969156,0.17651721014492755,16,0.8905416322721388,13.624738162189114,-0.015625,STOP
validation,106,2,EASY,4,0.06419753086419733,0.0671859821633029,0.3323143115942029,0,0.09674509700478091,0.6941396155872988,0.23653549382716066,CONTINUE
validation,106,2,EASY,8,0.0,0.06786944226258677,0.2504528985507246,1,0.17052709733695026,1.4775666689974198,0.1464699074074074,CONTINUE
validation,106,2,EASY,16,0.0,0.14411092464548914,0.2307518115942029,2,0.1972320211628299,3.377964933927041,0.06948302469135798,CONTINUE
validation,106,2,EASY,32,0.0,0.15852101721331782,0.19984148550724637,12,0.7521166751396232,10.688476582164947,-0.0007137345679012336,STOP
validation,106,2,MEDIUM,4,0.05933734939759028,0.050515654219944646,0.35190217391304346,0,0.09892667597900381,0.7331383996874766,0.28455384036144576,CONTINUE
validation,106,2,MEDIUM,8,0.027710843373493943,0.0679579594786654,0.24728260869565216,0,0.12266989285103294,1.6021883342177,0.18825301204819267,CONTINUE
validation,106,2,MEDIUM,16,0.0,0.15785762703722608,0.23596014492753623,1,0.1577069676245235,3.1310253192630912,0.0028426204819276824,CONTINUE
validation,106,2,MEDIUM,32,0.0,0.18682418567237355,0.17697010869565216,3,0.24027742663956986,10.560482937785313,-0.014231927710843369,STOP
validation,106,2,RUGGED,4,0.013081395348837344,0.049476917592845386,0.3439764492753623,0,0.12252259678833885,0.7260475258403657,0.33467478197674416,CONTINUE
validation,106,2,RUGGED,8,0.07703488372093026,0.09439397089582514,0.2511322463768116,0,0.09538574857229466,1.3397327688027212,0.04934593023255811,CONTINUE
validation,106,2,RUGGED,16,0.013081395348837233,0.16597336304748486,0.2050498188405797,0,0.12242918935115041,3.193255571547557,0.006259084302325604,CONTINUE
validation,106,2,RUGGED,32,0.0,0.1578165490363752,0.192481884057971,16,0.8926536619026043,13.3796312872694,0.009493095930232572,CONTINUE
validation,106,3,EASY,4,0.056481481481481466,0.092618134194376,0.31906702898550726,0,0.09862325749028363,0.7121119690608398,0.20636574074074077,CONTINUE
validation,106,3,EASY,8,0.0,0.11991846016908371,0.27694746376811596,1,0.15831093585221157,1.5618904855965754,0.14745370370370375,CONTINUE
validation,106,3,EASY,16,0.0,0.14077861965502805,0.21184329710144928,4,0.29301665857188575,3.6790448109452654,0.02603202160493831,CONTINUE
validation,106,3,EASY,32,0.0,0.19314900711191982,0.21478713768115942,5,0.3325740410120735,9.537627274505926,0.014419367283950588,CONTINUE
validation,106,3,MEDIUM,4,0.0,0.08353596173573669,0.3222373188405797,2,0.19427301818478937,0.8542966752758137,0.2699548192771084,CONTINUE
validation,106,3,MEDIUM,8,0.0,0.11163776022580232,0.3836050724637681,1,0.1458447355894182,1.6388762647811237,0.15111069277108433,CONTINUE
validation,106,3,MEDIUM,16,0.0,0.14515856957619175,0.22871376811594202,1,0.16071684487623636,3.0865851880686335,0.010608057228915696,CONTINUE
validation,106,3,MEDIUM,32,0.05963855421686748,0.209935755657976,0.21739130434782608,0,0.09385000935452148,7.1641030495663225,-0.013516566265060231,STOP
validation,106,3,RUGGED,4,0.03837209302325573,0.08373103643463244,0.2829483695652174,0,0.1115221909562514,0.7442379704511654,0.21654251453488382,CONTINUE
validation,106,3,RUGGED,8,0.020058139534883668,0.11754094586848166,0.2519248188405797,0,0.11991190612696856,1.477798284813261,0.13769985465116272,CONTINUE
validation,106,3,RUGGED,16,0.06366279069767433,0.12572968240132906,0.23120471014492755,0,0.09971508800727004,3.1714882135390425,-0.013889898255813948,STOP
validation,106,3,RUGGED,32,0.0,0.1808223653599015,0.21274909420289856,16,0.8879792314738617,13.377882772858715,-0.015625,STOP
validation,106,4,EASY,4,0.0,0.09335875220774353,0.23505434782608695,1,0.16838944165759118,0.762966639018033,0.19498456790123447,CONTINUE
validation,106,4,EASY,8,0.0,0.1262024502928652,0.34080615942028986,1,0.1490274823319074,1.5218241616242707,0.09180169753086426,CONTINUE
validation,106,4,EASY,16,0.0,0.14186277967946692,0.2301856884057971,5,0.34289466679837144,3.8150136007702127,0.015451388888888959,CONTINUE
validation,106,4,EASY,32,0.0737654320987653,0.14738906386461134,0.18568840579710144,0,0.0969675201545143,9.815220202928232,-0.015625,STOP
validation,106,4,MEDIUM,4,0.0,0.08773767380002882,0.23143115942028986,1,0.1698463826176915,0.766511831445751,0.19594314759036147,CONTINUE
validation,106,4,MEDIUM,8,0.0,0.12720160354071616,0.32937047101449274,1,0.1503303532917647,1.5336641181269468,0.09775978915662645,CONTINUE
validation,106,4,MEDIUM,16,0.0,0.13817194002426975,0.2301856884057971,5,0.34389329478363473,3.832840594190101,0.012914156626505996,CONTINUE
validation,106,4,MEDIUM,32,0.069578313253012,0.14552328596009947,0.18568840579710144,0,0.0990158332589333,9.84595124529867,-0.015625,STOP
validation,106,4,RUGGED,4,0.0,0.0881779984182351,0.2235054347826087,1,0.17089194519268736,0.7700408789207165,0.1855741279069767,CONTINUE
validation,106,4,RUGGED,8,0.0,0.12480057722018091,0.32937047101449274,1,0.1506987471757401,1.5458689264553862,0.08011446220930238,CONTINUE
validation,106,4,RUGGED,16,0.0,0.13299418108241187,0.2301856884057971,5,0.3452965649844937,3.852434660200076,0.009974563953488363,CONTINUE
validation,106,4,RUGGED,32,0.06366279069767455,0.14293341650872612,0.18568840579710144,0,0.10197021646245212,9.885164270161305,-0.015625,STOP
validation,106,5,EASY,4,0.0,0.08224581158619589,0.36163949275362317,1,0.15312033893615642,0.7593269505846156,0.2446469907407407,CONTINUE
validation,106,5,EASY,8,0.05401234567901225,0.11554997710831706,0.2753623188405797,0,0.10118888210344894,1.4113742703518148,0.08080632716049391,CONTINUE
validation,106,5,EASY,16,0.0,0.1455269892443027,0.203125,4,0.29364271885377624,3.548821054030298,0.011371527777777668,CONTINUE
validation,106,5,EASY,32,0.0,0.16712183186011084,0.20471014492753623,10,0.6444528191061313,10.225571660084332,0.018441358024691316,CONTINUE
validation,106,5,MEDIUM,4,0.0,0.08388641996463186,0.257133152173913,1,0.16689471584914636,0.742451812962129,0.27467996987951804,CONTINUE
validation,106,5,MEDIUM,8,0.0,0.122790763805798,0.27615489130434784,2,0.19411288464271623,1.6500600977680706,0.12975338855421686,CONTINUE
validation,106,5,MEDIUM,16,0.0,0.15927938610801504,0.1897644927536232,1,0.16370714093977656,3.3947933627294837,0.0013648343373494562,CONTINUE
validation,106,5,MEDIUM,32,0.0,0.1814133149685531,0.2132019927536232,8,0.5172686362594996,9.214375933519339,-0.015625,STOP
validation,106,5,RUGGED,4,0.0,0.08203454764612322,0.3747735507246377,1,0.15145751367046437,0.7085682412620182,0.2753724563953488,CONTINUE
validation,106,5,RUGGED,8,0.013953488372093092,0.12667612347636337,0.21829710144927536,0,0.12563951927819614,1.4162168667273725,0.13145893895348834,CONTINUE
validation,106,5,RUGGED,16,0.0,0.15110205294299328,0.22361865942028986,1,0.16044226042703644,3.1864964509388414,0.0024527616279069395,CONTINUE
validation,106,5,RUGGED,32,0.0,0.20353008062772768,0.17798913043478262,3,0.23645299954980264,11.340105106407552,-0.015625,STOP
validation,106,6,EASY,4,0.0527777777777777,0.08896332414862869,0.4214221014492754,0,0.09178210491491243,0.6672922986655373,0.24686535493827166,CONTINUE
validation,106,6,EASY,8,0.031481481481481444,0.10059633400386725,0.2818161231884058,0,0.11305193329546172,1.4278485020364426,0.13946759259259253,CONTINUE
validation,106,6,EASY,16,0.0,0.13908208204642422,0.2536231884057971,4,0.2848516089311042,3.3458724056578832,0.0246431327160494,CONTINUE
validation,106,6,EASY,32,0.0,0.18884978451736245,0.19180253623188406,3,0.2371402833922015,8.423683319708005,-0.015625,STOP
validation,106,6,MEDIUM,4,0.04909638554216866,0.08795799256986284,0.37092391304347827,0,0.09779613678820064,0.6812674838770147,0.23512801204819272,CONTINUE
validation,106,6,MEDIUM,8,0.020783132530120207,0.08725927816629474,0.2898550724637681,0,0.11936240821627633,1.45492666001412,0.14116152108433744,CONTINUE
validation,106,6,MEDIUM,16,0.0,0.13912551861042635,0.21705163043478262,3,0.24342325582218916,3.2506787095790735,0.010843373493975912,CONTINUE
validation,106,6,MEDIUM,32,0.0,0.1659751354139414,0.21444746376811594,12,0.7476998870727883,11.436197299965482,0.027146084337349344,CONTINUE
validation,106,6,RUGGED,4,0.04389534883720936,0.09502480837731075,0.471580615942029,0,0.09070252251933923,0.6647349443419951,0.2441860465116279,CONTINUE
validation,106,6,RUGGED,8,0.13546511627906976,0.10615537770012501,0.43376358695652173,0,0.06074081297576909,1.402991238597019,0.06503452034883717,CONTINUE
validation,106,6,RUGGED,16,0.0,0.14747882109010643,0.21229619565217392,4,0.2912603355647627,3.504061983451394,0.00900254360465115,CONTINUE
validation,106,6,RUGGED,32,0.0,0.1733799990597662,0.16474184782608695,8,0.5317577288380831,11.048912411419943,0.007812500000000056,CONTINUE
validation,106,7,EASY,4,0.0,0.06849241564104053,0.3198596014492754,1,0.16083201115642193,0.6711633319148149,0.21836419753086422,CONTINUE
validation,106,7,EASY,8,0.015123456790123502,0.08310203892185744,0.1827445652173913,0,0.13492649916144778,1.6372250569914297,0.13885995370370363,CONTINUE
validation,106,7,EASY,16,0.0037037037037036535,0.13239376659900873,0.24014945652173914,0,0.12813608419204844,3.5270963095336687,0.08115354938271618,CONTINUE
validation,106,7,EASY,32,0.0,0.1542437687250579,0.17900815217391305,7,0.47150573844699084,8.284179311502852,-0.015625,STOP
validation,106,7,MEDIUM,4,0.0018072289156625954,0.04792580890178675,0.34499547101449274,0,0.128807649775242,0.7283669503348943,0.2825583584337349,CONTINUE
validation,106,7,MEDIUM,8,0.0033132530120482118,0.05272138299438976,0.29245923913043476,0,0.13327683831289489,1.4947134973364449,0.2828501506024095,CONTINUE
validation,106,7,MEDIUM,16,0.0,0.11991406293591485,0.2896286231884058,1,0.15662919890801388,3.013112780826293,0.10584525602409636,CONTINUE
validation,106,7,MEDIUM,32,0.0,0.16065488469366832,0.18704710144927536,1,0.16385324489137854,6.4488112603005545,-0.015625,STOP
validation,106,7,RUGGED,4,0.019767441860465196,0.05179854422573781,0.400588768115942,0,0.11288708222220863,0.7118562265344858,0.23507449127906965,CONTINUE
validation,106,7,RUGGED,8,0.0840116279069767,0.08112208709712225,0.2803442028985507,0,0.0913095722221955,1.4112714736673302,0.11326308139534885,CONTINUE
validation,106,7,RUGGED,16,0.013081395348837344,0.12090839271421928,0.21410778985507245,0,0.12734894644913283,3.6328629947638302,0.07742550872093018,CONTINUE
validation,106,7,RUGGED,32,0.0,0.14589136424189947,0.20210597826086957,1,0.16421764105692285,9.225090929155328,0.010383357558139603,CONTINUE
validation,106,8,EASY,4,0.0024691358024693244,0.08831594366251493,0.40024909420289856,0,0.11726653261372008,0.6733953969948566,0.2273533950617283,CONTINUE
validation,106,8,EASY,8,0.01512345679012339,0.11236693382275979,0.3648097826086957,0,0.1115240429926909,1.3915912119982101,0.14367283950617293,CONTINUE
validation,106,8,EASY,16,0.0,0.14205679243735364,0.2541893115942029,3,0.23601415805599713,3.0988155280989242,0.03761574074074078,CONTINUE
validation,106,8,EASY,32,0.0,0.21998673755015943,0.15579710144927536,6,0.3965691114671554,8.471803483404521,0.03549382716049378,CONTINUE
validation,106,8,MEDIUM,4,0.0072289156626506035,0.07737541093572492,0.39243659420289856,0,0.11697103472373342,0.6735529221922738,0.1946630271084337,CONTINUE
validation,106,8,MEDIUM,8,0.0,0.17034161519335067,0.24864130434782608,1,0.15406717528624467,1.4782826141330034,0.013365963855421673,CONTINUE
validation,106,8,MEDIUM,16,0.04246987951807213,0.1472042188417018,0.24422554347826086,0,0.10590969326237493,3.8578124892658985,-0.010353915662650596,STOP
validation,106,8,MEDIUM,32,0.0,0.2074286421432338,0.16032608695652173,12,0.7485247214222505,11.444446293472236,-0.015625,STOP
validation,106,8,RUGGED,4,0.013953488372093203,0.08152051503506487,0.37726449275362317,0,0.11457313060581167,0.6717747608750032,0.20002725290697676,CONTINUE
validation,106,8,RUGGED,8,0.06366279069767444,0.13476494565726566,0.19870923913043478,0,0.1016758530006194,1.3263069196814383,0.0740007267441859,CONTINUE
validation,106,8,RUGGED,16,0.0,0.16172299867473447,0.22452445652173914,1,0.15861198475919672,2.8847156462171557,-0.015625,STOP
validation,106,8,RUGGED,32,0.0,0.2220464788345795,0.1663269927536232,17,0.9102929600569794,13.746951661607042,-0.015625,STOP
validation,106,9,EASY,4,0.08179012345679004,0.10059755796436633,0.3736413043478261,0,0.08292071715338964,0.6848832438322057,0.20054976851851863,CONTINUE
validation,106,9,EASY,8,0.0,0.08284231052409498,0.34556159420289856,1,0.15512304419164444,1.5065934692488847,0.1852623456790124,CONTINUE
validation,106,9,EASY,16,0.0,0.15884296764144284,0.21954257246376813,3,0.23863927940064647,3.394818090652224,0.07982253086419755,CONTINUE
validation,106,9,EASY,32,0.0,0.15909924561878427,0.21184329710144928,2,0.19737812746058958,7.619971293823176,0.024903549382715967,CONTINUE
validation,106,9,MEDIUM,4,0.07981927710843362,0.09773460797440045,0.3736413043478261,0,0.08393695407188428,0.6863604427542691,0.18504329819277104,CONTINUE
validation,106,9,MEDIUM,8,0.027710843373493943,0.08780092407176908,0.372169384057971,0,0.10754327409485885,1.4378030361132685,0.12944277108433744,CONTINUE
validation,106,9,MEDIUM,16,0.0063253012048192225,0.1637156906574679,0.21524003623188406,0,0.12528298423161333,2.818363405703701,0.010090361445783208,CONTINUE
validation,106,9,MEDIUM,32,0.0,0.15459174739998122,0.22554347826086957,15,0.8628240552967096,12.179592626837993,-0.00768072289156628,STOP
validation,106,9,RUGGED,4,0.006686046511627963,0.10617326523721671,0.36877264492753625,0,0.11612886517182408,0.7352287546783844,0.2130813953488372,CONTINUE
validation,106,9,RUGGED,8,0.03953488372093017,0.10336841969689872,0.21886322463768115,0,0.11500771169289851,1.4491720400654413,0.0703034156976744,CONTINUE
validation,106,9,RUGGED,16,0.0,0.11456927644982355,0.2563405797101449,2,0.19879802465367272,3.347186889488765,0.04897347383720922,CONTINUE
validation,106,9,RUGGED,32,0.013953488372093092,0.13768987528779278,0.19542572463768115,0,0.12670398724980647,8.888176187985204,0.011219113372092908,CONTINUE
validation,106,10,EASY,4,0.0,0.0841302613492748,0.1802536231884058,2,0.21734433595031538,0.9020565410332451,0.2094907407407407,CONTINUE
validation,106,10,EASY,8,0.0,0.12713864164485345,0.17289402173913043,1,0.17143936240315585,1.753331486326963,0.1138695987654321,CONTINUE
validation,106,10,EASY,16,0.0,0.15873792935312928,0.21229619565217392,3,0.2399813590443403,3.685215963567928,0.006529706790123407,CONTINUE
validation,106,10,EASY,32,0.0,0.1769703690626754,0.1871603260869565,5,0.34309663754418956,11.557433245576057,0.016531635802469108,CONTINUE
validation,106,10,MEDIUM,4,0.0,0.08332491066449557,0.1802536231884058,2,0.21750877461971269,0.8997582532965596,0.20417921686746976,CONTINUE
validation,106,10,MEDIUM,8,0.0,0.12829540787501956,0.17289402173913043,1,0.17124227285683752,1.754377599435721,0.11096573795180714,CONTINUE
validation,106,10,MEDIUM,16,0.0,0.15836980141379464,0.21229619565217392,3,0.2400619398600369,3.687686467577847,0.008847891566264934,CONTINUE
validation,106,10,MEDIUM,32,0.0,0.17444775098595358,0.1871603260869565,5,0.3437792224647632,11.566562310522468,0.015455572289156595,CONTINUE
validation,106,10,RUGGED,4,0.0,0.08248046704228228,0.1802536231884058,2,0.2176812918450524,0.896424239462005,0.1969567587209301,CONTINUE
validation,106,10,RUGGED,8,0.0,0.13004129079199936,0.17289402173913043,1,0.17094515021200646,1.7595551773999851,0.10572311046511623,CONTINUE
validation,106,10,RUGGED,16,0.0,0.15814849229763234,0.20550271739130435,3,0.24135209974711544,3.696206408797417,0.017423691860465107,CONTINUE
validation,106,10,RUGGED,32,0.0,0.16797741897715424,0.18376358695652173,12,0.7529975112644125,11.849809237251241,-0.009447674418604644,STOP
validation,106,11,EASY,4,0.08302469135802482,0.08212773478748966,0.3354846014492754,0,0.08713245669270461,0.6503081932982873,0.19717399691358012,CONTINUE
validation,106,11,EASY,8,0.08179012345679004,0.11922485413101983,0.24094202898550723,0,0.09170748564831664,1.4624506605220065,0.06234567901234575,CONTINUE
validation,106,11,EASY,16,0.0,0.16682266901337708,0.20991847826086957,3,0.23864808288493164,3.4295400483259604,0.0046778549382715945,CONTINUE
validation,106,11,EASY,32,0.0,0.1740614866804087,0.205955615942029,8,0.5212797878783851,10.454490503650135,-0.015625,STOP
validation,106,11,MEDIUM,4,0.08343373493975903,0.08112173220208482,0.3354846014492754,0,0.08706582372496513,0.6499133227672145,0.1884318524096385,CONTINUE
validation,106,11,MEDIUM,8,0.07981927710843362,0.117290089024724,0.24094202898550723,0,0.0927267630477236,1.4626580043476691,0.06455195783132534,CONTINUE
validation,106,11,MEDIUM,16,0.0,0.16502656420979256,0.20991847826086957,3,0.2390399157449486,3.436978000299742,0.0035485692771083793,CONTINUE
validation,106,11,MEDIUM,32,0.0,0.17953008863406725,0.19859601449275363,6,0.39794568943600606,9.022142461194315,-0.015625,STOP
validation,106,11,RUGGED,4,0.045348837209302384,0.08133536673588482,0.34171195652173914,0,0.10284011564880498,0.6723951440554113,0.2252089389534882,CONTINUE
validation,106,11,RUGGED,8,0.013081395348837122,0.10811865091055785,0.3591485507246377,0,0.11361882137741781,1.3057142052069226,0.08744549418604661,CONTINUE
validation,106,11,RUGGED,16,0.05697674418604659,0.16041666986761882,0.2000679347826087,0,0.10179369076107789,3.117016736118493,0.012163880813953434,CONTINUE
validation,106,11,RUGGED,32,0.0,0.1787368831000423,0.213768115942029,2,0.19337113040338816,8.892117650821547,-0.015625,STOP
validation,107,0,EASY,4,0.06296296296296289,0.1020423917308164,0.27524909420289856,0,0.09863227361335453,0.6232822034250205,0.1557098765432098,CONTINUE
validation,107,0,EASY,8,0.0,0.11128497616155965,0.25679347826086957,1,0.16241942305849114,1.4662616485474067,0.07678433641975319,CONTINUE
validation,107,0,EASY,16,0.06234567901234567,0.12074034732743369,0.205955615942029,0,0.10316220796207053,4.507318983258255,0.004629629629629664,CONTINUE
validation,107,0,EASY,32,0.0,0.14467502686048947,0.21161684782608695,9,0.5901953787547429,10.551368262124235,0.013136574074074044,CONTINUE
validation,107,0,MEDIUM,4,0.05903614457831308,0.09961142367641933,0.22984601449275363,0,0.10484062400040961,0.6474639784683707,0.1463384789156627,CONTINUE
validation,107,0,MEDIUM,8,0.0,0.09915293352541787,0.29200634057971014,1,0.15962916465518054,1.484454573168964,0.07261859939759033,CONTINUE
validation,107,0,MEDIUM,16,0.0036144578313253017,0.12128086986047133,0.22927989130434784,0,0.13091539277042782,4.159634725209929,0.020368975903614535,CONTINUE
validation,107,0,MEDIUM,32,0.0,0.15258070438909813,0.21875,2,0.19752320853806957,8.180542016383956,-0.015625,STOP
validation,107,0,RUGGED,4,0.03691860465116281,0.09750381878703113,0.23301630434782608,0,0.11561631618937164,0.6496751196420542,0.14682957848837203,CONTINUE
validation,107,0,RUGGED,8,0.000581395348837277,0.10455643849980457,0.286231884057971,0,0.1284642100112364,1.4313064608275958,0.06233648255813945,CONTINUE
validation,107,0,RUGGED,16,0.0,0.12916613907638813,0.20323822463768115,7,0.4729669887906543,4.509669257859757,0.037690770348837194,CONTINUE
validation,107,0,RUGGED,32,0.0,0.14370413895144202,0.20935235507246377,10,0.6498096655028706,10.810146612980414,-0.015625,STOP
validation,107,1,EASY,4,0.01388888888888884,0.06720347782009893,0.25294384057971014,0,0.12976564474222232,0.6969260844172859,0.2453703703703704,CONTINUE
validation,107,1,EASY,8,0.095679012345679,0.10522702995819247,0.22316576086956522,0,0.08884390623245976,1.395912863938025,0.07568479938271597,CONTINUE
validation,107,1,EASY,16,0.0,0.1392669655947634,0.18093297101449277,1,0.16825386476229215,4.112381751573453,0.006365740740740644,CONTINUE
validation,107,1,EASY,32,0.0,0.17175641636413838,0.22769474637681159,6,0.3932187090539302,10.181988173498967,-0.014467592592592587,STOP
validation,107,1,MEDIUM,4,0.013554216867469937,0.0663360259528737,0.25294384057971014,0,0.13007246961504254,0.6993554950798768,0.2387989457831325,CONTINUE
validation,107,1,MEDIUM,8,0.09337349397590367,0.10381395549343964,0.22316576086956522,0,0.08992017547340336,1.400590772275155,0.07539533132530113,CONTINUE
validation,107,1,MEDIUM,16,0.0,0.13777411749780563,0.18093297101449277,1,0.1685047128329377,4.120230746424788,0.003087349397590311,CONTINUE
validation,107,1,MEDIUM,32,0.0,0.16860597945085382,0.22769474637681159,6,0.3941210968765876,10.20459308181348,-0.014344879518072284,STOP
validation,107,1,RUGGED,4,0.013081395348837233,0.06283477191410189,0.2597373188405797,0,0.13004668794533353,0.702439631347378,0.22526344476744176,CONTINUE
validation,107,1,RUGGED,8,0.05755813953488376,0.10218783626844775,0.30480072463768115,0,0.09839231137843389,1.394584690039874,0.08934411337209303,CONTINUE
validation,107,1,RUGGED,16,0.0,0.14078777953005048,0.17708333333333334,3,0.250484741558352,3.1838932783844203,0.007185683139534868,CONTINUE
validation,107,1,RUGGED,32,0.0,0.18466707368150315,0.22078804347826086,1,0.15546198314376217,11.276360470464775,0.009238735465116249,CONTINUE
validation,107,2,EASY,4,0.16481481481481475,0.10335695351278876,0.1989356884057971,0,0.06617179902725047,0.5883513018064208,0.05614390432098776,CONTINUE
validation,107,2,EASY,8,0.0,0.152804915770165,0.19519927536231885,4,0.29347519825560986,1.8884545984332652,0.07775848765432114,CONTINUE
validation,107,2,EASY,16,0.0,0.1431236126009973,0.24535778985507245,2,0.19511565280154522,3.9693225716551708,-0.0013213734567901411,STOP
validation,107,2,EASY,32,0.0,0.1525170102906226,0.2313179347826087,4,0.28611289822032404,12.274576538837511,-0.012384259259259262,STOP
validation,107,2,MEDIUM,4,0.16325301204819265,0.10107181476295946,0.1989356884057971,0,0.06682678112302806,0.5916586898517052,0.06474962349397595,CONTINUE
validation,107,2,MEDIUM,8,0.0,0.14979463759656497,0.19519927536231885,4,0.294224765051678,1.8948987995111064,0.0758471385542169,CONTINUE
validation,107,2,MEDIUM,16,0.0,0.13984620614573304,0.24535778985507245,2,0.1957340359523711,3.9824279640248412,-0.0024378765060241343,STOP
validation,107,2,MEDIUM,32,0.0,0.15302116411039007,0.22282608695652173,4,0.2877265218928028,12.300571854089528,0.012377635542168738,CONTINUE
validation,107,2,RUGGED,4,0.16104651162790695,0.09769451300309465,0.28000452898550726,0,0.06282773464023099,0.5898973489903523,0.054723837209302365,CONTINUE
validation,107,2,RUGGED,8,0.0,0.14415503719564884,0.19712409420289856,4,0.29523138491758344,1.9065233070936811,0.07263808139534889,CONTINUE
validation,107,2,RUGGED,16,0.0,0.13800903293534855,0.22724184782608695,2,0.19895273205459563,4.007010748155175,0.00452398255813953,CONTINUE
validation,107,2,RUGGED,32,0.0,0.14685604005853856,0.22826086956521738,12,0.7494182233481086,11.616281181926684,-0.015625,STOP
validation,107,3,EASY,4,0.015123456790123613,0.09677186470305424,0.3660552536231884,0,0.11326672717654489,0.6472020276405992,0.2180652006172838,CONTINUE
validation,107,3,EASY,8,0.059876543209876565,0.12175935637538918,0.24105525362318841,0,0.10096489528715955,1.342602097441674,0.08717206790123455,CONTINUE
validation,107,3,EASY,16,0.07499999999999996,0.14993620146064957,0.19735054347826086,0,0.0951534960163912,3.3978763523293427,0.022926311728394988,CONTINUE
validation,107,3,EASY,32,0.0,0.17843782527628746,0.2090126811594203,8,0.5192060276809364,8.825806955148181,0.004533179012345644,CONTINUE
validation,107,3,MEDIUM,4,0.01716867469879535,0.09289792240146319,0.2547554347826087,0,0.12432713359169956,0.6623038634611035,0.20097891566265053,CONTINUE
validation,107,3,MEDIUM,8,0.056024096385542066,0.12038410035963752,0.24105525362318841,0,0.10287905082594179,1.3629449370663098,0.081202936746988,CONTINUE
validation,107,3,MEDIUM,16,0.0731927710843373,0.1456679003247981,0.19735054347826086,0,0.09637950598102886,3.4213648347406878,0.020783132530120485,CONTINUE
validation,107,3,MEDIUM,32,0.0,0.17726035655869135,0.2090126811594203,8,0.5195587374643278,8.848896885082446,0.0036709337349398047,CONTINUE
validation,107,3,RUGGED,4,0.02005813953488378,0.09197256979761519,0.25350996376811596,0,0.12301670930906125,0.6621616434497732,0.19481286337209297,CONTINUE
validation,107,3,RUGGED,8,0.04970930232558146,0.11866182432752684,0.23924365942028986,0,0.10619749100726268,1.413675321991081,0.08003270348837205,CONTINUE
validation,107,3,RUGGED,16,0.0,0.15703260410841555,0.18670742753623187,1,0.16449632013373544,3.135703113154316,0.011855014534883808,CONTINUE
validation,107,3,RUGGED,32,0.0,0.17097595007932698,0.259963768115942,14,0.8227170204133194,11.855424613934893,-0.008066860465116288,STOP
validation,107,4,EASY,4,0.08981481481481479,0.09166540284094338,0.44961503623188404,0,0.07525138712377819,0.6549041687698769,0.2211516203703704,CONTINUE
validation,107,4,EASY,8,0.01388888888888884,0.11542233007655453,0.2801177536231884,0,0.12046130336949562,1.4267128060331618,0.13357445987654337,CONTINUE
validation,107,4,EASY,16,0.0,0.14795450358666015,0.1869338768115942,5,0.35103809170327577,3.7570880698610964,0.06403356481481473,CONTINUE
validation,107,4,EASY,32,0.0,0.18465701141959387,0.20742753623188406,1,0.15722581730728238,11.032805567439167,0.02114197530864203,CONTINUE
validation,107,4,MEDIUM,4,0.09006024096385534,0.08823165609716838,0.44961503623188404,0,0.07545298002101714,0.658359355850351,0.21965361445783127,CONTINUE
validation,107,4,MEDIUM,8,0.013554216867469826,0.11522868023023106,0.3195199275362319,0,0.11654473888878,1.4269746729464399,0.14167921686746987,CONTINUE
validation,107,4,MEDIUM,16,0.05692771084337345,0.12556190086942914,0.19270833333333334,0,0.10640299524120025,3.691714222221676,0.09683734939759034,CONTINUE
validation,107,4,MEDIUM,32,0.0,0.18464590231899997,0.17051630434782608,2,0.19907408869084056,7.722645403125967,0.02928275602409646,CONTINUE
validation,107,4,RUGGED,4,0.09040697674418596,0.08629382536170117,0.4416893115942029,0,0.07604930810154428,0.6670089409106817,0.22365552325581406,CONTINUE
validation,107,4,RUGGED,8,0.023546511627906996,0.11329674332987556,0.2907608695652174,0,0.11461442900164563,1.3446619807847395,0.0946220930232558,CONTINUE
validation,107,4,RUGGED,16,0.006976744186046657,0.12985729847002503,0.1871603260869565,0,0.13263339864199325,3.269618091577414,0.020130813953488355,CONTINUE
validation,107,4,RUGGED,32,0.0,0.1483111599767801,0.2012001811594203,11,0.7049176311368983,10.441024776707653,0.012000363372092843,CONTINUE
validation,107,5,EASY,4,0.0,0.06661312102429724,0.2210144927536232,1,0.17494906664906806,0.7793412576407972,0.2912712191358025,CONTINUE
validation,107,5,EASY,8,0.0,0.10949268242375924,0.24060235507246377,1,0.16493011544804848,1.4868315430293086,0.07967785493827167,CONTINUE
validation,107,5,EASY,16,0.0,0.15243086097271083,0.2008605072463768,2,0.20040299538040976,3.4283735968335054,0.07679398148148153,CONTINUE
validation,107,5,EASY,32,0.0,0.14134779837991754,0.20052083333333334,13,0.798968805189817,11.769977764610932,0.004465663580246845,CONTINUE
validation,107,5,MEDIUM,4,0.0,0.06481480579938259,0.21976902173913043,1,0.1754408705589349,0.7789793963050811,0.29632906626506017,CONTINUE
validation,107,5,MEDIUM,8,0.0,0.09784583101630757,0.2318840579710145,2,0.20598499132525308,1.6189543107332798,0.1186182228915662,CONTINUE
validation,107,5,MEDIUM,16,0.0,0.16393699883265112,0.21829710144927536,2,0.19544324192528686,3.298475927153754,0.00608057228915657,CONTINUE
validation,107,5,MEDIUM,32,0.0,0.1585700503740572,0.18410326086956522,13,0.7982854528375914,11.591756378414651,-0.00045180722891560027,STOP
validation,107,5,RUGGED,4,0.04389534883720947,0.06754035735260402,0.26437952898550726,0,0.11255498547027402,0.6813910111289283,0.22420966569767437,CONTINUE
validation,107,5,RUGGED,8,0.022674418604651025,0.09985446310007154,0.24456521739130435,0,0.12155754111219846,1.5229353098103584,0.09728379360465117,CONTINUE
validation,107,5,RUGGED,16,0.0,0.14768563596073614,0.2027853260869565,5,0.3475087035989439,3.868880250889795,0.059865552325581384,CONTINUE
validation,107,5,RUGGED,32,0.0,0.15899869521331966,0.19667119565217392,10,0.6485177974037072,10.373327495267564,-0.014171511627906974,STOP
validation,107,6,EASY,4,0.0,0.07649291868693553,0.4142889492753623,1,0.1472819154570593,0.7507061977799131,0.2350308641975309,CONTINUE
validation,107,6,EASY,8,0.08179012345679015,0.13299995291817948,0.27185235507246375,0,0.08783162896398819,1.377253143971798,0.0852527006172839,CONTINUE
validation,107,6,EASY,16,0.0,0.13331531956678025,0.2368659420289855,2,0.19831734688368385,3.773108665170534,0.013908179012345673,CONTINUE
validation,107,6,EASY,32,0.03703703703703698,0.16937967048128283,0.19667119565217392,0,0.11055230105535678,9.754759804662129,-0.015625,STOP
validation,107,6,MEDIUM,4,0.0,0.07789379669240838,0.34250452898550726,1,0.15630562550213212,0.7237954983633386,0.2335184487951807,CONTINUE
validation,107,6,MEDIUM,8,0.00210843373493963,0.11831135470439633,0.33582427536231885,0,0.12043258577020134,1.3789824515619349,0.14347703313253024,CONTINUE
validation,107,6,MEDIUM,16,0.0,0.12738577956543887,0.20199275362318841,1,0.16730405901671047,3.132960782231168,0.06842055722891567,CONTINUE
validation,107,6,MEDIUM,32,0.07319277108433742,0.17115352438619533,0.19610507246376813,0,0.09385458685639726,9.415383588369265,-0.014344879518072288,STOP
validation,107,6,RUGGED,4,0.0,0.07609851756574637,0.2770606884057971,1,0.165428559738873,0.7405964237191022,0.23084120639534877,CONTINUE
validation,107,6,RUGGED,8,0.0,0.12907127466340093,0.2366394927536232,2,0.19916440731903953,1.5524576419572302,0.09869186046511635,CONTINUE
validation,107,6,RUGGED,16,0.0,0.12438993285058589,0.21659873188405798,1,0.1657756986035131,3.563699829445951,0.0030069040697674188,CONTINUE
validation,107,6,RUGGED,32,0.0,0.17149434761563528,0.17855525362318841,8,0.5288806988728072,10.505443203106957,-0.015625,STOP
validation,107,7,EASY,4,0.0762345679012345,0.09055789085327311,0.3383152173913043,0,0.08881766007190918,0.6012732768205711,0.15990547839506175,CONTINUE
validation,107,7,EASY,8,0.05617283950617291,0.13260022757267015,0.23199728260869565,0,0.10229490425750479,1.373396537962326,0.07331211419753086,CONTINUE
validation,107,7,EASY,16,0.0092592592592593,0.10947327235269856,0.19859601449275363,0,0.13281902120905498,3.410359561169631,0.08349729938271616,CONTINUE
validation,107,7,EASY,32,0.047222222222222165,0.15126505940694604,0.23007246376811594,0,0.10454619098889485,7.550428352433401,-0.004822530864197504,STOP
validation,107,7,MEDIUM,4,0.0,0.06914162362618802,0.3880208333333333,1,0.1517435887340911,0.7011042901176421,0.238309487951807,CONTINUE
validation,107,7,MEDIUM,8,0.051506024096385494,0.11500472017127293,0.4185914855072464,0,0.08995968540965772,1.3623816172881482,0.13227597891566265,CONTINUE
validation,107,7,MEDIUM,16,0.0,0.11114776400059324,0.2504528985507246,1,0.16330633549935988,3.361175388974232,0.06783697289156626,CONTINUE
validation,107,7,MEDIUM,32,0.0,0.1464496601476479,0.19440670289855072,2,0.20259621128903987,9.308626568121243,0.028209713855421592,CONTINUE
validation,107,7,RUGGED,4,0.02005813953488389,0.07616957087598857,0.3376358695652174,0,0.11615768461693537,0.6573580772580295,0.2002452761627906,CONTINUE
validation,107,7,RUGGED,8,0.0,0.11668711712969095,0.239356884057971,2,0.20110836404214585,1.5332039298958953,0.1230741279069767,CONTINUE
validation,107,7,RUGGED,16,0.0,0.11763728519813745,0.24139492753623187,2,0.20059822017032386,3.35213422829179,0.01519803779069762,CONTINUE
validation,107,7,RUGGED,32,0.0,0.13659498476294094,0.23822463768115942,2,0.19747696414701982,9.973742145483083,0.01985828488372103,CONTINUE
validation,107,8,EASY,4,0.0,0.07329786530737911,0.362205615942029,1,0.15444397045327207,0.6593215144726494,0.1797067901234568,CONTINUE
validation,107,8,EASY,8,0.00586419753086409,0.10508399052616782,0.3029891304347826,0,0.12363912683180768,1.4145676950579755,0.14064429012345686,CONTINUE
validation,107,8,EASY,16,0.08179012345679026,0.16928363614193007,0.24309329710144928,0,0.08665457963308726,3.1177665565622106,0.0019772376543209513,CONTINUE
validation,107,8,EASY,32,0.0,0.16019043351189102,0.1880661231884058,5,0.34744373131235995,9.909146222421091,-0.015625,STOP
validation,107,8,MEDIUM,4,0.0,0.07221323925087465,0.362205615942029,1,0.1546140178308243,0.6610299639451291,0.1799792921686747,CONTINUE
validation,107,8,MEDIUM,8,0.0,0.10497896316565222,0.2669836956521739,1,0.16206290747825192,1.6767762040579948,0.20465926204819263,CONTINUE
validation,107,8,MEDIUM,16,0.0,0.16844175412967446,0.22056159420289856,2,0.19423995686347464,3.3505033203221903,0.08446912650602412,CONTINUE
validation,107,8,MEDIUM,32,0.0,0.16558065039978534,0.20459692028985507,3,0.23988798948282455,8.156180188755338,-0.015625,STOP
validation,107,8,RUGGED,4,0.0,0.07078960810517164,0.36990489130434784,1,0.15383257307373896,0.6639834391565613,0.1877089389534884,CONTINUE
validation,107,8,RUGGED,8,0.006976744186046657,0.12345715568506749,0.2892889492753623,0,0.12213977942295584,1.3691397828925815,0.13508357558139525,CONTINUE
validation,107,8,RUGGED,16,0.0,0.195283126809961,0.21365489130434784,2,0.1903103842069821,3.408323032468563,0.03368459302325574,CONTINUE
validation,107,8,RUGGED,32,0.0,0.16156665075987112,0.17481884057971014,12,0.7560789470354532,11.277579396384626,-0.015625,STOP
validation,107,9,EASY,4,0.06111111111111123,0.10365992728536802,0.2942708333333333,0,0.09759666077720852,0.6717625663351695,0.14521604938271596,CONTINUE
validation,107,9,EASY,8,0.0,0.11529106676777404,0.25532155797101447,1,0.1619661897137225,1.4986836273082411,0.07471064814814818,CONTINUE
validation,107,9,EASY,16,0.0,0.1531696068747265,0.22316576086956522,6,0.39963905091867374,4.199521112821707,0.017119984567901335,CONTINUE
validation,107,9,EASY,32,0.0,0.1793675961675779,0.1819519927536232,7,0.46326801804124795,10.98374226878799,-0.015625,STOP
validation,107,9,MEDIUM,4,0.05963855421686759,0.103607084934089,0.24388586956521738,0,0.10280796055895448,0.6820781470694867,0.15432040662650587,CONTINUE
validation,107,9,MEDIUM,8,0.0,0.11542045636551179,0.25532155797101447,1,0.1619451158716966,1.5092216916941983,0.07374811746987942,CONTINUE
validation,107,9,MEDIUM,16,0.0,0.1686111570379163,0.20244565217391305,2,0.19705884491763287,3.203905884354385,0.013064759036144485,CONTINUE
validation,107,9,MEDIUM,32,0.0,0.18203464702062608,0.19089673913043478,10,0.6435169524250566,10.643502484942267,0.01173757530120479,CONTINUE
validation,107,9,RUGGED,4,0.05755813953488376,0.10572979871880567,0.25,0,0.10296862988043601,0.6846784899455626,0.14164244186046515,CONTINUE
validation,107,9,RUGGED,8,0.0,0.11564771708888656,0.25600090579710144,1,0.16181594482931133,1.5151499317383457,0.0664425872093023,CONTINUE
validation,107,9,RUGGED,16,0.0,0.14534794038402266,0.22316576086956522,6,0.4018931188280992,4.2316647070111,0.023564680232558123,CONTINUE
validation,107,9,RUGGED,32,0.0,0.16337593961785035,0.20482336956521738,1,0.1609907938191901,11.310426341703803,0.010047238372092974,CONTINUE
validation,107,10,EASY,4,0.0,0.08732620400311256,0.34499547101449274,3,0.23151312516123823,0.9844872445555759,0.18465470679012347,CONTINUE
validation,107,10,EASY,8,0.004629629629629539,0.10308830318605872,0.2441123188405797,0,0.1311343168815094,1.6904430838878168,0.14389467592592597,CONTINUE
validation,107,10,EASY,16,0.0,0.1498212349157052,0.18342391304347827,1,0.16614350796638538,3.4452607593934226,0.09030671296296308,CONTINUE
validation,107,10,EASY,32,0.0,0.1827825964267667,0.21727807971014493,6,0.39254731839981266,7.767555418419743,0.005748456790123504,CONTINUE
validation,107,10,MEDIUM,4,0.0,0.08329050705413935,0.34907155797101447,3,0.23164956930472677,0.9847609893029872,0.18500564759036148,CONTINUE
validation,107,10,MEDIUM,8,0.0,0.10026612894649667,0.2184103260869565,1,0.1695626970101983,1.993170833263318,0.13729292168674695,CONTINUE
validation,107,10,MEDIUM,16,0.0,0.15742209892631734,0.24796195652173914,2,0.192030751579285,3.8304902375212437,-0.004198042168674712,STOP
validation,107,10,MEDIUM,32,0.0,0.17712200614322499,0.2536231884057971,1,0.15236520208644905,9.885932876631855,-0.015625,STOP
validation,107,10,RUGGED,4,0.0,0.07999446879346377,0.36311141304347827,3,0.22985948892506045,1.0062694488128807,0.17935138081395352,CONTINUE
validation,107,10,RUGGED,8,0.0,0.08536252413809911,0.4192708333333333,7,0.4324883563538107,2.9015293246185627,0.19139716569767445,CONTINUE
validation,107,10,RUGGED,16,0.0,0.14324443157834946,0.2307518115942029,2,0.19739670482247332,4.581880354231401,0.07487281976744181,CONTINUE
validation,107,10,RUGGED,32,0.03953488372093039,0.18965313318104607,0.21739130434782608,0,0.10502010157373966,12.447708701594143,-0.015625,STOP
validation,107,11,EASY,4,0.019444444444444597,0.056359190021562006,0.306838768115942,0,0.12220726347611573,0.6630993538809209,0.2441647376543209,CONTINUE
validation,107,11,EASY,8,0.07376543209876552,0.11175723475166996,0.24094202898550723,0,0.09587885696812362,1.394743783676005,0.0866898148148148,CONTINUE
validation,107,11,EASY,16,0.0,0.16873384425051757,0.2115036231884058,2,0.19560639818035877,3.221288602609835,0.009500385802469181,CONTINUE
validation,107,11,EASY,32,0.0,0.16409459981358152,0.23029891304347827,6,0.3947921729499902,9.426264216305784,0.009770447530864208,CONTINUE
validation,107,11,MEDIUM,4,0.016566265060240948,0.054550118752852476,0.3119338768115942,0,0.12344266217850063,0.6673425642300522,0.23301957831325293,CONTINUE
validation,107,11,MEDIUM,8,0.06957831325301211,0.1087185033161282,0.24094202898550723,0,0.09803105278647764,1.4019963561312068,0.09785391566265059,CONTINUE
validation,107,11,MEDIUM,16,0.0,0.1647813798758214,0.2115036231884058,2,0.1963537541602595,3.2307470438158425,0.010551581325301256,CONTINUE
validation,107,11,MEDIUM,32,0.0,0.16790861405027888,0.22271286231884058,3,0.23609607677116834,8.259801088295683,-0.004565135542168728,STOP
validation,107,11,RUGGED,4,0.012500000000000178,0.06144850106631488,0.2983469202898551,0,0.1262439444755083,0.6747015741234385,0.23968023255813942,CONTINUE
validation,107,11,RUGGED,8,0.06366279069767433,0.10260629285682096,0.22022192028985507,0,0.1032463390122651,1.4044276365341086,0.08874454941860471,CONTINUE
validation,107,11,RUGGED,16,0.0,0.15878302142119524,0.21252264492753623,2,0.19733062497336246,3.3611515381776726,0.012663517441860495,CONTINUE
validation,107,11,RUGGED,32,0.0,0.16644284492215133,0.22248641304347827,6,0.395986165616149,9.006574386684179,-0.015625,STOP
validation,108,0,EASY,4,0.059876543209876565,0.08526058831028795,0.38269927536231885,0,0.09242365831845319,0.611986549782999,0.20166859567901235,CONTINUE
validation,108,0,EASY,8,0.0,0.08090979624501785,0.35144927536231885,1,0.15465591091376274,1.4155079277312734,0.20324074074074078,CONTINUE
validation,108,0,EASY,16,0.06913580246913575,0.15243662418277978,0.21173007246376813,0,0.09618658561206822,3.2371468658714204,0.065943287037037,CONTINUE
validation,108,0,EASY,32,0.019444444444444375,0.184954874627391,0.2580389492753623,0,0.11133199635961481,9.002074103753218,0.00973186728395068,CONTINUE
validation,108,0,MEDIUM,4,0.05843373493975912,0.0827134520922298,0.38269927536231885,0,0.09328878618844769,0.6156308344146955,0.1974115210843373,CONTINUE
validation,108,0,MEDIUM,8,0.0,0.07973663585126646,0.35144927536231885,1,0.15484005161980446,1.418049679433615,0.20582643072289153,CONTINUE
validation,108,0,MEDIUM,16,0.06987951807228909,0.15131922574315126,0.21173007246376813,0,0.09598007929665096,3.243401360130033,0.05828313253012046,CONTINUE
validation,108,0,MEDIUM,32,0.016566265060240948,0.17968676751996354,0.2580389492753623,0,0.11339780174376407,9.033530390797676,0.009647966867469888,CONTINUE
validation,108,0,RUGGED,4,0.04418604651162794,0.0836118335037024,0.380661231884058,0,0.09957769703305853,0.6246340859918125,0.14093386627906979,CONTINUE
validation,108,0,RUGGED,8,0.01308139534883701,0.07190994478970468,0.34148550724637683,0,0.11992037370408902,1.4068218983816232,0.13936228197674427,CONTINUE
validation,108,0,RUGGED,16,0.0,0.1351714745857269,0.2168251811594203,1,0.16396315451591276,3.3045599775924583,0.07480922965116271,CONTINUE
validation,108,0,RUGGED,32,0.006395348837209269,0.16469081408961636,0.2259963768115942,0,0.12394379013684458,9.671024623692048,0.07783430232558138,CONTINUE
validation,108,1,EASY,4,0.08672839506172841,0.05082774229963336,0.39413496376811596,0,0.08403304072945214,0.6790736799972734,0.22257908950617283,CONTINUE
validation,108,1,EASY,8,0.06234567901234567,0.09750531619029473,0.22746829710144928,0,0.10375299057851299,1.4180674024845343,0.07236689814814817,CONTINUE
validation,108,1,EASY,16,0.014506172839506282,0.14467611568346037,0.24569746376811594,0,0.12006237057217603,3.151132012471995,0.015750385802469097,CONTINUE
validation,108,1,EASY,32,0.0,0.15858445677425706,0.2134284420289855,1,0.1606054947314456,11.895183961120145,-0.0126929012345679,STOP
validation,108,1,MEDIUM,4,0.08313253012048194,0.08042948813590346,0.304008152173913,0,0.08979127030640291,0.6685297477994511,0.2115022590361445,CONTINUE
validation,108,1,MEDIUM,8,0.1105421686746989,0.11190329664417342,0.27241847826086957,0,0.0787528938745156,1.3519299006969487,0.054499246987951666,CONTINUE
validation,108,1,MEDIUM,16,0.0,0.15193014072511568,0.20799365942028986,4,0.2910458938893041,3.658096998075356,0.08083584337349384,CONTINUE
validation,108,1,MEDIUM,32,0.0,0.13785723498981278,0.2379981884057971,3,0.23986370794273412,9.099672005195805,0.029320406626506083,CONTINUE
validation,108,1,RUGGED,4,0.012790697674418539,0.060723288177702076,0.3702445652173913,0,0.11846303132155533,0.6565910138604341,0.26225472383720927,CONTINUE
validation,108,1,RUGGED,8,0.013081395348837233,0.09450457997806626,0.17300724637681159,0,0.13565938268182032,1.543945525715043,0.18671874999999993,CONTINUE
validation,108,1,RUGGED,16,0.0,0.1349972791157946,0.22667572463768115,1,0.16264578217883724,3.2685488496177393,0.08282158430232547,CONTINUE
validation,108,1,RUGGED,32,0.0,0.14299071798057617,0.247169384057971,3,0.23707951054947757,8.353194903039027,-0.004651162790697671,STOP
validation,108,2,EASY,4,0.13950617283950606,0.09397551229914491,0.35620471014492755,0,0.06497891852868262,0.6486557447215022,0.13888888888888906,CONTINUE
validation,108,2,EASY,8,0.016358024691358164,0.11367319912583475,0.23312952898550723,0,0.12440868089469079,1.736229516576096,0.12984182098765434,CONTINUE
validation,108,2,EASY,16,0.00864197530864197,0.14535086904102887,0.2770606884057971,0,0.11976139675279288,3.6999738861366174,0.039795524691358,CONTINUE
validation,108,2,EASY,32,0.0,0.1860264243032259,0.21739130434782608,3,0.23314752881797857,8.046961583298128,-0.015625,STOP
validation,108,2,MEDIUM,4,0.14096385542168677,0.09648463454912057,0.3498641304347826,0,0.06473881010643373,0.6545681632185691,0.14541603915662654,CONTINUE
validation,108,2,MEDIUM,8,0.02078313253012054,0.11130526727036172,0.23312952898550723,0,0.1223232195393712,1.7414359160416173,0.12880271084337347,CONTINUE
validation,108,2,MEDIUM,16,0.02289156626506028,0.144907420122073,0.2770606884057971,0,0.1125047801908336,3.703933809675777,0.04293109939759025,CONTINUE
validation,108,2,MEDIUM,32,0.0,0.18354680988908784,0.21739130434782608,3,0.23367994677580675,8.057732265361853,-0.015625,STOP
validation,108,2,RUGGED,4,0.061046511627906974,0.07671229164434595,0.3513360507246377,0,0.09546827730273681,0.726192041013767,0.26863190406976745,CONTINUE
validation,108,2,RUGGED,8,0.11453488372093013,0.12627518503918053,0.27241847826086957,0,0.07609525126208705,1.4430471523732595,0.06419876453488368,CONTINUE
validation,108,2,RUGGED,16,0.0,0.12527053154670725,0.21252264492753623,8,0.5342345310181461,4.8954408577003745,0.07096656976744187,CONTINUE
validation,108,2,RUGGED,32,0.0,0.15276352514006733,0.21546648550724637,12,0.7504881185229165,13.23932694575953,0.04348655523255804,CONTINUE
validation,108,3,EASY,4,0.09444444444444422,0.07250872391956724,0.19576539855072464,0,0.09491921105003433,0.6745065171464282,0.13996913580246917,CONTINUE
validation,108,3,EASY,8,0.08641975308641991,0.11954298045761669,0.22565670289855072,0,0.09102304340533604,1.4554434913035048,0.06742862654320972,CONTINUE
validation,108,3,EASY,16,0.0,0.14036344777307458,0.21603260869565216,2,0.20029225839968018,3.2544060407882576,0.07637924382716052,CONTINUE
validation,108,3,EASY,32,0.0,0.19332083992633778,0.21784420289855072,10,0.6341752145003973,10.186833171541936,-0.01323302469135803,STOP
validation,108,3,MEDIUM,4,0.08975903614457825,0.07085368890664573,0.19576539855072464,0,0.09712502645849436,0.6768494747716017,0.14088855421686736,CONTINUE
validation,108,3,MEDIUM,8,0.07951807228915664,0.11568052059349812,0.22565670289855072,0,0.09431394341630818,1.4662207851680593,0.0742093373493975,CONTINUE
validation,108,3,MEDIUM,16,0.0,0.14151926020370048,0.3092164855072464,1,0.15071046694856985,3.1387066405936297,0.030544051204819206,CONTINUE
validation,108,3,MEDIUM,32,0.0,0.164438989142028,0.2419610507246377,5,0.33419151601943564,9.390376768193851,-0.014118975903614456,STOP
validation,108,3,RUGGED,4,0.08313953488372094,0.06692057442233491,0.255661231884058,0,0.09520606312899164,0.6707866910419397,0.1508357558139533,CONTINUE
validation,108,3,RUGGED,8,0.0566860465116279,0.10929461546422582,0.2033514492753623,0,0.10736579525563404,1.565865764577771,0.0848655523255814,CONTINUE
validation,108,3,RUGGED,16,0.0,0.12707780112793438,0.2296195652173913,2,0.20066986885564866,3.4054219626657156,0.044186046511628,CONTINUE
validation,108,3,RUGGED,32,0.0,0.17157900231921558,0.23109148550724637,2,0.19201247296447885,8.629473410046565,-0.015625,STOP
validation,108,4,EASY,4,0.0,0.07903202581010492,0.30061141304347827,2,0.1985391453899088,0.8108082274132545,0.12566550925925934,CONTINUE
validation,108,4,EASY,8,0.030246913580247003,0.10740481980819279,0.2664175724637681,0,0.1144026724838024,2.1913750562901435,0.1367283950617284,CONTINUE
validation,108,4,EASY,16,0.03456790123456788,0.16675171004790368,0.18614130434782608,0,0.11313782084438792,3.7731747029956435,0.03456790123456793,CONTINUE
validation,108,4,EASY,32,0.02314814814814803,0.16782653915144008,0.2288269927536232,0,0.11446128026702775,9.384117152509114,0.006703317901234684,CONTINUE
validation,108,4,MEDIUM,4,0.0,0.07838834826149246,0.30061141304347827,2,0.19866208142075775,0.8122904303980953,0.11881588855421693,CONTINUE
validation,108,4,MEDIUM,8,0.02078313253012054,0.11182537102654347,0.2742300724637681,0,0.11791377444175939,1.9238010658918523,0.13437499999999997,CONTINUE
validation,108,4,MEDIUM,16,0.0731927710843373,0.17505621126364584,0.1956521739130435,0,0.09349543259383093,3.674207111958335,-0.0144578313253012,STOP
validation,108,4,MEDIUM,32,0.0,0.1485414706909284,0.2583786231884058,16,0.8872917887634896,13.798897717434082,-0.014344879518072288,STOP
validation,108,4,RUGGED,4,0.0,0.08075929757494561,0.30310235507246375,2,0.1978139672740681,0.8129862039075169,0.11423510174418616,CONTINUE
validation,108,4,RUGGED,8,0.013081395348837122,0.11530403579112918,0.28657155797101447,0,0.12022053951309512,1.6135931708196702,0.12940588662790697,CONTINUE
validation,108,4,RUGGED,16,0.006976744186046657,0.17326755633730867,0.21365489130434784,0,0.1238507024357649,3.4097391865457096,0.014807412790697687,CONTINUE
validation,108,4,RUGGED,32,0.07703488372093015,0.1810733366135624,0.22950634057971014,0,0.08850970311526965,9.532940121176097,-0.015625,STOP
validation,108,5,EASY,4,0.047222222222222276,0.07816069736022832,0.38530344202898553,0,0.09839314844884323,0.6187289905810484,0.23660300925925926,CONTINUE
validation,108,5,EASY,8,0.015123456790123502,0.11044145167112193,0.3404664855072464,0,0.11419255321668585,1.2969707559095427,0.1422453703703703,CONTINUE
validation,108,5,EASY,16,0.0012345679012345512,0.1552047818257749,0.20889945652173914,0,0.12995937162199134,2.8281157752220984,0.026861496913580266,CONTINUE
validation,108,5,EASY,32,0.0,0.19094245162571913,0.17017663043478262,3,0.24061558050810755,7.26089051426523,-0.007523148148148161,STOP
validation,108,5,MEDIUM,4,0.0,0.09313699429147318,0.3589221014492754,1,0.15178275994919901,0.6178081585104118,0.1504894578313251,CONTINUE
validation,108,5,MEDIUM,8,0.07981927710843362,0.1188641960873337,0.29336503623188404,0,0.08825753770728226,1.542212025484528,0.07596950301204819,CONTINUE
validation,108,5,MEDIUM,16,0.02379518072289144,0.16391252159182643,0.22384510869565216,0,0.11511602130253934,3.6629558895356196,0.011022213855421667,CONTINUE
validation,108,5,MEDIUM,32,0.0,0.19103538171768356,0.19599184782608695,11,0.6952470272158063,10.43512518799003,0.0011483433734940443,CONTINUE
validation,108,5,RUGGED,4,0.06598837209302322,0.0694713371053242,0.43149909420289856,0,0.08747946100964446,0.6641715034768892,0.26892260174418614,CONTINUE
validation,108,5,RUGGED,8,0.0,0.11851361486951845,0.28781702898550726,1,0.15709105061788498,1.3948154739751504,0.12938771802325583,CONTINUE
validation,108,5,RUGGED,16,0.0,0.1770576149781735,0.19191576086956522,1,0.1605171982672386,3.2028521642150203,-0.0007994186046511448,STOP
validation,108,5,RUGGED,32,0.0,0.20032657899282608,0.1922554347826087,13,0.7887409226801938,11.378611091581886,-0.003924418604651186,STOP
validation,108,6,EASY,4,0.0,0.08271472877448081,0.39187047101449274,1,0.1491696957676227,0.6312679442591714,0.14733796296296292,CONTINUE
validation,108,6,EASY,8,0.0,0.11938199690662664,0.28464673913043476,1,0.1573730627896371,1.683203287422576,0.14207175925925913,CONTINUE
validation,108,6,EASY,16,0.01388888888888884,0.1613467726289627,0.24547101449275363,0,0.11831006633717657,3.265792524353085,0.05806327160493835,CONTINUE
validation,108,6,EASY,32,0.0,0.21526946081598386,0.1743659420289855,7,0.4544542813066227,9.083649280677918,-0.015625,STOP
validation,108,6,MEDIUM,4,0.052409638554216875,0.06830350944910561,0.38122735507246375,0,0.09750673639493296,0.6960489091934503,0.2537650602409638,CONTINUE
validation,108,6,MEDIUM,8,0.0036144578313253017,0.11886580011610967,0.37794384057971014,0,0.1152037502876693,1.348915345893456,0.13495858433734936,CONTINUE
validation,108,6,MEDIUM,16,0.0,0.14950089138171394,0.22667572463768115,3,0.23938088279115705,3.2083219171191995,0.01460843373493989,CONTINUE
validation,108,6,MEDIUM,32,0.0,0.2015829798237512,0.18512228260869565,11,0.6948681509631613,10.99323215310514,-0.014457831325301203,STOP
validation,108,6,RUGGED,4,0.04360465116279072,0.059081505083865345,0.3151041666666667,0,0.10870620544329712,0.7150208883540269,0.2068495639534884,CONTINUE
validation,108,6,RUGGED,8,0.0,0.1033442384639826,0.3319746376811594,1,0.153684850921535,1.4805506757827165,0.0948401162790698,CONTINUE
validation,108,6,RUGGED,16,0.0,0.11562156581753273,0.2888360507246377,5,0.336801204332779,3.9874876935940695,0.055795784883720875,CONTINUE
validation,108,6,RUGGED,32,0.000581395348837277,0.1639862747542751,0.18512228260869565,0,0.13183704405903424,8.339196511402378,0.017042151162790696,CONTINUE
validation,108,7,EASY,4,0.061111111111111005,0.1018085340398651,0.38632246376811596,0,0.08996615392807743,0.6123475496964573,0.15165895061728396,CONTINUE
validation,108,7,EASY,8,0.01388888888888884,0.11291987625177027,0.24037590579710144,0,0.12506410207054042,1.4327640710142817,0.14508101851851846,CONTINUE
validation,108,7,EASY,16,0.019444444444444486,0.12415977569193369,0.20878623188405798,0,0.12400916168156946,3.313318683358884,0.06403356481481483,CONTINUE
validation,108,7,EASY,32,0.0,0.15104832266648396,0.19146286231884058,13,0.7985536643875576,11.458192305909954,-0.015625,STOP
validation,108,7,MEDIUM,4,0.15271084337349417,0.10786954683037744,0.24920742753623187,0,0.06647107231980061,0.5902540116000323,0.07025602409638532,CONTINUE
validation,108,7,MEDIUM,8,0.0,0.11308096628682436,0.247169384057971,4,0.2925841130145454,1.8725968736737202,0.0951713102409637,CONTINUE
validation,108,7,MEDIUM,16,0.0,0.12417549398877346,0.2496603260869565,3,0.24073192887105493,4.115735488292176,0.027569653614457817,CONTINUE
validation,108,7,MEDIUM,32,0.0,0.14406977579816485,0.17855525362318841,2,0.20563521500273718,8.35564687644635,-0.015625,STOP
validation,108,7,RUGGED,4,0.0,0.0851412778793399,0.3717164855072464,1,0.15137129674729408,0.703485603170666,0.17152979651162792,CONTINUE
validation,108,7,RUGGED,8,0.012209302325581373,0.10500645125491066,0.250679347826087,0,0.1258970555067128,1.590000441498121,0.12872456395348839,CONTINUE
validation,108,7,RUGGED,16,0.013081395348837233,0.1505395997116902,0.2591711956521739,0,0.11865534875513997,3.314182567916619,0.012863372093023184,CONTINUE
validation,108,7,RUGGED,32,0.0,0.16356648525221495,0.19157608695652173,3,0.24271424344977477,10.253333941889014,-0.015625,STOP
validation,108,8,EASY,4,0.0,0.08590260735716415,0.3979846014492754,1,0.1479125766412842,0.7014093526842874,0.26427469135802484,CONTINUE
validation,108,8,EASY,8,0.0,0.11545885813116877,0.258491847826087,1,0.1615090679158011,1.4211176883143222,0.07167245370370381,CONTINUE
validation,108,8,EASY,16,0.0,0.12879228995213474,0.20640851449275363,3,0.24769209564677208,3.4952145279671325,0.03144290123456803,CONTINUE
validation,108,8,EASY,32,0.0,0.1523028532959414,0.1585144927536232,6,0.4154990892538508,10.07161542624068,0.008198302469135735,CONTINUE
validation,108,8,MEDIUM,4,0.0,0.08289304834144588,0.3823596014492754,1,0.1503534914396704,0.70898396955853,0.27142319277108445,CONTINUE
validation,108,8,MEDIUM,8,0.05963855421686748,0.12243364008147113,0.2960824275362319,0,0.0961116276640149,1.3615814159169173,0.08062876506024086,CONTINUE
validation,108,8,MEDIUM,16,0.0,0.17971574449761357,0.2027853260869565,2,0.19490559676056607,3.2200919103097436,0.024717620481927702,CONTINUE
validation,108,8,MEDIUM,32,0.0,0.19075743714984367,0.23516757246376813,15,0.8564267585148847,12.533067345386703,-0.010504518072289151,STOP
validation,108,8,RUGGED,4,0.0,0.07344208471011521,0.34476902173913043,1,0.15671190582695552,0.7563498319193295,0.22549055232558146,CONTINUE
validation,108,8,RUGGED,8,0.0034883720930232176,0.09583191801491121,0.40047554347826086,0,0.11579006959988263,1.4499624477594735,0.09107013081395346,CONTINUE
validation,108,8,RUGGED,16,0.0,0.12692748972830525,0.2318840579710145,1,0.16325621896093548,3.1001945243584275,0.01081031976744197,CONTINUE
validation,108,8,RUGGED,32,0.0,0.1522709728501845,0.1928215579710145,8,0.5310732222303893,8.869023875863661,-0.01126453488372093,STOP
validation,108,9,EASY,4,0.024074074074073915,0.09974067515758912,0.3461277173913043,0,0.11044664861785569,0.6917204532466469,0.17294560185185187,CONTINUE
validation,108,9,EASY,8,0.010185185185185186,0.11206158541386373,0.2463768115942029,0,0.126554063319702,1.5621596155685908,0.12682291666666667,CONTINUE
validation,108,9,EASY,16,0.0,0.16274613769733343,0.19202898550724637,3,0.24281195205947426,3.4691850467480267,0.02678433641975303,CONTINUE
validation,108,9,EASY,32,0.0,0.18752039861491326,0.18410326086956522,2,0.1963716712450492,12.024112473149785,-0.015625,STOP
validation,108,9,MEDIUM,4,0.013554216867469937,0.08256720928973169,0.3648097826086957,0,0.11591853862466006,0.7033970585193694,0.1846573795180722,CONTINUE
validation,108,9,MEDIUM,8,0.0,0.11180781675398255,0.2667572463768116,2,0.19766911098552056,1.6103680582293083,0.07236445783132528,CONTINUE
validation,108,9,MEDIUM,16,0.0,0.14563567088143806,0.1838768115942029,3,0.2481245930470891,3.7204979657109187,0.016650978915662668,CONTINUE
validation,108,9,MEDIUM,32,0.0,0.17914838020694485,0.1897644927536232,6,0.40017342670904915,9.500610528484383,-0.015625,STOP
validation,108,9,RUGGED,4,0.013081395348837233,0.08224483678235144,0.3648097826086957,0,0.11620075840176838,0.7058767213875909,0.17940588662790696,CONTINUE
validation,108,9,RUGGED,8,0.0,0.10968188380900365,0.29008152173913043,2,0.1943952496448196,1.6103063270753288,0.06991279069767437,CONTINUE
validation,108,9,RUGGED,16,0.0,0.1422977194607305,0.1749320652173913,3,0.250548455406176,3.7306755565387957,0.021220930232558124,CONTINUE
validation,108,9,RUGGED,32,0.0,0.17838809068937678,0.19418025362318841,6,0.39933278093173347,9.531997523945023,-0.015625,STOP
validation,108,10,EASY,4,0.0,0.10265434212468859,0.2475090579710145,1,0.1651091443310694,0.6702188889892514,0.16378279320987654,CONTINUE
validation,108,10,EASY,8,0.01388888888888895,0.11323480580970308,0.3235960144927536,0,0.11619956069855629,1.4870005040045737,0.07585841049382708,CONTINUE
validation,108,10,EASY,16,0.0,0.16354501741339864,0.24569746376811594,1,0.15551937326936788,3.2434638773179882,-0.014583333333333334,STOP
validation,108,10,EASY,32,0.0,0.16054949300744747,0.2296195652173913,4,0.2844937687929469,10.971363024968039,-0.015625,STOP
validation,108,10,MEDIUM,4,0.0,0.09026102934401554,0.2845335144927536,1,0.16207807698272894,0.6757279425369571,0.13312311746987945,CONTINUE
validation,108,10,MEDIUM,8,0.0,0.1187645700458085,0.23901721014492755,2,0.200762634232925,1.640239761002885,0.060128012048192694,CONTINUE
validation,108,10,MEDIUM,16,0.0,0.15792444983754803,0.23063858695652173,1,0.1584044573642219,3.481317163699508,0.01576618975903621,CONTINUE
validation,108,10,MEDIUM,32,0.0,0.1599499926766348,0.23097826086956522,13,0.7903575119698555,11.543970960934944,-0.013064759036144576,STOP
validation,108,10,RUGGED,4,0.05755813953488376,0.08532570908745964,0.4194972826086957,0,0.09032453039068129,0.641114873137787,0.15753088662790693,CONTINUE
validation,108,10,RUGGED,8,0.013081395348837233,0.10308365248034908,0.25317028985507245,0,0.12539784613407165,1.3510370954743736,0.07110283430232561,CONTINUE
validation,108,10,RUGGED,16,0.0,0.1312510591044328,0.2385643115942029,2,0.19844118643232642,3.0238671781542337,0.01246366279069766,CONTINUE
validation,108,10,RUGGED,32,0.0,0.13789833793954737,0.2680027173913043,6,0.39329547409894833,10.182646300121666,-0.007049418604651161,STOP
validation,108,11,EASY,4,0.02777777777777779,0.08799548224338508,0.361526268115942,0,0.10851407745856376,0.6509438916058561,0.22625385802469133,CONTINUE
validation,108,11,EASY,8,0.004320987654321096,0.1367597723845777,0.34646739130434784,0,0.11586499889392554,1.28623413053839,0.08016010802469123,CONTINUE
validation,108,11,EASY,16,0.0,0.15362397838467512,0.21433423913043478,2,0.19802518053150794,3.379176613018635,0.005217978395061756,CONTINUE
validation,108,11,EASY,32,0.0,0.15685047522401993,0.16202445652173914,4,0.29938146009101124,11.069932044379554,-0.015625,STOP
validation,108,11,MEDIUM,4,0.013554216867469826,0.08397733054245997,0.4020606884057971,0,0.11198690254312692,0.6516023489170291,0.21607680722891565,CONTINUE
validation,108,11,MEDIUM,8,0.0,0.1136025923865366,0.3776041666666667,2,0.1803574999649311,1.4454228847079342,0.12291039156626493,CONTINUE
validation,108,11,MEDIUM,16,0.023795180722891662,0.1497150307543409,0.20935235507246377,0,0.11836695895280752,3.2490822544813915,0.013431852409638428,CONTINUE
validation,108,11,MEDIUM,32,0.0,0.15126283199329424,0.16621376811594202,1,0.16829923450130588,11.300350158265868,-0.015625,STOP
validation,108,11,RUGGED,4,0.020930232558139528,0.07898845303847364,0.4121376811594203,0,0.10797687362349837,0.6495297788035543,0.1924600290697674,CONTINUE
validation,108,11,RUGGED,8,0.006104651162790797,0.11631380635763627,0.1975769927536232,0,0.133810763180138,1.3970715375119938,0.11959484011627897,CONTINUE
validation,108,11,RUGGED,16,0.013372093023255704,0.1414106244608929,0.1953125,0,0.1265442175235927,3.045418211460331,0.013862645348837313,CONTINUE
validation,108,11,RUGGED,32,0.0,0.11926327498874914,0.15534420289855072,13,0.8102353079086881,11.099193136249466,-0.015625,STOP
validation,109,0,EASY,4,0.0,0.09465421746284487,0.3344655797101449,3,0.23182217819707968,1.0013505352149035,0.20816936728395052,CONTINUE
validation,109,0,EASY,8,0.0219135802469137,0.113770140590561,0.2530570652173913,0,0.11929228632154971,1.738050725570616,0.13313078703703696,CONTINUE
validation,109,0,EASY,16,0.0,0.1691545826028146,0.2582653985507246,3,0.22947979386211412,3.489561178280012,0.026755401234567905,CONTINUE
validation,109,0,EASY,32,0.0,0.18322420259357292,0.19825634057971014,4,0.28534001422190497,10.868259463466497,-0.015625,STOP
validation,109,0,MEDIUM,4,0.0,0.09344438244885672,0.3344655797101449,3,0.23208081670562952,1.0026822301504539,0.1964514307228915,CONTINUE
validation,109,0,MEDIUM,8,0.023795180722891662,0.10972821930745655,0.25679347826086957,0,0.1184236414021462,1.7438172634159155,0.12848268072289143,CONTINUE
validation,109,0,MEDIUM,16,0.0,0.16413834853890558,0.2582653985507246,3,0.23054588414911112,3.504795621594956,0.02646837349397589,CONTINUE
validation,109,0,MEDIUM,32,0.0,0.18123987882600812,0.19825634057971014,4,0.28582583687852553,10.254093518778765,-0.015625,STOP
validation,109,0,RUGGED,4,0.0,0.09187881076415742,0.3344655797101449,3,0.2324158033467274,1.003474516516059,0.1980559593023255,CONTINUE
validation,109,0,RUGGED,8,0.02005813953488378,0.10574701184101129,0.27332427536231885,0,0.11914924009654279,1.7446100022809055,0.1310410610465116,CONTINUE
validation,109,0,RUGGED,16,0.0,0.15834875430673898,0.19463315217391305,1,0.16319412686133555,3.4104512221402015,0.041342659883720975,CONTINUE
validation,109,0,RUGGED,32,0.0,0.15096501951415783,0.208106884057971,8,0.5276555189730936,9.265669548849516,-0.009593023255813949,STOP
validation,109,1,EASY,4,0.061111111111111116,0.07865734332143064,0.35507246376811596,0,0.09491760095973927,0.6501980868913426,0.22032214506172831,CONTINUE
validation,109,1,EASY,8,0.016358024691358053,0.12776171719705826,0.2608695652173913,0,0.1196263010639703,1.3340521298758365,0.13590856481481475,CONTINUE
validation,109,1,EASY,16,0.0,0.17157740744951752,0.21003170289855072,1,0.158968293231298,3.311188945786421,0.0061053240740740755,CONTINUE
validation,109,1,EASY,32,0.0,0.13124006538053937,0.2296195652173913,17,0.9139535400481446,14.179876470467985,0.033767361111111116,CONTINUE
validation,109,1,MEDIUM,4,0.05963855421686748,0.07715350650430755,0.35507246376811596,0,0.09570808524083992,0.6542801787532939,0.21343185240963847,CONTINUE
validation,109,1,MEDIUM,8,0.0066265060240963125,0.1071896597216331,0.2857789855072464,0,0.12482194150074831,1.3635696356268063,0.168495858433735,CONTINUE
validation,109,1,MEDIUM,16,0.0,0.15150874317819862,0.19735054347826086,2,0.20114377495826677,3.0329312575713416,0.07421874999999994,CONTINUE
validation,109,1,MEDIUM,32,0.0,0.11660688939150225,0.1598731884057971,11,0.7211551051373726,9.986321239225298,0.01301769578313243,CONTINUE
validation,109,1,RUGGED,4,0.05755813953488376,0.07419475629899928,0.3747735507246377,0,0.09521171760148055,0.6494971224042414,0.2070494186046512,CONTINUE
validation,109,1,RUGGED,8,0.006395348837209269,0.1130088526996,0.341598731884058,0,0.11824180928886563,1.4090272600570017,0.19345021802325574,CONTINUE
validation,109,1,RUGGED,16,0.0,0.15375758678257198,0.20708786231884058,1,0.16224788020403727,3.015941208075593,0.07148437499999999,CONTINUE
validation,109,1,RUGGED,32,0.0,0.12180745602038304,0.24128170289855072,8,0.5281076729062515,9.182778270970042,0.05240734011627915,CONTINUE
validation,109,2,EASY,4,0.07067901234567892,0.08109444214279317,0.3626585144927536,0,0.09002195344590264,0.6427843350649153,0.22613811728395067,CONTINUE
validation,109,2,EASY,8,0.0,0.09087214704225464,0.25101902173913043,1,0.16657950632877702,1.4392384320675982,0.15251736111111114,CONTINUE
validation,109,2,EASY,16,0.005555555555555536,0.1465186804036186,0.25679347826086957,0,0.12342444948396211,3.5206124276760296,0.08816550925925931,CONTINUE
validation,109,2,EASY,32,0.0,0.12485962456088143,0.29008152173913043,11,0.6921280279901851,10.490579227472049,-0.003751929012345584,STOP
validation,109,2,MEDIUM,4,0.07379518072289154,0.07865002371502057,0.3626585144927536,0,0.0889912504204589,0.6437434351749448,0.2167262801204819,CONTINUE
validation,109,2,MEDIUM,8,0.0,0.08987780456520751,0.25101902173913043,1,0.1667452266427778,1.4422786350382881,0.13751882530120485,CONTINUE
validation,109,2,MEDIUM,16,0.003012048192771122,0.14312148409138586,0.25679347826086957,0,0.12525294628946065,3.5229194167706552,0.08766942771084335,CONTINUE
validation,109,2,MEDIUM,32,0.0,0.1338065660187273,0.26834239130434784,11,0.6944676104541139,10.504392649630649,0.0072759789156626314,CONTINUE
validation,109,2,RUGGED,4,0.01744186046511631,0.08411230868414656,0.3811141304347826,0,0.1121208630187401,0.6212476594277302,0.24543968023255802,CONTINUE
validation,109,2,RUGGED,8,0.0,0.1205560319480023,0.26551177536231885,1,0.15973796794809372,1.2538360638572263,0.07648074127906981,CONTINUE
validation,109,2,RUGGED,16,0.0,0.17184990611728765,0.2307518115942029,5,0.3347070721339815,3.74281357540432,0.007857921511628063,CONTINUE
validation,109,2,RUGGED,32,0.0,0.17832736463029314,0.20244565217391305,3,0.23749934720774052,9.342222068696044,-0.015625,STOP
validation,109,3,EASY,4,0.0012345679012344402,0.0888580729334043,0.3120471014492754,0,0.12732174505724628,0.669958237845114,0.2553530092592593,CONTINUE
validation,109,3,EASY,8,0.0830246913580246,0.11910980183166084,0.3942481884057971,0,0.0792702685478043,1.2475158238372737,0.018624614197530837,CONTINUE
validation,109,3,EASY,16,0.01388888888888884,0.19020285495988917,0.19644474637681159,0,0.11982033733292874,3.0410172508842663,0.005381944444444425,CONTINUE
validation,109,3,EASY,32,0.0,0.1509556005852591,0.23177083333333334,6,0.39821275318523947,9.60911665889869,0.0032986111111111133,CONTINUE
validation,109,3,MEDIUM,4,0.0,0.08466163793011024,0.34669384057971014,1,0.1546890197709749,0.7297002733783563,0.2840832078313252,CONTINUE
validation,109,3,MEDIUM,8,0.15963855421686757,0.10107510599216706,0.26030344202898553,0,0.06417670719665083,1.3736761022872064,0.06710278614457821,CONTINUE
validation,109,3,MEDIUM,16,0.01716867469879524,0.1739077842904553,0.23324275362318841,0,0.11631738136675933,3.6655059316015763,0.013394201807228896,CONTINUE
validation,109,3,MEDIUM,32,0.0,0.17452737739909766,0.1922554347826087,12,0.7499436377033246,11.210899829769907,-0.015625,STOP
validation,109,3,RUGGED,4,0.06395348837209314,0.0867143569326956,0.3923233695652174,0,0.08979438821031643,0.5860202569584929,0.14798328488372098,CONTINUE
validation,109,3,RUGGED,8,0.026453488372092937,0.09532185051971474,0.20165307971014493,0,0.12473810811888537,1.5010378477078166,0.09578488372093025,CONTINUE
validation,109,3,RUGGED,16,0.0,0.15160043544582175,0.2240715579710145,2,0.19686698020202323,3.3233257351601218,0.050690406976744276,CONTINUE
validation,109,3,RUGGED,32,0.013081395348837344,0.13798061684700086,0.2772871376811594,0,0.11833726667015626,10.874110860215396,0.0020712209302325424,CONTINUE
validation,109,4,EASY,4,0.022839506172839474,0.05934859711853575,0.3889266304347826,0,0.11161572188875472,0.664938822646774,0.2727816358024693,CONTINUE
validation,109,4,EASY,8,0.06790123456790109,0.15925464798485586,0.22724184782608695,0,0.09467417916162657,1.3046586808797416,0.05389660493827168,CONTINUE
validation,109,4,EASY,16,0.0,0.1689923089519924,0.17357336956521738,3,0.2448327099192087,3.204037555344478,0.009133873456790231,CONTINUE
validation,109,4,EASY,32,0.0,0.15903883211416991,0.2053894927536232,5,0.34383822610240744,8.92565178632865,-0.015625,STOP
validation,109,4,MEDIUM,4,0.017469879518072218,0.06003053603927911,0.3889266304347826,0,0.11422298752056692,0.6678608794694662,0.25223079819277117,CONTINUE
validation,109,4,MEDIUM,8,0.06626506024096368,0.1572855251295861,0.22724184782608695,0,0.0955817705642638,1.3177228023830647,0.04822100903614471,CONTINUE
validation,109,4,MEDIUM,16,0.0,0.16884339176239488,0.17357336956521738,3,0.24486575132296523,3.2221697663174744,0.008424322289156738,CONTINUE
validation,109,4,MEDIUM,32,0.0,0.1573816958273132,0.2053894927536232,5,0.3442870121013776,8.950883434113308,-0.015625,STOP
validation,109,4,RUGGED,4,0.013081395348837122,0.06295374058094919,0.40274003623188404,0,0.11469137360005237,0.6670145609603493,0.2563590116279071,CONTINUE
validation,109,4,RUGGED,8,0.05319767441860457,0.1389252564886129,0.21954257246376813,0,0.10412197221166036,1.3631019895582102,0.10737645348837216,CONTINUE
validation,109,4,RUGGED,16,0.07703488372093026,0.1631261139782517,0.17515851449275363,0,0.09482593882437881,3.2762971685015922,-0.0011809593023255974,STOP
validation,109,4,RUGGED,32,0.0,0.12697637778162676,0.23845108695652173,16,0.8917919651644427,13.410597243707434,-0.013281250000000001,STOP
validation,109,5,EASY,4,0.07499999999999984,0.08079672348426102,0.3161231884057971,0,0.0921150556608075,0.6951945793606522,0.22716049382716064,CONTINUE
validation,109,5,EASY,8,0.0,0.10992742914598759,0.28023097826086957,1,0.15947441466874848,1.5737905791260485,0.15411844135802477,CONTINUE
validation,109,5,EASY,16,0.06666666666666665,0.11705369551384741,0.25317028985507245,0,0.09735475330748596,3.377068004425833,0.07324459876543205,CONTINUE
validation,109,5,EASY,32,0.0,0.13812030136713616,0.18365036231884058,12,0.7596214557235291,10.856013379274206,0.05748456790123453,CONTINUE
validation,109,5,MEDIUM,4,0.0731927710843372,0.07930337923601158,0.3161231884057971,0,0.09302462144298891,0.6978205193622131,0.23044992469879522,CONTINUE
validation,109,5,MEDIUM,8,0.0,0.1064595822208634,0.28023097826086957,1,0.1600330113530835,1.580853702894038,0.15762424698795185,CONTINUE
validation,109,5,MEDIUM,16,0.0,0.13226509795843888,0.19010416666666666,4,0.29967996863045127,3.6522376568996675,0.06262236445783131,CONTINUE
validation,109,5,MEDIUM,32,0.0,0.14210823686760443,0.18353713768115942,9,0.5977101233909761,9.987536544590496,-0.01457078313253012,STOP
validation,109,5,RUGGED,4,0.07063953488372082,0.07302002669257818,0.2974411231884058,0,0.09636670876123467,0.7178734184539449,0.24631177325581405,CONTINUE
validation,109,5,RUGGED,8,0.03866279069767453,0.11677115474389871,0.3326539855072464,0,0.10283691025282106,1.5398079569144298,0.11439861918604655,CONTINUE
validation,109,5,RUGGED,16,0.0,0.13673561980638846,0.2185235507246377,1,0.16347363775643248,3.163705359503566,0.0281976744186046,CONTINUE
validation,109,5,RUGGED,32,0.0,0.1583786686677012,0.22667572463768115,14,0.8296671133497089,11.927376381838998,-0.01046511627906977,STOP
validation,109,6,EASY,4,0.05339506172839503,0.09169582363739,0.31736865942028986,0,0.10025639755289666,0.6908908536344146,0.18478973765432094,CONTINUE
validation,109,6,EASY,8,0.0,0.08437420616402458,0.3144248188405797,1,0.1590018174522587,1.461857046427407,0.13733603395061716,CONTINUE
validation,109,6,EASY,16,0.0,0.16086074804986042,0.2229393115942029,2,0.19529379076815087,3.626001866514451,0.06721643518518514,CONTINUE
validation,109,6,EASY,32,0.0,0.18264257383305127,0.2086730072463768,10,0.6392604898118542,10.982200929308965,0.013859953703703728,CONTINUE
validation,109,6,MEDIUM,4,0.06174698795180711,0.09018441825755091,0.31736865942028986,0,0.09671016971398999,0.6884381024450054,0.17629894578313254,CONTINUE
validation,109,6,MEDIUM,8,0.0,0.08334132330780955,0.3144248188405797,1,0.1591676283230508,1.4689920506969179,0.13741528614457815,CONTINUE
validation,109,6,MEDIUM,16,0.0,0.15764786309390552,0.2229393115942029,2,0.1959004044090846,3.637470596478172,0.0656061746987951,CONTINUE
validation,109,6,MEDIUM,32,0.0,0.17889352544185322,0.2086730072463768,10,0.6402973044703406,11.008388690188097,0.014278990963855431,CONTINUE
validation,109,6,RUGGED,4,0.07354651162790704,0.08815915140482757,0.31736865942028986,0,0.09188007938241477,0.6851931801623476,0.17779796511627904,CONTINUE
validation,109,6,RUGGED,8,0.007848837209302406,0.08208731252091313,0.3144248188405797,0,0.12431652300245749,1.4310295498616916,0.12156613372093014,CONTINUE
validation,109,6,RUGGED,16,0.0,0.15316981517789116,0.2229393115942029,2,0.19674826487353206,3.6102918481587998,0.06299963662790692,CONTINUE
validation,109,6,RUGGED,32,0.0,0.162859085492646,0.2267889492753623,10,0.6405564586566673,11.000267902262106,0.028170421511627908,CONTINUE
validation,109,7,EASY,4,0.0,0.11537297466819349,0.41225090579710144,1,0.14176606121879443,0.5778267045588543,0.1327739197530864,CONTINUE
validation,109,7,EASY,8,0.0679012345679012,0.10627247630562028,0.2084465579710145,0,0.10197413185978857,1.7768900604952262,0.06975308641975303,CONTINUE
validation,109,7,EASY,16,0.0,0.14417798168176474,0.22486413043478262,1,0.161395989679174,3.5764265039361964,0.01554783950617281,CONTINUE
validation,109,7,EASY,32,0.0,0.1753119173412605,0.1634963768115942,12,0.7551238720738668,11.358644109024889,-0.015625,STOP
validation,109,7,MEDIUM,4,0.0,0.1034494469583998,0.4053442028985507,1,0.14436691824555511,0.5843998779645367,0.13022402108433723,CONTINUE
validation,109,7,MEDIUM,8,0.06626506024096379,0.10682114896311756,0.19791666666666666,0,0.10363920252953768,1.8140609136343138,0.0688253012048192,CONTINUE
validation,109,7,MEDIUM,16,0.0,0.12405415596813317,0.24864130434782608,5,0.34355170865601664,4.265963057253212,0.062085843373493974,CONTINUE
validation,109,7,MEDIUM,32,0.0,0.15495624119569046,0.1800271739130435,4,0.2960925805812499,9.740727099810657,0.010815135542168654,CONTINUE
validation,109,7,RUGGED,4,0.05232558139534871,0.10565922975733205,0.41847826086956524,0,0.09055334294223984,0.5477441082297365,0.1995367005813954,CONTINUE
validation,109,7,RUGGED,8,0.0,0.13492420210751566,0.24490489130434784,1,0.16019015218341545,1.249269362024143,0.0867460029069767,CONTINUE
validation,109,7,RUGGED,16,0.0,0.18876913462475253,0.21105072463768115,4,0.2813907071068683,3.2284679794638746,0.02652616279069761,CONTINUE
validation,109,7,RUGGED,32,0.0,0.2162773084556861,0.17832880434782608,15,0.8596201237716152,12.49644956657769,-0.015625,STOP
validation,109,8,EASY,4,0.0,0.08269381316701102,0.38881340579710144,1,0.14956130129179296,0.6810155423955776,0.21987847222222223,CONTINUE
validation,109,8,EASY,8,0.0,0.114460523013231,0.3404664855072464,1,0.15086675170763322,1.4526733391591968,0.11548032407407388,CONTINUE
validation,109,8,EASY,16,0.0,0.1562644068617685,0.22282608695652173,1,0.15971590829500854,3.7649052132654006,0.06841242283950609,CONTINUE
validation,109,8,EASY,32,0.0,0.15927175280024142,0.19984148550724637,9,0.5888061879156824,9.876383401522034,0.00745563271604939,CONTINUE
validation,109,8,MEDIUM,4,0.0,0.08153707737696773,0.38881340579710144,1,0.1497379412314003,0.687869692681412,0.21215173192771075,CONTINUE
validation,109,8,MEDIUM,8,0.0,0.12837176247134566,0.4047780797101449,1,0.14078029249546548,1.4056045519183993,0.14182981927710847,CONTINUE
validation,109,8,MEDIUM,16,0.0,0.17204404445712027,0.2632472826086957,1,0.15190979207068198,3.0634011054775496,0.07649661144578312,CONTINUE
validation,109,8,MEDIUM,32,0.0,0.1716746252494968,0.21976902173913043,2,0.19375728388229835,8.218477529087501,-0.0038215361445782803,STOP
validation,109,8,RUGGED,4,0.020930232558139528,0.08951381234545566,0.34057971014492755,0,0.11378514462820942,0.646970514514097,0.16931322674418592,CONTINUE
validation,109,8,RUGGED,8,0.0,0.10563946644451046,0.24682971014492755,3,0.24534467376720545,1.674019217372103,0.12736191860465107,CONTINUE
validation,109,8,RUGGED,16,0.02005813953488378,0.16117018810964034,0.2475090579710145,0,0.11494419178766885,3.246133652000826,0.05406976744186043,CONTINUE
validation,109,8,RUGGED,32,0.0,0.16288685428328775,0.22339221014492755,2,0.19484092106159942,7.708241528682468,-0.0011355377906976626,STOP
validation,109,9,EASY,4,0.06666666666666676,0.07572606040400878,0.23448822463768115,0,0.1035217004165642,0.6816843075157035,0.15188078703703695,CONTINUE
validation,109,9,EASY,8,0.0,0.07604321299265206,0.22701539855072464,2,0.21110672168722067,1.6817460022962565,0.14139660493827155,CONTINUE
validation,109,9,EASY,16,0.0,0.1299748815353992,0.1503623188405797,3,0.2580110041935091,3.6594082682719016,0.07489390432098775,CONTINUE
validation,109,9,EASY,32,0.0,0.16177556993778258,0.20572916666666666,10,0.6456883695470722,10.231839231658478,0.0013310185185184814,CONTINUE
validation,109,9,MEDIUM,4,0.0626506024096386,0.07282223816574024,0.23448822463768115,0,0.10572916282516703,0.6907741284959297,0.1550263554216867,CONTINUE
validation,109,9,MEDIUM,8,0.0,0.07195491352394652,0.22701539855072464,2,0.2119249214572032,1.6924754511130684,0.1435240963855422,CONTINUE
validation,109,9,MEDIUM,16,0.0,0.12712350101349182,0.1503623188405797,3,0.25866659286477944,3.675731593365938,0.06980421686746988,CONTINUE
validation,109,9,MEDIUM,32,0.0,0.15857660949116822,0.20572916666666666,10,0.6465660878187229,10.264340336067104,0.0006588855421686551,CONTINUE
validation,109,9,RUGGED,4,0.05697674418604637,0.06888976834532062,0.23448822463768115,0,0.1088987343128902,0.6981906707386782,0.16160065406976754,CONTINUE
validation,109,9,RUGGED,8,0.0,0.06628695719075345,0.22701539855072464,2,0.21306309231470152,1.699717306346539,0.13834484011627912,CONTINUE
validation,109,9,RUGGED,16,0.0,0.11808673376535714,0.15772192028985507,3,0.2593353396502283,3.684609224520529,0.06951308139534884,CONTINUE
validation,109,9,RUGGED,32,0.0,0.15489709293023837,0.2193161231884058,12,0.7492858984537139,11.465182401229965,-0.008066860465116267,STOP
validation,109,10,EASY,4,0.0,0.09893957204560355,0.33842844202898553,1,0.15353296889297785,0.7475330211781174,0.21178626543209877,CONTINUE
validation,109,10,EASY,8,0.09691358024691354,0.13722717786351024,0.2497735507246377,0,0.0832479098401797,1.434688754538777,0.0557098765432099,CONTINUE
validation,109,10,EASY,16,0.0,0.12873253286165634,0.223731884057971,5,0.34791631606796425,3.8532859223294706,0.01007908950617277,CONTINUE
validation,109,10,EASY,32,0.0,0.18440072868478333,0.20221920289855072,4,0.28424526651653453,10.341700618103726,-0.015625,STOP
validation,109,10,MEDIUM,4,0.0,0.09233478697342212,0.3970788043478261,1,0.14705598486807517,0.696740218151024,0.20334149096385545,CONTINUE
validation,109,10,MEDIUM,8,0.09698795180722897,0.13781585222828047,0.25939764492753625,0,0.0824347648716253,1.3915781530384548,0.06458019578313245,CONTINUE
validation,109,10,MEDIUM,16,0.0,0.13201424446536905,0.2056159420289855,1,0.16602943232336503,4.011905924012435,0.012076430722891648,CONTINUE
validation,109,10,MEDIUM,32,0.0,0.18922208364594623,0.19599184782608695,3,0.2363026184279512,9.107540889599566,0.029273343373494035,CONTINUE
validation,109,10,RUGGED,4,0.07645348837209287,0.0975083085956144,0.2875905797101449,0,0.09221640363222364,0.6215638259885236,0.11200944767441873,CONTINUE
validation,109,10,RUGGED,8,0.0,0.13803319019503762,0.23618659420289856,1,0.1608622561295875,1.4668437920805524,0.03758175872093027,CONTINUE
validation,109,10,RUGGED,16,0.07005813953488371,0.1115629883034413,0.16496829710144928,0,0.10441212097264345,4.933791815721375,0.0036973110465116435,CONTINUE
validation,109,10,RUGGED,32,0.0,0.1503675617123507,0.2185235507246377,4,0.28926331376364944,11.555463273245728,-0.00843023255813954,STOP
validation,109,11,EASY,4,0.016358024691357942,0.07937842753109692,0.19802989130434784,0,0.13295569462554838,0.7013585635617006,0.22096836419753085,CONTINUE
validation,109,11,EASY,8,0.03703703703703687,0.1439061017360225,0.2523777173913043,0,0.10810453824804822,1.3795347259806734,0.04160879629629635,CONTINUE
validation,109,11,EASY,16,0.0,0.17636971586064115,0.1933876811594203,2,0.19701892745096206,3.374522361697973,-0.008680555555555566,STOP
validation,109,11,EASY,32,0.0,0.18077450538649983,0.2313179347826087,6,0.38977755708754513,10.997581334183371,-0.015625,STOP
validation,109,11,MEDIUM,4,0.02078313253012043,0.07671028408066909,0.19236865942028986,0,0.13143423841405977,0.705903629865971,0.21820406626506028,CONTINUE
validation,109,11,MEDIUM,8,0.04096385542168657,0.14213418349813514,0.2523777173913043,0,0.10642801887319973,1.3832097118613602,0.050988328313253145,CONTINUE
validation,109,11,MEDIUM,16,0.0,0.1718113739633198,0.23584692028985507,1,0.15551030041943778,3.953447348640536,0.013064759036144541,CONTINUE
validation,109,11,MEDIUM,32,0.0,0.18945282148759826,0.20516304347826086,4,0.2824164911299947,9.617074801252489,0.006824171686747017,CONTINUE
validation,109,11,RUGGED,4,0.040116279069767447,0.07590788713419415,0.19599184782608695,0,0.12050435620776509,0.7396711246915648,0.20565952034883717,CONTINUE
validation,109,11,RUGGED,8,0.02005813953488378,0.13214144613335085,0.2162590579710145,0,0.12184006524415184,1.4418511470549287,0.05330668604651154,CONTINUE
validation,109,11,RUGGED,16,0.0,0.18569654052065454,0.19463315217391305,4,0.28547388339454116,3.7165418615895796,0.015933866279069724,CONTINUE
validation,109,11,RUGGED,32,0.0,0.1926818669428881,0.2090126811594203,10,0.6363991078209685,10.440016955156919,-0.015625,STOP
